{
    "form": [
        {
            "box": [
                41,
                127,
                84,
                144
            ],
            "text": "Brand",
            "label": "question",
            "words": [
                {
                    "box": [
                        41,
                        127,
                        84,
                        144
                    ],
                    "text": "Brand"
                }
            ],
            "linking": [
                [
                    0,
                    46
                ]
            ]
        },
        {
            "box": [
                41,
                154,
                87,
                172
            ],
            "text": "Title",
            "label": "question",
            "words": [
                {
                    "box": [
                        41,
                        154,
                        87,
                        172
                    ],
                    "text": "Title"
                }
            ],
            "linking": [
                [
                    1,
                    50
                ]
            ]
        },
        {
            "box": [
                41,
                211,
                77,
                226
            ],
            "text": "Size",
            "label": "question",
            "words": [
                {
                    "box": [
                        41,
                        211,
                        77,
                        226
                    ],
                    "text": "Size"
                }
            ],
            "linking": [
                [
                    2,
                    52
                ]
            ]
        },
        {
            "box": [
                39,
                239,
                110,
                253
            ],
            "text": "Magazine",
            "label": "question",
            "words": [
                {
                    "box": [
                        39,
                        239,
                        110,
                        253
                    ],
                    "text": "Magazine"
                }
            ],
            "linking": [
                [
                    3,
                    18
                ]
            ]
        },
        {
            "box": [
                41,
                295,
                112,
                309
            ],
            "text": "Location",
            "label": "question",
            "words": [
                {
                    "box": [
                        41,
                        295,
                        112,
                        309
                    ],
                    "text": "Location"
                }
            ],
            "linking": [
                [
                    4,
                    55
                ],
                [
                    4,
                    56
                ]
            ]
        },
        {
            "box": [
                496,
                204,
                502,
                210
            ],
            "text": "",
            "label": "question",
            "words": [
                {
                    "box": [
                        496,
                        204,
                        502,
                        210
                    ],
                    "text": ""
                }
            ],
            "linking": []
        },
        {
            "box": [
                182,
                394,
                225,
                409
            ],
            "text": "SCORE",
            "label": "question",
            "words": [
                {
                    "box": [
                        182,
                        394,
                        225,
                        409
                    ],
                    "text": "SCORE"
                }
            ],
            "linking": [
                [
                    11,
                    6
                ],
                [
                    6,
                    19
                ],
                [
                    6,
                    29
                ],
                [
                    6,
                    30
                ],
                [
                    6,
                    37
                ],
                [
                    6,
                    38
                ]
            ]
        },
        {
            "box": [
                250,
                394,
                282,
                409
            ],
            "text": "BASE",
            "label": "question",
            "words": [
                {
                    "box": [
                        250,
                        394,
                        282,
                        409
                    ],
                    "text": "BASE"
                }
            ],
            "linking": [
                [
                    11,
                    7
                ],
                [
                    7,
                    20
                ],
                [
                    7,
                    27
                ],
                [
                    7,
                    28
                ],
                [
                    7,
                    35
                ],
                [
                    7,
                    36
                ]
            ]
        },
        {
            "box": [
                337,
                394,
                382,
                407
            ],
            "text": "SCORE",
            "label": "question",
            "words": [
                {
                    "box": [
                        337,
                        394,
                        382,
                        407
                    ],
                    "text": "SCORE"
                }
            ],
            "linking": [
                [
                    59,
                    8
                ],
                [
                    8,
                    21
                ],
                [
                    8,
                    25
                ],
                [
                    8,
                    26
                ],
                [
                    8,
                    33
                ],
                [
                    8,
                    34
                ],
                [
                    8,
                    41
                ],
                [
                    8,
                    44
                ]
            ]
        },
        {
            "box": [
                404,
                394,
                438,
                407
            ],
            "text": "BASE",
            "label": "question",
            "words": [
                {
                    "box": [
                        404,
                        394,
                        438,
                        407
                    ],
                    "text": "BASE"
                }
            ],
            "linking": [
                [
                    59,
                    9
                ],
                [
                    9,
                    22
                ],
                [
                    9,
                    23
                ],
                [
                    9,
                    24
                ],
                [
                    9,
                    31
                ],
                [
                    9,
                    32
                ],
                [
                    9,
                    42
                ],
                [
                    9,
                    43
                ]
            ]
        },
        {
            "box": [
                542,
                376,
                613,
                393
            ],
            "text": "COMMENTS",
            "label": "question",
            "words": [
                {
                    "box": [
                        542,
                        376,
                        613,
                        393
                    ],
                    "text": "COMMENTS"
                }
            ],
            "linking": [
                [
                    10,
                    60
                ]
            ]
        },
        {
            "box": [
                222,
                377,
                250,
                394
            ],
            "text": "PM6",
            "label": "header",
            "words": [
                {
                    "box": [
                        222,
                        377,
                        250,
                        394
                    ],
                    "text": "PM6"
                }
            ],
            "linking": [
                [
                    11,
                    6
                ],
                [
                    11,
                    7
                ]
            ]
        },
        {
            "box": [
                39,
                454,
                106,
                472
            ],
            "text": "OVERALL",
            "label": "question",
            "words": [
                {
                    "box": [
                        39,
                        454,
                        106,
                        472
                    ],
                    "text": "OVERALL"
                }
            ],
            "linking": [
                [
                    12,
                    19
                ],
                [
                    12,
                    20
                ],
                [
                    12,
                    21
                ],
                [
                    12,
                    22
                ]
            ]
        },
        {
            "box": [
                41,
                511,
                76,
                524
            ],
            "text": "SEX:",
            "label": "header",
            "words": [
                {
                    "box": [
                        41,
                        511,
                        76,
                        524
                    ],
                    "text": "SEX:"
                }
            ],
            "linking": [
                [
                    13,
                    15
                ],
                [
                    13,
                    16
                ]
            ]
        },
        {
            "box": [
                41,
                595,
                76,
                609
            ],
            "text": "AGE:",
            "label": "header",
            "words": [
                {
                    "box": [
                        41,
                        595,
                        76,
                        609
                    ],
                    "text": "AGE:"
                }
            ],
            "linking": [
                [
                    14,
                    61
                ],
                [
                    14,
                    63
                ],
                [
                    14,
                    62
                ],
                [
                    14,
                    64
                ]
            ]
        },
        {
            "box": [
                41,
                525,
                77,
                538
            ],
            "text": "Male",
            "label": "question",
            "words": [
                {
                    "box": [
                        41,
                        525,
                        77,
                        538
                    ],
                    "text": "Male"
                }
            ],
            "linking": [
                [
                    13,
                    15
                ],
                [
                    15,
                    29
                ],
                [
                    15,
                    27
                ],
                [
                    15,
                    25
                ],
                [
                    15,
                    23
                ]
            ]
        },
        {
            "box": [
                41,
                538,
                93,
                553
            ],
            "text": "Female",
            "label": "question",
            "words": [
                {
                    "box": [
                        41,
                        538,
                        93,
                        553
                    ],
                    "text": "Female"
                }
            ],
            "linking": [
                [
                    13,
                    16
                ],
                [
                    16,
                    30
                ],
                [
                    16,
                    28
                ],
                [
                    16,
                    26
                ],
                [
                    16,
                    24
                ]
            ]
        },
        {
            "box": [
                568,
                154,
                597,
                169
            ],
            "text": "214",
            "label": "answer",
            "words": [
                {
                    "box": [
                        568,
                        154,
                        597,
                        169
                    ],
                    "text": "214"
                }
            ],
            "linking": [
                [
                    48,
                    17
                ]
            ]
        },
        {
            "box": [
                138,
                239,
                177,
                254
            ],
            "text": "TIME",
            "label": "answer",
            "words": [
                {
                    "box": [
                        138,
                        239,
                        177,
                        254
                    ],
                    "text": "TIME"
                }
            ],
            "linking": [
                [
                    3,
                    18
                ]
            ]
        },
        {
            "box": [
                194,
                455,
                221,
                469
            ],
            "text": "1.0",
            "label": "answer",
            "words": [
                {
                    "box": [
                        194,
                        455,
                        221,
                        469
                    ],
                    "text": "1.0"
                }
            ],
            "linking": [
                [
                    12,
                    19
                ],
                [
                    6,
                    19
                ]
            ]
        },
        {
            "box": [
                247,
                455,
                282,
                472
            ],
            "text": "(.97)",
            "label": "answer",
            "words": [
                {
                    "box": [
                        247,
                        455,
                        282,
                        472
                    ],
                    "text": "(.97)"
                }
            ],
            "linking": [
                [
                    12,
                    20
                ],
                [
                    7,
                    20
                ]
            ]
        },
        {
            "box": [
                351,
                457,
                371,
                471
            ],
            "text": "31",
            "label": "answer",
            "words": [
                {
                    "box": [
                        351,
                        457,
                        371,
                        471
                    ],
                    "text": "31"
                }
            ],
            "linking": [
                [
                    12,
                    21
                ],
                [
                    8,
                    21
                ]
            ]
        },
        {
            "box": [
                399,
                453,
                440,
                470
            ],
            "text": "(167)",
            "label": "answer",
            "words": [
                {
                    "box": [
                        399,
                        453,
                        440,
                        470
                    ],
                    "text": "(167)"
                }
            ],
            "linking": [
                [
                    12,
                    22
                ],
                [
                    9,
                    22
                ]
            ]
        },
        {
            "box": [
                404,
                524,
                439,
                539
            ],
            "text": "(83)",
            "label": "answer",
            "words": [
                {
                    "box": [
                        404,
                        524,
                        439,
                        539
                    ],
                    "text": "(83)"
                }
            ],
            "linking": [
                [
                    15,
                    23
                ],
                [
                    9,
                    23
                ]
            ]
        },
        {
            "box": [
                404,
                539,
                439,
                552
            ],
            "text": "(84)",
            "label": "answer",
            "words": [
                {
                    "box": [
                        404,
                        539,
                        439,
                        552
                    ],
                    "text": "(84)"
                }
            ],
            "linking": [
                [
                    16,
                    24
                ],
                [
                    9,
                    24
                ]
            ]
        },
        {
            "box": [
                352,
                524,
                372,
                538
            ],
            "text": "31",
            "label": "answer",
            "words": [
                {
                    "box": [
                        352,
                        524,
                        372,
                        538
                    ],
                    "text": "31"
                }
            ],
            "linking": [
                [
                    15,
                    25
                ],
                [
                    8,
                    25
                ]
            ]
        },
        {
            "box": [
                352,
                541,
                372,
                552
            ],
            "text": "31",
            "label": "answer",
            "words": [
                {
                    "box": [
                        352,
                        541,
                        372,
                        552
                    ],
                    "text": "31"
                }
            ],
            "linking": [
                [
                    16,
                    26
                ],
                [
                    8,
                    26
                ]
            ]
        },
        {
            "box": [
                247,
                524,
                283,
                541
            ],
            "text": "(51)",
            "label": "answer",
            "words": [
                {
                    "box": [
                        247,
                        524,
                        283,
                        541
                    ],
                    "text": "(51)"
                }
            ],
            "linking": [
                [
                    15,
                    27
                ],
                [
                    7,
                    27
                ]
            ]
        },
        {
            "box": [
                246,
                541,
                284,
                555
            ],
            "text": "(46)",
            "label": "answer",
            "words": [
                {
                    "box": [
                        246,
                        541,
                        284,
                        555
                    ],
                    "text": "(46)"
                }
            ],
            "linking": [
                [
                    16,
                    28
                ],
                [
                    7,
                    28
                ]
            ]
        },
        {
            "box": [
                194,
                525,
                222,
                540
            ],
            "text": "2.0",
            "label": "answer",
            "words": [
                {
                    "box": [
                        194,
                        525,
                        222,
                        540
                    ],
                    "text": "2.0"
                }
            ],
            "linking": [
                [
                    15,
                    29
                ],
                [
                    6,
                    29
                ]
            ]
        },
        {
            "box": [
                194,
                541,
                225,
                554
            ],
            "text": "0.0",
            "label": "answer",
            "words": [
                {
                    "box": [
                        194,
                        541,
                        225,
                        554
                    ],
                    "text": "0.0"
                }
            ],
            "linking": [
                [
                    16,
                    30
                ],
                [
                    6,
                    30
                ]
            ]
        },
        {
            "box": [
                404,
                704,
                443,
                718
            ],
            "text": "(81)",
            "label": "answer",
            "words": [
                {
                    "box": [
                        404,
                        704,
                        443,
                        718
                    ],
                    "text": "(81)"
                }
            ],
            "linking": [
                [
                    65,
                    31
                ],
                [
                    9,
                    31
                ]
            ]
        },
        {
            "box": [
                402,
                718,
                443,
                735
            ],
            "text": "(86)",
            "label": "answer",
            "words": [
                {
                    "box": [
                        402,
                        718,
                        443,
                        735
                    ],
                    "text": "(86)"
                }
            ],
            "linking": [
                [
                    66,
                    32
                ],
                [
                    9,
                    32
                ]
            ]
        },
        {
            "box": [
                352,
                703,
                374,
                718
            ],
            "text": "33",
            "label": "answer",
            "words": [
                {
                    "box": [
                        352,
                        703,
                        374,
                        718
                    ],
                    "text": "33"
                }
            ],
            "linking": [
                [
                    65,
                    33
                ],
                [
                    8,
                    33
                ]
            ]
        },
        {
            "box": [
                355,
                721,
                373,
                736
            ],
            "text": "29",
            "label": "answer",
            "words": [
                {
                    "box": [
                        355,
                        721,
                        373,
                        736
                    ],
                    "text": "29"
                }
            ],
            "linking": [
                [
                    66,
                    34
                ],
                [
                    8,
                    34
                ]
            ]
        },
        {
            "box": [
                250,
                703,
                288,
                721
            ],
            "text": "(42)",
            "label": "answer",
            "words": [
                {
                    "box": [
                        250,
                        703,
                        288,
                        721
                    ],
                    "text": "(42)"
                }
            ],
            "linking": [
                [
                    65,
                    35
                ],
                [
                    7,
                    35
                ]
            ]
        },
        {
            "box": [
                250,
                719,
                288,
                736
            ],
            "text": "(55)",
            "label": "answer",
            "words": [
                {
                    "box": [
                        250,
                        719,
                        288,
                        736
                    ],
                    "text": "(55)"
                }
            ],
            "linking": [
                [
                    66,
                    36
                ],
                [
                    7,
                    36
                ]
            ]
        },
        {
            "box": [
                196,
                703,
                225,
                718
            ],
            "text": "2.4",
            "label": "answer",
            "words": [
                {
                    "box": [
                        196,
                        703,
                        225,
                        718
                    ],
                    "text": "2.4"
                }
            ],
            "linking": [
                [
                    65,
                    37
                ],
                [
                    6,
                    37
                ]
            ]
        },
        {
            "box": [
                196,
                718,
                228,
                735
            ],
            "text": "0.0",
            "label": "answer",
            "words": [
                {
                    "box": [
                        196,
                        718,
                        228,
                        735
                    ],
                    "text": "0.0"
                }
            ],
            "linking": [
                [
                    66,
                    38
                ],
                [
                    6,
                    38
                ]
            ]
        },
        {
            "box": [
                570,
                830,
                634,
                847
            ],
            "text": "4/19/74",
            "label": "answer",
            "words": [
                {
                    "box": [
                        570,
                        830,
                        634,
                        847
                    ],
                    "text": "4/19/74"
                }
            ],
            "linking": [
                [
                    70,
                    39
                ]
            ]
        },
        {
            "box": [
                500,
                892,
                613,
                912
            ],
            "text": "770205964",
            "label": "other",
            "words": [
                {
                    "box": [
                        500,
                        892,
                        613,
                        912
                    ],
                    "text": "770205964"
                }
            ],
            "linking": []
        },
        {
            "box": [
                356,
                786,
                374,
                801
            ],
            "text": "33",
            "label": "answer",
            "words": [
                {
                    "box": [
                        356,
                        786,
                        374,
                        801
                    ],
                    "text": "33"
                }
            ],
            "linking": [
                [
                    68,
                    41
                ],
                [
                    8,
                    41
                ]
            ]
        },
        {
            "box": [
                405,
                788,
                444,
                805
            ],
            "text": "(42)",
            "label": "answer",
            "words": [
                {
                    "box": [
                        405,
                        788,
                        444,
                        805
                    ],
                    "text": "(42)"
                }
            ],
            "linking": [
                [
                    68,
                    42
                ],
                [
                    9,
                    42
                ]
            ]
        },
        {
            "box": [
                406,
                803,
                445,
                818
            ],
            "text": "(125)",
            "label": "answer",
            "words": [
                {
                    "box": [
                        406,
                        803,
                        445,
                        818
                    ],
                    "text": "(125)"
                }
            ],
            "linking": [
                [
                    69,
                    43
                ],
                [
                    9,
                    43
                ]
            ]
        },
        {
            "box": [
                356,
                806,
                376,
                820
            ],
            "text": "30",
            "label": "answer",
            "words": [
                {
                    "box": [
                        356,
                        806,
                        376,
                        820
                    ],
                    "text": "30"
                }
            ],
            "linking": [
                [
                    69,
                    44
                ],
                [
                    8,
                    44
                ]
            ]
        },
        {
            "text": "MAGAZINE SCORES AUDIENCE STUDIES",
            "box": [
                279,
                36,
                412,
                83
            ],
            "linking": [],
            "label": "header",
            "words": [
                {
                    "text": "MAGAZINE",
                    "box": [
                        279,
                        36,
                        345,
                        53
                    ]
                },
                {
                    "text": "SCORES",
                    "box": [
                        351,
                        36,
                        404,
                        53
                    ]
                },
                {
                    "text": "AUDIENCE",
                    "box": [
                        281,
                        63,
                        347,
                        83
                    ]
                },
                {
                    "text": "STUDIES",
                    "box": [
                        352,
                        64,
                        412,
                        81
                    ]
                }
            ]
        },
        {
            "text": "SALEM (RJR)",
            "box": [
                138,
                124,
                236,
                143
            ],
            "linking": [
                [
                    0,
                    46
                ]
            ],
            "label": "answer",
            "words": [
                {
                    "text": "SALEM",
                    "box": [
                        138,
                        126,
                        184,
                        143
                    ]
                },
                {
                    "text": "(RJR)",
                    "box": [
                        194,
                        124,
                        236,
                        142
                    ]
                }
            ]
        },
        {
            "text": "Project #",
            "box": [
                459,
                127,
                538,
                145
            ],
            "linking": [
                [
                    47,
                    49
                ]
            ],
            "label": "question",
            "words": [
                {
                    "text": "Project",
                    "box": [
                        459,
                        127,
                        519,
                        144
                    ]
                },
                {
                    "text": "#",
                    "box": [
                        525,
                        127,
                        538,
                        145
                    ]
                }
            ]
        },
        {
            "text": "Total Sample",
            "box": [
                458,
                154,
                564,
                172
            ],
            "linking": [
                [
                    48,
                    17
                ]
            ],
            "label": "question",
            "words": [
                {
                    "text": "Total",
                    "box": [
                        458,
                        154,
                        505,
                        172
                    ]
                },
                {
                    "text": "Sample",
                    "box": [
                        508,
                        155,
                        564,
                        172
                    ]
                }
            ]
        },
        {
            "text": "74- 80",
            "box": [
                568,
                123,
                612,
                141
            ],
            "linking": [
                [
                    47,
                    49
                ]
            ],
            "label": "answer",
            "words": [
                {
                    "text": "74-",
                    "box": [
                        568,
                        123,
                        595,
                        141
                    ]
                },
                {
                    "text": "80",
                    "box": [
                        594,
                        123,
                        612,
                        138
                    ]
                }
            ]
        },
        {
            "text": "\"HEAD IN WATER\"",
            "box": [
                141,
                152,
                266,
                169
            ],
            "linking": [
                [
                    1,
                    50
                ]
            ],
            "label": "answer",
            "words": [
                {
                    "text": "\"HEAD",
                    "box": [
                        141,
                        152,
                        180,
                        169
                    ]
                },
                {
                    "text": "IN",
                    "box": [
                        189,
                        155,
                        210,
                        169
                    ]
                },
                {
                    "text": "WATER\"",
                    "box": [
                        214,
                        155,
                        266,
                        169
                    ]
                }
            ]
        },
        {
            "text": "Code #",
            "box": [
                41,
                182,
                90,
                203
            ],
            "linking": [],
            "label": "question",
            "words": [
                {
                    "text": "Code",
                    "box": [
                        41,
                        182,
                        73,
                        200
                    ]
                },
                {
                    "text": "#",
                    "box": [
                        80,
                        182,
                        90,
                        203
                    ]
                }
            ]
        },
        {
            "text": "FULL PAGE",
            "box": [
                137,
                209,
                220,
                226
            ],
            "linking": [
                [
                    2,
                    52
                ]
            ],
            "label": "answer",
            "words": [
                {
                    "text": "FULL",
                    "box": [
                        137,
                        209,
                        175,
                        226
                    ]
                },
                {
                    "text": "PAGE",
                    "box": [
                        179,
                        211,
                        220,
                        225
                    ]
                }
            ]
        },
        {
            "text": "Field Date",
            "box": [
                39,
                267,
                127,
                284
            ],
            "linking": [
                [
                    53,
                    54
                ]
            ],
            "label": "question",
            "words": [
                {
                    "text": "Field",
                    "box": [
                        39,
                        267,
                        85,
                        284
                    ]
                },
                {
                    "text": "Date",
                    "box": [
                        89,
                        267,
                        127,
                        282
                    ]
                }
            ]
        },
        {
            "text": "WEEK OF MARCH 25, 1974",
            "box": [
                138,
                265,
                323,
                284
            ],
            "linking": [
                [
                    53,
                    54
                ]
            ],
            "label": "answer",
            "words": [
                {
                    "text": "WEEK",
                    "box": [
                        138,
                        267,
                        174,
                        282
                    ]
                },
                {
                    "text": "OF",
                    "box": [
                        180,
                        267,
                        200,
                        281
                    ]
                },
                {
                    "text": "MARCH",
                    "box": [
                        205,
                        267,
                        252,
                        282
                    ]
                },
                {
                    "text": "25,",
                    "box": [
                        254,
                        267,
                        279,
                        284
                    ]
                },
                {
                    "text": "1974",
                    "box": [
                        288,
                        265,
                        323,
                        280
                    ]
                }
            ]
        },
        {
            "text": "CHICAGO, DALLAS/ FORT WORTH, INDIANAPOLIS, LOS ANGELES",
            "box": [
                138,
                292,
                584,
                312
            ],
            "linking": [
                [
                    4,
                    55
                ]
            ],
            "label": "answer",
            "words": [
                {
                    "text": "CHICAGO,",
                    "box": [
                        138,
                        295,
                        205,
                        312
                    ]
                },
                {
                    "text": "DALLAS/",
                    "box": [
                        215,
                        293,
                        272,
                        310
                    ]
                },
                {
                    "text": "FORT",
                    "box": [
                        272,
                        295,
                        306,
                        310
                    ]
                },
                {
                    "text": "WORTH,",
                    "box": [
                        313,
                        295,
                        363,
                        310
                    ]
                },
                {
                    "text": "INDIANAPOLIS,",
                    "box": [
                        370,
                        293,
                        478,
                        308
                    ]
                },
                {
                    "text": "LOS",
                    "box": [
                        485,
                        293,
                        516,
                        306
                    ]
                },
                {
                    "text": "ANGELES",
                    "box": [
                        520,
                        292,
                        584,
                        306
                    ]
                }
            ]
        },
        {
            "text": "MEMPHIS, PHILADELPHIA, PITTSBURGH",
            "box": [
                138,
                321,
                417,
                338
            ],
            "linking": [
                [
                    4,
                    56
                ]
            ],
            "label": "answer",
            "words": [
                {
                    "text": "MEMPHIS,",
                    "box": [
                        138,
                        323,
                        205,
                        338
                    ]
                },
                {
                    "text": "PHILADELPHIA,",
                    "box": [
                        215,
                        321,
                        321,
                        338
                    ]
                },
                {
                    "text": "PITTSBURGH",
                    "box": [
                        330,
                        324,
                        417,
                        337
                    ]
                }
            ]
        },
        {
            "text": "Sample Description",
            "box": [
                41,
                356,
                195,
                373
            ],
            "linking": [
                [
                    57,
                    58
                ]
            ],
            "label": "question",
            "words": [
                {
                    "text": "Sample",
                    "box": [
                        41,
                        356,
                        91,
                        373
                    ]
                },
                {
                    "text": "Description",
                    "box": [
                        99,
                        356,
                        195,
                        373
                    ]
                }
            ]
        },
        {
            "text": "MALE AND FEMALE MENTHOL SMOKERS",
            "box": [
                204,
                359,
                462,
                376
            ],
            "linking": [
                [
                    57,
                    58
                ]
            ],
            "label": "answer",
            "words": [
                {
                    "text": "MALE",
                    "box": [
                        204,
                        359,
                        243,
                        374
                    ]
                },
                {
                    "text": "AND",
                    "box": [
                        249,
                        360,
                        276,
                        373
                    ]
                },
                {
                    "text": "FEMALE",
                    "box": [
                        281,
                        360,
                        334,
                        373
                    ]
                },
                {
                    "text": "MENTHOL",
                    "box": [
                        337,
                        359,
                        398,
                        376
                    ]
                },
                {
                    "text": "SMOKERS",
                    "box": [
                        401,
                        360,
                        462,
                        375
                    ]
                }
            ]
        },
        {
            "text": "PROVED RECALL",
            "box": [
                330,
                377,
                435,
                394
            ],
            "linking": [
                [
                    59,
                    8
                ],
                [
                    59,
                    9
                ]
            ],
            "label": "header",
            "words": [
                {
                    "text": "PROVED",
                    "box": [
                        330,
                        377,
                        382,
                        394
                    ]
                },
                {
                    "text": "RECALL",
                    "box": [
                        385,
                        378,
                        435,
                        391
                    ]
                }
            ]
        },
        {
            "text": "Tested among a half sample of smokers. Sub- group scores subject to wide variation because of small sample size and should be averaged across several ads for meaningful infor- mation.",
            "box": [
                471,
                454,
                693,
                566
            ],
            "linking": [
                [
                    10,
                    60
                ]
            ],
            "label": "answer",
            "words": [
                {
                    "text": "Tested",
                    "box": [
                        472,
                        457,
                        524,
                        471
                    ]
                },
                {
                    "text": "among",
                    "box": [
                        531,
                        455,
                        573,
                        470
                    ]
                },
                {
                    "text": "a",
                    "box": [
                        578,
                        457,
                        592,
                        470
                    ]
                },
                {
                    "text": "half",
                    "box": [
                        596,
                        455,
                        634,
                        470
                    ]
                },
                {
                    "text": "sample",
                    "box": [
                        640,
                        454,
                        690,
                        472
                    ]
                },
                {
                    "text": "of",
                    "box": [
                        471,
                        471,
                        492,
                        485
                    ]
                },
                {
                    "text": "smokers.",
                    "box": [
                        496,
                        472,
                        564,
                        485
                    ]
                },
                {
                    "text": "Sub-",
                    "box": [
                        578,
                        469,
                        616,
                        482
                    ]
                },
                {
                    "text": "group",
                    "box": [
                        615,
                        471,
                        656,
                        485
                    ]
                },
                {
                    "text": "scores",
                    "box": [
                        473,
                        486,
                        525,
                        496
                    ]
                },
                {
                    "text": "subject",
                    "box": [
                        529,
                        483,
                        590,
                        497
                    ]
                },
                {
                    "text": "to",
                    "box": [
                        596,
                        485,
                        614,
                        498
                    ]
                },
                {
                    "text": "wide",
                    "box": [
                        619,
                        483,
                        660,
                        494
                    ]
                },
                {
                    "text": "variation",
                    "box": [
                        473,
                        499,
                        551,
                        512
                    ]
                },
                {
                    "text": "because",
                    "box": [
                        553,
                        499,
                        617,
                        510
                    ]
                },
                {
                    "text": "of",
                    "box": [
                        620,
                        497,
                        641,
                        510
                    ]
                },
                {
                    "text": "small",
                    "box": [
                        647,
                        496,
                        693,
                        511
                    ]
                },
                {
                    "text": "sample",
                    "box": [
                        473,
                        513,
                        525,
                        526
                    ]
                },
                {
                    "text": "size",
                    "box": [
                        531,
                        515,
                        567,
                        525
                    ]
                },
                {
                    "text": "and",
                    "box": [
                        571,
                        511,
                        598,
                        522
                    ]
                },
                {
                    "text": "should",
                    "box": [
                        609,
                        510,
                        656,
                        524
                    ]
                },
                {
                    "text": "be",
                    "box": [
                        659,
                        511,
                        679,
                        524
                    ]
                },
                {
                    "text": "averaged",
                    "box": [
                        473,
                        527,
                        539,
                        544
                    ]
                },
                {
                    "text": "across",
                    "box": [
                        546,
                        527,
                        599,
                        537
                    ]
                },
                {
                    "text": "several",
                    "box": [
                        605,
                        524,
                        665,
                        539
                    ]
                },
                {
                    "text": "ads",
                    "box": [
                        473,
                        538,
                        498,
                        552
                    ]
                },
                {
                    "text": "for",
                    "box": [
                        506,
                        539,
                        534,
                        553
                    ]
                },
                {
                    "text": "meaningful",
                    "box": [
                        538,
                        538,
                        623,
                        555
                    ]
                },
                {
                    "text": "infor-",
                    "box": [
                        628,
                        539,
                        680,
                        553
                    ]
                },
                {
                    "text": "mation.",
                    "box": [
                        472,
                        556,
                        531,
                        566
                    ]
                }
            ]
        },
        {
            "text": "Under 25",
            "box": [
                42,
                608,
                110,
                622
            ],
            "linking": [
                [
                    14,
                    61
                ]
            ],
            "label": "question",
            "words": [
                {
                    "text": "Under",
                    "box": [
                        42,
                        609,
                        87,
                        620
                    ]
                },
                {
                    "text": "25",
                    "box": [
                        92,
                        608,
                        110,
                        622
                    ]
                }
            ]
        },
        {
            "text": "25- 34",
            "box": [
                43,
                622,
                87,
                636
            ],
            "linking": [
                [
                    14,
                    62
                ]
            ],
            "label": "question",
            "words": [
                {
                    "text": "25-",
                    "box": [
                        43,
                        622,
                        67,
                        636
                    ]
                },
                {
                    "text": "34",
                    "box": [
                        67,
                        622,
                        87,
                        633
                    ]
                }
            ]
        },
        {
            "text": "35- 44",
            "box": [
                42,
                634,
                86,
                649
            ],
            "linking": [
                [
                    14,
                    63
                ]
            ],
            "label": "question",
            "words": [
                {
                    "text": "35-",
                    "box": [
                        42,
                        634,
                        67,
                        649
                    ]
                },
                {
                    "text": "44",
                    "box": [
                        68,
                        635,
                        86,
                        649
                    ]
                }
            ]
        },
        {
            "text": "45 & Over",
            "box": [
                43,
                649,
                120,
                664
            ],
            "linking": [
                [
                    14,
                    64
                ]
            ],
            "label": "question",
            "words": [
                {
                    "text": "45",
                    "box": [
                        43,
                        649,
                        60,
                        664
                    ]
                },
                {
                    "text": "&",
                    "box": [
                        66,
                        649,
                        80,
                        662
                    ]
                },
                {
                    "text": "Over",
                    "box": [
                        88,
                        651,
                        120,
                        662
                    ]
                }
            ]
        },
        {
            "text": "Under 35",
            "box": [
                43,
                704,
                112,
                719
            ],
            "linking": [
                [
                    65,
                    37
                ],
                [
                    65,
                    35
                ],
                [
                    65,
                    33
                ],
                [
                    65,
                    31
                ]
            ],
            "label": "question",
            "words": [
                {
                    "text": "Under",
                    "box": [
                        43,
                        705,
                        85,
                        719
                    ]
                },
                {
                    "text": "35",
                    "box": [
                        91,
                        704,
                        112,
                        717
                    ]
                }
            ]
        },
        {
            "text": "35 & Over",
            "box": [
                43,
                719,
                119,
                734
            ],
            "linking": [
                [
                    66,
                    38
                ],
                [
                    66,
                    36
                ],
                [
                    66,
                    34
                ],
                [
                    66,
                    32
                ]
            ],
            "label": "question",
            "words": [
                {
                    "text": "35",
                    "box": [
                        43,
                        719,
                        60,
                        733
                    ]
                },
                {
                    "text": "&",
                    "box": [
                        66,
                        721,
                        81,
                        734
                    ]
                },
                {
                    "text": "Over",
                    "box": [
                        85,
                        719,
                        119,
                        733
                    ]
                }
            ]
        },
        {
            "text": "BRAND SMOKED:",
            "box": [
                43,
                775,
                147,
                789
            ],
            "linking": [
                [
                    67,
                    68
                ],
                [
                    67,
                    69
                ]
            ],
            "label": "header",
            "words": [
                {
                    "text": "BRAND",
                    "box": [
                        43,
                        775,
                        85,
                        789
                    ]
                },
                {
                    "text": "SMOKED:",
                    "box": [
                        94,
                        775,
                        147,
                        789
                    ]
                }
            ]
        },
        {
            "text": "Test Brand Smokers",
            "box": [
                41,
                789,
                192,
                804
            ],
            "linking": [
                [
                    67,
                    68
                ],
                [
                    68,
                    41
                ],
                [
                    68,
                    42
                ]
            ],
            "label": "question",
            "words": [
                {
                    "text": "Test",
                    "box": [
                        41,
                        789,
                        77,
                        803
                    ]
                },
                {
                    "text": "Brand",
                    "box": [
                        82,
                        791,
                        128,
                        804
                    ]
                },
                {
                    "text": "Smokers",
                    "box": [
                        131,
                        789,
                        192,
                        802
                    ]
                }
            ]
        },
        {
            "text": "All Other Smokers",
            "box": [
                43,
                803,
                181,
                820
            ],
            "linking": [
                [
                    67,
                    69
                ],
                [
                    69,
                    44
                ],
                [
                    69,
                    43
                ]
            ],
            "label": "question",
            "words": [
                {
                    "text": "All",
                    "box": [
                        43,
                        804,
                        71,
                        818
                    ]
                },
                {
                    "text": "Other",
                    "box": [
                        75,
                        803,
                        117,
                        818
                    ]
                },
                {
                    "text": "Smokers",
                    "box": [
                        124,
                        803,
                        181,
                        820
                    ]
                }
            ]
        },
        {
            "text": "Date Sent",
            "box": [
                486,
                830,
                565,
                847
            ],
            "linking": [
                [
                    70,
                    39
                ]
            ],
            "label": "question",
            "words": [
                {
                    "text": "Date",
                    "box": [
                        486,
                        830,
                        520,
                        847
                    ]
                },
                {
                    "text": "Sent",
                    "box": [
                        527,
                        830,
                        565,
                        847
                    ]
                }
            ]
        },
        {
            "text": "PI- 7653",
            "box": [
                575,
                842,
                648,
                857
            ],
            "linking": [],
            "label": "other",
            "words": [
                {
                    "text": "PI-",
                    "box": [
                        575,
                        846,
                        600,
                        857
                    ]
                },
                {
                    "text": "",
                    "box": [
                        599,
                        846,
                        609,
                        854
                    ]
                },
                {
                    "text": "7653",
                    "box": [
                        612,
                        842,
                        648,
                        856
                    ]
                }
            ]
        }
    ]
}