{
    "form": [
        {
            "box": [
                96,
                177,
                118,
                192
            ],
            "text": "FAX:",
            "label": "question",
            "words": [
                {
                    "box": [
                        96,
                        177,
                        118,
                        192
                    ],
                    "text": "FAX:"
                }
            ],
            "linking": [
                [
                    0,
                    18
                ]
            ]
        },
        {
            "box": [
                75,
                337,
                116,
                351
            ],
            "text": "DATE:",
            "label": "question",
            "words": [
                {
                    "box": [
                        75,
                        337,
                        116,
                        351
                    ],
                    "text": "DATE:"
                }
            ],
            "linking": [
                [
                    1,
                    26
                ]
            ]
        },
        {
            "box": [
                75,
                286,
                117,
                301
            ],
            "text": "FROM:",
            "label": "question",
            "words": [
                {
                    "box": [
                        75,
                        286,
                        117,
                        301
                    ],
                    "text": "FROM:"
                }
            ],
            "linking": [
                [
                    2,
                    25
                ]
            ]
        },
        {
            "box": [
                457,
                288,
                544,
                305
            ],
            "text": "CHARGEBACK:",
            "label": "question",
            "words": [
                {
                    "box": [
                        457,
                        288,
                        544,
                        305
                    ],
                    "text": "CHARGEBACK:"
                }
            ],
            "linking": [
                [
                    3,
                    27
                ]
            ]
        },
        {
            "box": [
                106,
                404,
                176,
                418
            ],
            "text": "RECIPIENT",
            "label": "question",
            "words": [
                {
                    "box": [
                        106,
                        404,
                        176,
                        418
                    ],
                    "text": "RECIPIENT"
                }
            ],
            "linking": [
                [
                    4,
                    29
                ],
                [
                    4,
                    30
                ],
                [
                    28,
                    4
                ]
            ]
        },
        {
            "box": [
                235,
                402,
                298,
                419
            ],
            "text": "COMPANY",
            "label": "question",
            "words": [
                {
                    "box": [
                        235,
                        402,
                        298,
                        419
                    ],
                    "text": "COMPANY"
                }
            ],
            "linking": [
                [
                    5,
                    31
                ],
                [
                    5,
                    32
                ],
                [
                    28,
                    5
                ]
            ]
        },
        {
            "box": [
                398,
                404,
                425,
                418
            ],
            "text": "FAX",
            "label": "question",
            "words": [
                {
                    "box": [
                        398,
                        404,
                        425,
                        418
                    ],
                    "text": "FAX"
                }
            ],
            "linking": [
                [
                    6,
                    33
                ],
                [
                    6,
                    34
                ],
                [
                    28,
                    6
                ]
            ]
        },
        {
            "box": [
                426,
                405,
                451,
                418
            ],
            "text": "No.",
            "label": "question",
            "words": [
                {
                    "box": [
                        426,
                        405,
                        451,
                        418
                    ],
                    "text": "No."
                }
            ],
            "linking": [
                [
                    7,
                    33
                ],
                [
                    7,
                    34
                ],
                [
                    28,
                    7
                ]
            ]
        },
        {
            "box": [
                77,
                532,
                147,
                546
            ],
            "text": "COMMENTS",
            "label": "question",
            "words": [
                {
                    "box": [
                        77,
                        532,
                        147,
                        546
                    ],
                    "text": "COMMENTS"
                }
            ],
            "linking": []
        },
        {
            "box": [
                538,
                934,
                562,
                952
            ],
            "text": "No:",
            "label": "question",
            "words": [
                {
                    "box": [
                        538,
                        934,
                        562,
                        952
                    ],
                    "text": "No:"
                }
            ],
            "linking": [
                [
                    12,
                    9
                ]
            ]
        },
        {
            "box": [
                258,
                936,
                299,
                953
            ],
            "text": "Name:",
            "label": "question",
            "words": [
                {
                    "box": [
                        258,
                        936,
                        299,
                        953
                    ],
                    "text": "Name:"
                }
            ],
            "linking": [
                [
                    12,
                    10
                ]
            ]
        },
        {
            "box": [
                196,
                936,
                221,
                951
            ],
            "text": "Yes",
            "label": "question",
            "words": [
                {
                    "box": [
                        196,
                        936,
                        221,
                        951
                    ],
                    "text": "Yes"
                }
            ],
            "linking": [
                [
                    12,
                    11
                ]
            ]
        },
        {
            "box": [
                105,
                937,
                193,
                952
            ],
            "text": "Confirmation:",
            "label": "header",
            "words": [
                {
                    "box": [
                        105,
                        937,
                        193,
                        952
                    ],
                    "text": "Confirmation:"
                }
            ],
            "linking": [
                [
                    12,
                    11
                ],
                [
                    12,
                    10
                ],
                [
                    12,
                    9
                ]
            ]
        },
        {
            "box": [
                686,
                831,
                706,
                926
            ],
            "text": "2074956978",
            "label": "other",
            "words": [
                {
                    "box": [
                        686,
                        831,
                        706,
                        926
                    ],
                    "text": "2074956978"
                }
            ],
            "linking": []
        },
        {
            "box": [
                591,
                102,
                650,
                144
            ],
            "text": "",
            "label": "other",
            "words": [
                {
                    "box": [
                        591,
                        102,
                        650,
                        144
                    ],
                    "text": ""
                }
            ],
            "linking": []
        },
        {
            "text": "WINSTON & STRAWN",
            "box": [
                77,
                95,
                488,
                151
            ],
            "linking": [],
            "label": "header",
            "words": [
                {
                    "text": "WINSTON",
                    "box": [
                        77,
                        95,
                        277,
                        151
                    ]
                },
                {
                    "text": "&",
                    "box": [
                        282,
                        95,
                        316,
                        148
                    ]
                },
                {
                    "text": "STRAWN",
                    "box": [
                        320,
                        99,
                        488,
                        149
                    ]
                }
            ]
        },
        {
            "text": "Fax Cover Sheet",
            "box": [
                514,
                137,
                614,
                158
            ],
            "linking": [],
            "label": "header",
            "words": [
                {
                    "text": "Fax",
                    "box": [
                        514,
                        137,
                        541,
                        155
                    ]
                },
                {
                    "text": "Cover",
                    "box": [
                        543,
                        137,
                        579,
                        155
                    ]
                },
                {
                    "text": "Sheet",
                    "box": [
                        580,
                        137,
                        614,
                        158
                    ]
                }
            ]
        },
        {
            "text": "MAMI TRIAL SITE, 2000 FIRST UNION FINANCIAL CENTER, 200 SOUTH BISCAYNE BOULEVARD MIAMI, FLORIDA 33131",
            "box": [
                95,
                155,
                466,
                181
            ],
            "linking": [],
            "label": "other",
            "words": [
                {
                    "text": "MAMI",
                    "box": [
                        96,
                        158,
                        121,
                        166
                    ]
                },
                {
                    "text": "TRIAL",
                    "box": [
                        123,
                        156,
                        148,
                        167
                    ]
                },
                {
                    "text": "SITE,",
                    "box": [
                        151,
                        156,
                        173,
                        167
                    ]
                },
                {
                    "text": "2000",
                    "box": [
                        177,
                        155,
                        211,
                        165
                    ]
                },
                {
                    "text": "FIRST",
                    "box": [
                        215,
                        155,
                        242,
                        166
                    ]
                },
                {
                    "text": "UNION",
                    "box": [
                        243,
                        155,
                        271,
                        166
                    ]
                },
                {
                    "text": "FINANCIAL",
                    "box": [
                        272,
                        156,
                        319,
                        169
                    ]
                },
                {
                    "text": "CENTER,",
                    "box": [
                        321,
                        158,
                        360,
                        169
                    ]
                },
                {
                    "text": "200",
                    "box": [
                        365,
                        158,
                        387,
                        169
                    ]
                },
                {
                    "text": "SOUTH",
                    "box": [
                        390,
                        156,
                        421,
                        167
                    ]
                },
                {
                    "text": "BISCAYNE",
                    "box": [
                        423,
                        158,
                        466,
                        168
                    ]
                },
                {
                    "text": "BOULEVARD",
                    "box": [
                        95,
                        169,
                        151,
                        179
                    ]
                },
                {
                    "text": "MIAMI,",
                    "box": [
                        156,
                        170,
                        185,
                        178
                    ]
                },
                {
                    "text": "FLORIDA",
                    "box": [
                        190,
                        168,
                        228,
                        181
                    ]
                },
                {
                    "text": "33131",
                    "box": [
                        237,
                        168,
                        276,
                        181
                    ]
                }
            ]
        },
        {
            "text": "(305) 400 6 06",
            "box": [
                126,
                179,
                225,
                192
            ],
            "linking": [
                [
                    0,
                    18
                ]
            ],
            "label": "answer",
            "words": [
                {
                    "text": "(305)",
                    "box": [
                        126,
                        179,
                        160,
                        192
                    ]
                },
                {
                    "text": "400",
                    "box": [
                        162,
                        179,
                        187,
                        192
                    ]
                },
                {
                    "text": "6",
                    "box": [
                        189,
                        180,
                        199,
                        190
                    ]
                },
                {
                    "text": "06",
                    "box": [
                        203,
                        180,
                        225,
                        190
                    ]
                }
            ]
        },
        {
            "text": "200 PARK AVENUE NEWYORK NY 10166 4193 212 294-6700",
            "box": [
                77,
                205,
                197,
                238
            ],
            "linking": [],
            "label": "other",
            "words": [
                {
                    "text": "200",
                    "box": [
                        78,
                        207,
                        96,
                        217
                    ]
                },
                {
                    "text": "PARK",
                    "box": [
                        98,
                        205,
                        119,
                        216
                    ]
                },
                {
                    "text": "AVENUE",
                    "box": [
                        122,
                        208,
                        150,
                        216
                    ]
                },
                {
                    "text": "NEWYORK",
                    "box": [
                        77,
                        218,
                        118,
                        226
                    ]
                },
                {
                    "text": "NY",
                    "box": [
                        120,
                        218,
                        133,
                        225
                    ]
                },
                {
                    "text": "10166",
                    "box": [
                        137,
                        218,
                        168,
                        226
                    ]
                },
                {
                    "text": "4193",
                    "box": [
                        169,
                        216,
                        197,
                        226
                    ]
                },
                {
                    "text": "212",
                    "box": [
                        80,
                        228,
                        98,
                        236
                    ]
                },
                {
                    "text": "294-6700",
                    "box": [
                        98,
                        228,
                        148,
                        238
                    ]
                }
            ]
        },
        {
            "text": "400 L. STREET N WASHWINGTON DC 20005 3502 202 371 5700",
            "box": [
                219,
                207,
                346,
                236
            ],
            "linking": [],
            "label": "other",
            "words": [
                {
                    "text": "",
                    "box": [
                        221,
                        208,
                        225,
                        215
                    ]
                },
                {
                    "text": "400",
                    "box": [
                        226,
                        208,
                        247,
                        216
                    ]
                },
                {
                    "text": "L.",
                    "box": [
                        249,
                        208,
                        256,
                        216
                    ]
                },
                {
                    "text": "STREET",
                    "box": [
                        256,
                        208,
                        285,
                        215
                    ]
                },
                {
                    "text": "N",
                    "box": [
                        286,
                        208,
                        296,
                        216
                    ]
                },
                {
                    "text": "",
                    "box": [
                        296,
                        207,
                        307,
                        215
                    ]
                },
                {
                    "text": "WASHWINGTON",
                    "box": [
                        219,
                        218,
                        266,
                        225
                    ]
                },
                {
                    "text": "DC",
                    "box": [
                        271,
                        218,
                        282,
                        226
                    ]
                },
                {
                    "text": "20005",
                    "box": [
                        286,
                        219,
                        317,
                        226
                    ]
                },
                {
                    "text": "3502",
                    "box": [
                        318,
                        218,
                        346,
                        225
                    ]
                },
                {
                    "text": "202",
                    "box": [
                        221,
                        228,
                        239,
                        236
                    ]
                },
                {
                    "text": "371",
                    "box": [
                        239,
                        226,
                        260,
                        236
                    ]
                },
                {
                    "text": "5700",
                    "box": [
                        261,
                        228,
                        289,
                        236
                    ]
                }
            ]
        },
        {
            "text": "35 WEST WACKER CHICAGO. IL 30601 312- 588 5800",
            "box": [
                360,
                208,
                442,
                239
            ],
            "linking": [],
            "label": "other",
            "words": [
                {
                    "text": "35",
                    "box": [
                        362,
                        209,
                        375,
                        216
                    ]
                },
                {
                    "text": "WEST",
                    "box": [
                        377,
                        208,
                        395,
                        216
                    ]
                },
                {
                    "text": "WACKER",
                    "box": [
                        398,
                        208,
                        425,
                        218
                    ]
                },
                {
                    "text": "CHICAGO.",
                    "box": [
                        362,
                        219,
                        394,
                        227
                    ]
                },
                {
                    "text": "IL",
                    "box": [
                        395,
                        219,
                        405,
                        226
                    ]
                },
                {
                    "text": "30601",
                    "box": [
                        411,
                        219,
                        442,
                        227
                    ]
                },
                {
                    "text": "312-",
                    "box": [
                        360,
                        229,
                        384,
                        239
                    ]
                },
                {
                    "text": "588",
                    "box": [
                        383,
                        229,
                        404,
                        239
                    ]
                },
                {
                    "text": "5800",
                    "box": [
                        405,
                        229,
                        429,
                        239
                    ]
                }
            ]
        },
        {
            "text": "21 AVENUE VICTOR HUGO 75 PARIS, FRANCE 33- 53 64 62 82",
            "box": [
                500,
                209,
                594,
                239
            ],
            "linking": [],
            "label": "other",
            "words": [
                {
                    "text": "21",
                    "box": [
                        500,
                        209,
                        513,
                        217
                    ]
                },
                {
                    "text": "AVENUE",
                    "box": [
                        517,
                        209,
                        545,
                        219
                    ]
                },
                {
                    "text": "VICTOR",
                    "box": [
                        546,
                        209,
                        571,
                        217
                    ]
                },
                {
                    "text": "HUGO",
                    "box": [
                        573,
                        209,
                        594,
                        217
                    ]
                },
                {
                    "text": "75",
                    "box": [
                        503,
                        219,
                        518,
                        227
                    ]
                },
                {
                    "text": "",
                    "box": [
                        524,
                        219,
                        532,
                        227
                    ]
                },
                {
                    "text": "PARIS,",
                    "box": [
                        535,
                        219,
                        557,
                        227
                    ]
                },
                {
                    "text": "FRANCE",
                    "box": [
                        561,
                        219,
                        589,
                        227
                    ]
                },
                {
                    "text": "33-",
                    "box": [
                        500,
                        229,
                        517,
                        237
                    ]
                },
                {
                    "text": "",
                    "box": [
                        518,
                        229,
                        521,
                        239
                    ]
                },
                {
                    "text": "53",
                    "box": [
                        521,
                        230,
                        538,
                        238
                    ]
                },
                {
                    "text": "64",
                    "box": [
                        538,
                        230,
                        553,
                        238
                    ]
                },
                {
                    "text": "62",
                    "box": [
                        554,
                        230,
                        567,
                        238
                    ]
                },
                {
                    "text": "82",
                    "box": [
                        567,
                        229,
                        584,
                        239
                    ]
                }
            ]
        },
        {
            "text": "Fax Number:",
            "box": [
                267,
                256,
                355,
                273
            ],
            "linking": [
                [
                    23,
                    24
                ]
            ],
            "label": "question",
            "words": [
                {
                    "text": "Fax",
                    "box": [
                        267,
                        256,
                        292,
                        271
                    ]
                },
                {
                    "text": "Number:",
                    "box": [
                        295,
                        256,
                        355,
                        273
                    ]
                }
            ]
        },
        {
            "text": "305 400- 6107",
            "box": [
                359,
                256,
                454,
                273
            ],
            "linking": [
                [
                    23,
                    24
                ]
            ],
            "label": "answer",
            "words": [
                {
                    "text": "305",
                    "box": [
                        359,
                        256,
                        383,
                        271
                    ]
                },
                {
                    "text": "400-",
                    "box": [
                        387,
                        256,
                        416,
                        270
                    ]
                },
                {
                    "text": "6107",
                    "box": [
                        418,
                        256,
                        454,
                        273
                    ]
                }
            ]
        },
        {
            "text": "Kevin Narko",
            "box": [
                161,
                286,
                234,
                304
            ],
            "linking": [
                [
                    2,
                    25
                ]
            ],
            "label": "answer",
            "words": [
                {
                    "text": "Kevin",
                    "box": [
                        161,
                        286,
                        196,
                        303
                    ]
                },
                {
                    "text": "Narko",
                    "box": [
                        198,
                        289,
                        234,
                        304
                    ]
                }
            ]
        },
        {
            "text": "10/ 13/ 99",
            "box": [
                161,
                335,
                213,
                349
            ],
            "linking": [
                [
                    1,
                    26
                ]
            ],
            "label": "answer",
            "words": [
                {
                    "text": "10/",
                    "box": [
                        161,
                        335,
                        175,
                        348
                    ]
                },
                {
                    "text": "13/",
                    "box": [
                        175,
                        335,
                        193,
                        349
                    ]
                },
                {
                    "text": "99",
                    "box": [
                        193,
                        335,
                        213,
                        349
                    ]
                }
            ]
        },
        {
            "text": "4162/ 158",
            "box": [
                468,
                310,
                523,
                324
            ],
            "linking": [
                [
                    3,
                    27
                ]
            ],
            "label": "answer",
            "words": [
                {
                    "text": "4162/",
                    "box": [
                        468,
                        310,
                        500,
                        324
                    ]
                },
                {
                    "text": "158",
                    "box": [
                        499,
                        311,
                        523,
                        322
                    ]
                }
            ]
        },
        {
            "text": "Please Deliver as soon Possible To:",
            "box": [
                246,
                370,
                472,
                387
            ],
            "linking": [
                [
                    28,
                    4
                ],
                [
                    28,
                    5
                ],
                [
                    28,
                    7
                ],
                [
                    28,
                    6
                ],
                [
                    28,
                    36
                ]
            ],
            "label": "header",
            "words": [
                {
                    "text": "Please",
                    "box": [
                        246,
                        372,
                        284,
                        387
                    ]
                },
                {
                    "text": "Deliver",
                    "box": [
                        286,
                        372,
                        331,
                        386
                    ]
                },
                {
                    "text": "as",
                    "box": [
                        334,
                        374,
                        347,
                        385
                    ]
                },
                {
                    "text": "soon",
                    "box": [
                        349,
                        373,
                        380,
                        386
                    ]
                },
                {
                    "text": "",
                    "box": [
                        383,
                        374,
                        396,
                        385
                    ]
                },
                {
                    "text": "Possible",
                    "box": [
                        398,
                        370,
                        448,
                        384
                    ]
                },
                {
                    "text": "To:",
                    "box": [
                        450,
                        373,
                        472,
                        386
                    ]
                }
            ]
        },
        {
            "text": "John Mulderig",
            "box": [
                108,
                430,
                193,
                449
            ],
            "linking": [
                [
                    4,
                    29
                ]
            ],
            "label": "answer",
            "words": [
                {
                    "text": "John",
                    "box": [
                        108,
                        430,
                        137,
                        447
                    ]
                },
                {
                    "text": "Mulderig",
                    "box": [
                        140,
                        432,
                        193,
                        449
                    ]
                }
            ]
        },
        {
            "text": "Gregory Little",
            "box": [
                109,
                458,
                192,
                476
            ],
            "linking": [
                [
                    4,
                    30
                ]
            ],
            "label": "answer",
            "words": [
                {
                    "text": "Gregory",
                    "box": [
                        109,
                        458,
                        158,
                        476
                    ]
                },
                {
                    "text": "Little",
                    "box": [
                        158,
                        459,
                        192,
                        476
                    ]
                }
            ]
        },
        {
            "text": "Philip Morris",
            "box": [
                235,
                430,
                315,
                450
            ],
            "linking": [
                [
                    5,
                    31
                ]
            ],
            "label": "answer",
            "words": [
                {
                    "text": "Philip",
                    "box": [
                        235,
                        430,
                        273,
                        450
                    ]
                },
                {
                    "text": "Morris",
                    "box": [
                        274,
                        432,
                        315,
                        449
                    ]
                }
            ]
        },
        {
            "text": "Philip Morris",
            "box": [
                236,
                459,
                313,
                479
            ],
            "linking": [
                [
                    5,
                    32
                ]
            ],
            "label": "answer",
            "words": [
                {
                    "text": "Philip",
                    "box": [
                        236,
                        459,
                        271,
                        479
                    ]
                },
                {
                    "text": "Morris",
                    "box": [
                        274,
                        461,
                        313,
                        476
                    ]
                }
            ]
        },
        {
            "text": "917 -663 -5796",
            "box": [
                399,
                432,
                482,
                449
            ],
            "linking": [
                [
                    6,
                    33
                ],
                [
                    7,
                    33
                ]
            ],
            "label": "answer",
            "words": [
                {
                    "text": "917",
                    "box": [
                        399,
                        432,
                        420,
                        449
                    ]
                },
                {
                    "text": "-663",
                    "box": [
                        420,
                        433,
                        445,
                        447
                    ]
                },
                {
                    "text": "-5796",
                    "box": [
                        447,
                        433,
                        482,
                        447
                    ]
                }
            ]
        },
        {
            "text": "917- 663 5979",
            "box": [
                397,
                461,
                481,
                476
            ],
            "linking": [
                [
                    6,
                    34
                ],
                [
                    7,
                    34
                ]
            ],
            "label": "answer",
            "words": [
                {
                    "text": "917-",
                    "box": [
                        397,
                        462,
                        424,
                        476
                    ]
                },
                {
                    "text": "663",
                    "box": [
                        422,
                        461,
                        447,
                        476
                    ]
                },
                {
                    "text": "5979",
                    "box": [
                        446,
                        462,
                        481,
                        476
                    ]
                }
            ]
        },
        {
            "text": "917- 663 3056",
            "box": [
                514,
                432,
                596,
                447
            ],
            "linking": [
                [
                    36,
                    35
                ]
            ],
            "label": "answer",
            "words": [
                {
                    "text": "917-",
                    "box": [
                        514,
                        432,
                        541,
                        447
                    ]
                },
                {
                    "text": "663",
                    "box": [
                        542,
                        433,
                        566,
                        447
                    ]
                },
                {
                    "text": "3056",
                    "box": [
                        567,
                        433,
                        596,
                        447
                    ]
                }
            ]
        },
        {
            "text": "PHONE No.",
            "box": [
                514,
                404,
                588,
                420
            ],
            "linking": [
                [
                    36,
                    35
                ],
                [
                    28,
                    36
                ]
            ],
            "label": "question",
            "words": [
                {
                    "text": "PHONE",
                    "box": [
                        514,
                        404,
                        559,
                        419
                    ]
                },
                {
                    "text": "No.",
                    "box": [
                        561,
                        405,
                        588,
                        420
                    ]
                }
            ]
        },
        {
            "text": "Total number of pages including this page:",
            "box": [
                239,
                497,
                479,
                516
            ],
            "linking": [],
            "label": "question",
            "words": [
                {
                    "text": "Total",
                    "box": [
                        239,
                        497,
                        270,
                        511
                    ]
                },
                {
                    "text": "number",
                    "box": [
                        271,
                        499,
                        316,
                        512
                    ]
                },
                {
                    "text": "of",
                    "box": [
                        318,
                        497,
                        332,
                        511
                    ]
                },
                {
                    "text": "pages",
                    "box": [
                        334,
                        499,
                        366,
                        516
                    ]
                },
                {
                    "text": "including",
                    "box": [
                        367,
                        497,
                        421,
                        514
                    ]
                },
                {
                    "text": "this",
                    "box": [
                        425,
                        497,
                        446,
                        511
                    ]
                },
                {
                    "text": "page:",
                    "box": [
                        448,
                        501,
                        479,
                        515
                    ]
                }
            ]
        },
        {
            "text": "IF YOU DO NOT RECEIVE ALL THE PAGES, PLEASE CALL OUR FAX OPERATOR AS SOON AS POSSIBLE THANK YOU. 312- 558- 5948",
            "box": [
                85,
                677,
                620,
                722
            ],
            "linking": [],
            "label": "other",
            "words": [
                {
                    "text": "IF",
                    "box": [
                        85,
                        679,
                        99,
                        690
                    ]
                },
                {
                    "text": "YOU",
                    "box": [
                        101,
                        677,
                        125,
                        691
                    ]
                },
                {
                    "text": "DO",
                    "box": [
                        127,
                        680,
                        142,
                        691
                    ]
                },
                {
                    "text": "NOT",
                    "box": [
                        145,
                        679,
                        169,
                        692
                    ]
                },
                {
                    "text": "RECEIVE",
                    "box": [
                        172,
                        679,
                        221,
                        693
                    ]
                },
                {
                    "text": "ALL",
                    "box": [
                        222,
                        679,
                        244,
                        692
                    ]
                },
                {
                    "text": "THE",
                    "box": [
                        247,
                        679,
                        271,
                        692
                    ]
                },
                {
                    "text": "PAGES,",
                    "box": [
                        271,
                        680,
                        312,
                        694
                    ]
                },
                {
                    "text": "PLEASE",
                    "box": [
                        313,
                        680,
                        355,
                        691
                    ]
                },
                {
                    "text": "CALL",
                    "box": [
                        358,
                        682,
                        387,
                        692
                    ]
                },
                {
                    "text": "OUR",
                    "box": [
                        390,
                        682,
                        411,
                        692
                    ]
                },
                {
                    "text": "FAX",
                    "box": [
                        415,
                        680,
                        437,
                        691
                    ]
                },
                {
                    "text": "OPERATOR",
                    "box": [
                        440,
                        682,
                        500,
                        692
                    ]
                },
                {
                    "text": "AS",
                    "box": [
                        501,
                        683,
                        514,
                        693
                    ]
                },
                {
                    "text": "SOON",
                    "box": [
                        517,
                        682,
                        548,
                        693
                    ]
                },
                {
                    "text": "AS",
                    "box": [
                        550,
                        682,
                        564,
                        693
                    ]
                },
                {
                    "text": "POSSIBLE",
                    "box": [
                        566,
                        682,
                        620,
                        693
                    ]
                },
                {
                    "text": "THANK",
                    "box": [
                        320,
                        694,
                        362,
                        707
                    ]
                },
                {
                    "text": "YOU.",
                    "box": [
                        363,
                        696,
                        390,
                        707
                    ]
                },
                {
                    "text": "312-",
                    "box": [
                        318,
                        709,
                        342,
                        722
                    ]
                },
                {
                    "text": "558-",
                    "box": [
                        344,
                        709,
                        366,
                        722
                    ]
                },
                {
                    "text": "5948",
                    "box": [
                        367,
                        709,
                        391,
                        722
                    ]
                }
            ]
        },
        {
            "text": "The information contained in this facsimile message is attorncy privileged and confidential information intended only for the use of the individual or entity named above. If the reader of this message is not the intended recipient, or the employee or agent responsible to deliver it to the intended recipient, you are hereby notified that any dissemination, distribution or copying this communication strictly prohibited.",
            "box": [
                82,
                821,
                639,
                873
            ],
            "linking": [],
            "label": "other",
            "words": [
                {
                    "text": "The",
                    "box": [
                        99,
                        821,
                        116,
                        835
                    ]
                },
                {
                    "text": "information",
                    "box": [
                        119,
                        824,
                        169,
                        835
                    ]
                },
                {
                    "text": "contained",
                    "box": [
                        172,
                        821,
                        214,
                        836
                    ]
                },
                {
                    "text": "in",
                    "box": [
                        216,
                        824,
                        227,
                        837
                    ]
                },
                {
                    "text": "this",
                    "box": [
                        230,
                        824,
                        244,
                        835
                    ]
                },
                {
                    "text": "facsimile",
                    "box": [
                        246,
                        824,
                        284,
                        835
                    ]
                },
                {
                    "text": "message",
                    "box": [
                        286,
                        824,
                        321,
                        835
                    ]
                },
                {
                    "text": "is",
                    "box": [
                        324,
                        824,
                        335,
                        834
                    ]
                },
                {
                    "text": "attorncy",
                    "box": [
                        335,
                        824,
                        370,
                        835
                    ]
                },
                {
                    "text": "privileged",
                    "box": [
                        373,
                        824,
                        415,
                        835
                    ]
                },
                {
                    "text": "and",
                    "box": [
                        418,
                        823,
                        435,
                        836
                    ]
                },
                {
                    "text": "confidential",
                    "box": [
                        437,
                        824,
                        487,
                        837
                    ]
                },
                {
                    "text": "information",
                    "box": [
                        490,
                        821,
                        539,
                        835
                    ]
                },
                {
                    "text": "intended",
                    "box": [
                        543,
                        823,
                        581,
                        836
                    ]
                },
                {
                    "text": "only",
                    "box": [
                        582,
                        823,
                        603,
                        836
                    ]
                },
                {
                    "text": "for",
                    "box": [
                        606,
                        821,
                        617,
                        835
                    ]
                },
                {
                    "text": "the",
                    "box": [
                        620,
                        821,
                        637,
                        835
                    ]
                },
                {
                    "text": "use",
                    "box": [
                        82,
                        838,
                        99,
                        846
                    ]
                },
                {
                    "text": "of",
                    "box": [
                        102,
                        837,
                        110,
                        847
                    ]
                },
                {
                    "text": "the",
                    "box": [
                        112,
                        837,
                        126,
                        845
                    ]
                },
                {
                    "text": "individual",
                    "box": [
                        128,
                        837,
                        171,
                        847
                    ]
                },
                {
                    "text": "or",
                    "box": [
                        175,
                        837,
                        185,
                        845
                    ]
                },
                {
                    "text": "entity",
                    "box": [
                        186,
                        835,
                        213,
                        849
                    ]
                },
                {
                    "text": "named",
                    "box": [
                        214,
                        835,
                        243,
                        848
                    ]
                },
                {
                    "text": "above.",
                    "box": [
                        244,
                        837,
                        275,
                        847
                    ]
                },
                {
                    "text": "If",
                    "box": [
                        275,
                        835,
                        283,
                        849
                    ]
                },
                {
                    "text": "the",
                    "box": [
                        286,
                        837,
                        301,
                        848
                    ]
                },
                {
                    "text": "reader",
                    "box": [
                        302,
                        838,
                        330,
                        848
                    ]
                },
                {
                    "text": "of",
                    "box": [
                        331,
                        837,
                        344,
                        847
                    ]
                },
                {
                    "text": "this",
                    "box": [
                        344,
                        835,
                        359,
                        846
                    ]
                },
                {
                    "text": "message",
                    "box": [
                        360,
                        838,
                        398,
                        848
                    ]
                },
                {
                    "text": "is",
                    "box": [
                        398,
                        837,
                        408,
                        845
                    ]
                },
                {
                    "text": "not",
                    "box": [
                        409,
                        838,
                        424,
                        846
                    ]
                },
                {
                    "text": "the",
                    "box": [
                        426,
                        837,
                        440,
                        848
                    ]
                },
                {
                    "text": "intended",
                    "box": [
                        441,
                        837,
                        480,
                        848
                    ]
                },
                {
                    "text": "recipient,",
                    "box": [
                        482,
                        838,
                        520,
                        848
                    ]
                },
                {
                    "text": "or",
                    "box": [
                        522,
                        838,
                        533,
                        848
                    ]
                },
                {
                    "text": "the",
                    "box": [
                        536,
                        838,
                        550,
                        849
                    ]
                },
                {
                    "text": "employee",
                    "box": [
                        552,
                        838,
                        595,
                        849
                    ]
                },
                {
                    "text": "or",
                    "box": [
                        598,
                        838,
                        609,
                        848
                    ]
                },
                {
                    "text": "agent",
                    "box": [
                        612,
                        838,
                        636,
                        849
                    ]
                },
                {
                    "text": "responsible",
                    "box": [
                        82,
                        848,
                        131,
                        859
                    ]
                },
                {
                    "text": "to",
                    "box": [
                        134,
                        849,
                        144,
                        857
                    ]
                },
                {
                    "text": "deliver",
                    "box": [
                        145,
                        849,
                        176,
                        859
                    ]
                },
                {
                    "text": "it",
                    "box": [
                        177,
                        849,
                        185,
                        859
                    ]
                },
                {
                    "text": "to",
                    "box": [
                        189,
                        851,
                        196,
                        858
                    ]
                },
                {
                    "text": "the",
                    "box": [
                        200,
                        848,
                        211,
                        859
                    ]
                },
                {
                    "text": "intended",
                    "box": [
                        216,
                        849,
                        255,
                        859
                    ]
                },
                {
                    "text": "recipient,",
                    "box": [
                        254,
                        849,
                        295,
                        860
                    ]
                },
                {
                    "text": "you",
                    "box": [
                        295,
                        849,
                        316,
                        860
                    ]
                },
                {
                    "text": "are",
                    "box": [
                        317,
                        851,
                        332,
                        862
                    ]
                },
                {
                    "text": "hereby",
                    "box": [
                        334,
                        848,
                        365,
                        861
                    ]
                },
                {
                    "text": "notified",
                    "box": [
                        365,
                        848,
                        401,
                        861
                    ]
                },
                {
                    "text": "that",
                    "box": [
                        401,
                        848,
                        416,
                        861
                    ]
                },
                {
                    "text": "any",
                    "box": [
                        419,
                        852,
                        436,
                        863
                    ]
                },
                {
                    "text": "dissemination,",
                    "box": [
                        437,
                        849,
                        498,
                        862
                    ]
                },
                {
                    "text": "distribution",
                    "box": [
                        503,
                        848,
                        552,
                        862
                    ]
                },
                {
                    "text": "or",
                    "box": [
                        554,
                        849,
                        565,
                        859
                    ]
                },
                {
                    "text": "copying",
                    "box": [
                        568,
                        849,
                        600,
                        860
                    ]
                },
                {
                    "text": "",
                    "box": [
                        603,
                        848,
                        617,
                        859
                    ]
                },
                {
                    "text": "this",
                    "box": [
                        617,
                        851,
                        639,
                        859
                    ]
                },
                {
                    "text": "communication",
                    "box": [
                        84,
                        862,
                        150,
                        872
                    ]
                },
                {
                    "text": "",
                    "box": [
                        152,
                        860,
                        159,
                        868
                    ]
                },
                {
                    "text": "strictly",
                    "box": [
                        162,
                        862,
                        191,
                        873
                    ]
                },
                {
                    "text": "prohibited.",
                    "box": [
                        194,
                        860,
                        243,
                        871
                    ]
                }
            ]
        },
        {
            "text": "If you have received this communication in error, please immediately notify us by telephone, and return the original message to us at the above address via the U. S. Postal Service. Thank you.",
            "box": [
                84,
                881,
                636,
                908
            ],
            "linking": [],
            "label": "other",
            "words": [
                {
                    "text": "If",
                    "box": [
                        101,
                        883,
                        108,
                        893
                    ]
                },
                {
                    "text": "you",
                    "box": [
                        110,
                        884,
                        125,
                        894
                    ]
                },
                {
                    "text": "have",
                    "box": [
                        127,
                        883,
                        148,
                        893
                    ]
                },
                {
                    "text": "received",
                    "box": [
                        151,
                        883,
                        187,
                        893
                    ]
                },
                {
                    "text": "this",
                    "box": [
                        190,
                        883,
                        208,
                        893
                    ]
                },
                {
                    "text": "communication",
                    "box": [
                        207,
                        883,
                        274,
                        894
                    ]
                },
                {
                    "text": "in",
                    "box": [
                        277,
                        881,
                        287,
                        891
                    ]
                },
                {
                    "text": "error,",
                    "box": [
                        288,
                        883,
                        312,
                        894
                    ]
                },
                {
                    "text": "please",
                    "box": [
                        314,
                        883,
                        341,
                        893
                    ]
                },
                {
                    "text": "immediately",
                    "box": [
                        344,
                        883,
                        396,
                        894
                    ]
                },
                {
                    "text": "notify",
                    "box": [
                        398,
                        883,
                        423,
                        896
                    ]
                },
                {
                    "text": "us",
                    "box": [
                        427,
                        884,
                        435,
                        892
                    ]
                },
                {
                    "text": "by",
                    "box": [
                        439,
                        883,
                        450,
                        894
                    ]
                },
                {
                    "text": "telephone,",
                    "box": [
                        451,
                        881,
                        497,
                        894
                    ]
                },
                {
                    "text": "and",
                    "box": [
                        499,
                        883,
                        516,
                        894
                    ]
                },
                {
                    "text": "return",
                    "box": [
                        515,
                        884,
                        542,
                        894
                    ]
                },
                {
                    "text": "the",
                    "box": [
                        545,
                        883,
                        559,
                        893
                    ]
                },
                {
                    "text": "original",
                    "box": [
                        561,
                        883,
                        595,
                        896
                    ]
                },
                {
                    "text": "message",
                    "box": [
                        598,
                        884,
                        636,
                        895
                    ]
                },
                {
                    "text": "to",
                    "box": [
                        84,
                        894,
                        92,
                        907
                    ]
                },
                {
                    "text": "us",
                    "box": [
                        95,
                        898,
                        105,
                        905
                    ]
                },
                {
                    "text": "at",
                    "box": [
                        106,
                        895,
                        116,
                        905
                    ]
                },
                {
                    "text": "the",
                    "box": [
                        117,
                        895,
                        130,
                        905
                    ]
                },
                {
                    "text": "above",
                    "box": [
                        133,
                        895,
                        158,
                        906
                    ]
                },
                {
                    "text": "address",
                    "box": [
                        161,
                        897,
                        193,
                        905
                    ]
                },
                {
                    "text": "via",
                    "box": [
                        196,
                        897,
                        210,
                        905
                    ]
                },
                {
                    "text": "the",
                    "box": [
                        211,
                        895,
                        225,
                        905
                    ]
                },
                {
                    "text": "U.",
                    "box": [
                        226,
                        894,
                        236,
                        905
                    ]
                },
                {
                    "text": "S.",
                    "box": [
                        236,
                        894,
                        247,
                        907
                    ]
                },
                {
                    "text": "Postal",
                    "box": [
                        249,
                        895,
                        276,
                        905
                    ]
                },
                {
                    "text": "Service.",
                    "box": [
                        277,
                        894,
                        311,
                        907
                    ]
                },
                {
                    "text": "Thank",
                    "box": [
                        314,
                        894,
                        342,
                        907
                    ]
                },
                {
                    "text": "you.",
                    "box": [
                        344,
                        897,
                        362,
                        908
                    ]
                }
            ]
        },
        {
            "text": "Operator Initials:",
            "box": [
                105,
                919,
                204,
                935
            ],
            "linking": [],
            "label": "question",
            "words": [
                {
                    "text": "Operator",
                    "box": [
                        105,
                        920,
                        157,
                        935
                    ]
                },
                {
                    "text": "Initials:",
                    "box": [
                        159,
                        919,
                        204,
                        934
                    ]
                }
            ]
        }
    ]
}