{
    "form": [
        {
            "box": [
                172,
                205,
                190,
                220
            ],
            "text": "To",
            "label": "question",
            "words": [
                {
                    "box": [
                        172,
                        205,
                        190,
                        220
                    ],
                    "text": "To"
                }
            ],
            "linking": [
                [
                    0,
                    15
                ]
            ]
        },
        {
            "box": [
                172,
                236,
                204,
                251
            ],
            "text": "From:",
            "label": "question",
            "words": [
                {
                    "box": [
                        172,
                        236,
                        204,
                        251
                    ],
                    "text": "From:"
                }
            ],
            "linking": [
                [
                    1,
                    16
                ]
            ]
        },
        {
            "box": [
                173,
                265,
                201,
                280
            ],
            "text": "Date:",
            "label": "question",
            "words": [
                {
                    "box": [
                        173,
                        265,
                        201,
                        280
                    ],
                    "text": "Date:"
                }
            ],
            "linking": [
                [
                    2,
                    17
                ]
            ]
        },
        {
            "box": [
                70,
                309,
                105,
                326
            ],
            "text": "Brand:",
            "label": "question",
            "words": [
                {
                    "box": [
                        70,
                        309,
                        105,
                        326
                    ],
                    "text": "Brand:"
                }
            ],
            "linking": [
                [
                    3,
                    5
                ]
            ]
        },
        {
            "box": [
                68,
                339,
                96,
                353
            ],
            "text": "Title:",
            "label": "question",
            "words": [
                {
                    "box": [
                        68,
                        339,
                        96,
                        353
                    ],
                    "text": "Title:"
                }
            ],
            "linking": [
                [
                    4,
                    20
                ]
            ]
        },
        {
            "box": [
                110,
                304,
                149,
                319
            ],
            "text": "Eclipse",
            "label": "answer",
            "words": [
                {
                    "box": [
                        110,
                        304,
                        149,
                        319
                    ],
                    "text": "Eclipse"
                }
            ],
            "linking": [
                [
                    3,
                    5
                ]
            ]
        },
        {
            "box": [
                70,
                359,
                134,
                379
            ],
            "text": "Description:",
            "label": "question",
            "words": [
                {
                    "box": [
                        70,
                        359,
                        134,
                        379
                    ],
                    "text": "Description:"
                }
            ],
            "linking": [
                [
                    6,
                    21
                ]
            ]
        },
        {
            "box": [
                211,
                459,
                247,
                474
            ],
            "text": "APAC",
            "label": "answer",
            "words": [
                {
                    "box": [
                        211,
                        459,
                        247,
                        474
                    ],
                    "text": "APAC"
                }
            ],
            "linking": [
                [
                    22,
                    7
                ]
            ]
        },
        {
            "box": [
                226,
                490,
                250,
                504
            ],
            "text": "300",
            "label": "answer",
            "words": [
                {
                    "box": [
                        226,
                        490,
                        250,
                        504
                    ],
                    "text": "300"
                }
            ],
            "linking": [
                [
                    23,
                    8
                ]
            ]
        },
        {
            "box": [
                226,
                549,
                248,
                564
            ],
            "text": "300",
            "label": "answer",
            "words": [
                {
                    "box": [
                        226,
                        549,
                        248,
                        564
                    ],
                    "text": "300"
                }
            ],
            "linking": [
                [
                    25,
                    9
                ]
            ]
        },
        {
            "box": [
                425,
                628,
                464,
                649
            ],
            "text": "W25",
            "label": "answer",
            "words": [
                {
                    "box": [
                        425,
                        628,
                        464,
                        649
                    ],
                    "text": "W25"
                }
            ],
            "linking": [
                [
                    30,
                    10
                ]
            ]
        },
        {
            "box": [
                362,
                751,
                397,
                766
            ],
            "text": "APAC",
            "label": "answer",
            "words": [
                {
                    "box": [
                        362,
                        751,
                        397,
                        766
                    ],
                    "text": "APAC"
                }
            ],
            "linking": [
                [
                    32,
                    11
                ]
            ]
        },
        {
            "box": [
                68,
                845,
                83,
                860
            ],
            "text": "C:",
            "label": "question",
            "words": [
                {
                    "box": [
                        68,
                        845,
                        83,
                        860
                    ],
                    "text": "C:"
                }
            ],
            "linking": [
                [
                    12,
                    33
                ],
                [
                    12,
                    34
                ],
                [
                    12,
                    35
                ],
                [
                    12,
                    36
                ],
                [
                    12,
                    37
                ],
                [
                    12,
                    38
                ],
                [
                    12,
                    39
                ],
                [
                    12,
                    40
                ]
            ]
        },
        {
            "box": [
                376,
                304,
                418,
                321
            ],
            "text": "602399",
            "label": "answer",
            "words": [
                {
                    "box": [
                        376,
                        304,
                        418,
                        321
                    ],
                    "text": "602399"
                }
            ],
            "linking": [
                [
                    18,
                    13
                ]
            ]
        },
        {
            "text": "RESPONSE CODE REQUEST CONFIRMATION",
            "box": [
                127,
                130,
                595,
                157
            ],
            "linking": [],
            "label": "header",
            "words": [
                {
                    "text": "RESPONSE",
                    "box": [
                        127,
                        130,
                        249,
                        157
                    ]
                },
                {
                    "text": "CODE",
                    "box": [
                        253,
                        133,
                        316,
                        157
                    ]
                },
                {
                    "text": "REQUEST",
                    "box": [
                        320,
                        131,
                        422,
                        156
                    ]
                },
                {
                    "text": "CONFIRMATION",
                    "box": [
                        426,
                        131,
                        595,
                        153
                    ]
                }
            ]
        },
        {
            "text": "Joe Leinster",
            "box": [
                219,
                201,
                289,
                216
            ],
            "linking": [
                [
                    0,
                    15
                ]
            ],
            "label": "answer",
            "words": [
                {
                    "text": "Joe",
                    "box": [
                        219,
                        201,
                        241,
                        216
                    ]
                },
                {
                    "text": "Leinster",
                    "box": [
                        242,
                        203,
                        289,
                        214
                    ]
                }
            ]
        },
        {
            "text": "Joyce Bagby",
            "box": [
                219,
                230,
                289,
                248
            ],
            "linking": [
                [
                    1,
                    16
                ]
            ],
            "label": "answer",
            "words": [
                {
                    "text": "Joyce",
                    "box": [
                        219,
                        233,
                        253,
                        248
                    ]
                },
                {
                    "text": "Bagby",
                    "box": [
                        254,
                        230,
                        289,
                        248
                    ]
                }
            ]
        },
        {
            "text": "September 10, 1996",
            "box": [
                221,
                258,
                329,
                278
            ],
            "linking": [
                [
                    2,
                    17
                ]
            ],
            "label": "answer",
            "words": [
                {
                    "text": "September",
                    "box": [
                        221,
                        260,
                        280,
                        278
                    ]
                },
                {
                    "text": "10,",
                    "box": [
                        281,
                        258,
                        298,
                        275
                    ]
                },
                {
                    "text": "1996",
                    "box": [
                        302,
                        260,
                        329,
                        277
                    ]
                }
            ]
        },
        {
            "text": "PPS Program #",
            "box": [
                282,
                309,
                367,
                324
            ],
            "linking": [
                [
                    18,
                    13
                ]
            ],
            "label": "question",
            "words": [
                {
                    "text": "PPS",
                    "box": [
                        282,
                        310,
                        307,
                        323
                    ]
                },
                {
                    "text": "Program",
                    "box": [
                        310,
                        309,
                        355,
                        324
                    ]
                },
                {
                    "text": "#",
                    "box": [
                        356,
                        309,
                        367,
                        324
                    ]
                }
            ]
        },
        {
            "text": "Requested By:",
            "box": [
                440,
                307,
                519,
                326
            ],
            "linking": [],
            "label": "question",
            "words": [
                {
                    "text": "Requested",
                    "box": [
                        440,
                        309,
                        500,
                        326
                    ]
                },
                {
                    "text": "By:",
                    "box": [
                        501,
                        307,
                        519,
                        325
                    ]
                }
            ]
        },
        {
            "text": "Sneak Preview Confirmation Call- Charlotte Tests",
            "box": [
                109,
                334,
                366,
                354
            ],
            "linking": [
                [
                    4,
                    20
                ]
            ],
            "label": "answer",
            "words": [
                {
                    "text": "Sneak",
                    "box": [
                        109,
                        334,
                        144,
                        354
                    ]
                },
                {
                    "text": "Preview",
                    "box": [
                        144,
                        335,
                        191,
                        350
                    ]
                },
                {
                    "text": "Confirmation",
                    "box": [
                        191,
                        334,
                        259,
                        352
                    ]
                },
                {
                    "text": "Call-",
                    "box": [
                        261,
                        334,
                        285,
                        351
                    ]
                },
                {
                    "text": "Charlotte",
                    "box": [
                        285,
                        335,
                        334,
                        348
                    ]
                },
                {
                    "text": "Tests",
                    "box": [
                        335,
                        334,
                        366,
                        352
                    ]
                }
            ]
        },
        {
            "text": "Record of confirmation calls for sneak preview appointments",
            "box": [
                134,
                363,
                449,
                382
            ],
            "linking": [
                [
                    6,
                    21
                ]
            ],
            "label": "answer",
            "words": [
                {
                    "text": "Record",
                    "box": [
                        134,
                        363,
                        176,
                        378
                    ]
                },
                {
                    "text": "of",
                    "box": [
                        176,
                        363,
                        190,
                        376
                    ]
                },
                {
                    "text": "confirmation",
                    "box": [
                        190,
                        363,
                        254,
                        378
                    ]
                },
                {
                    "text": "calls",
                    "box": [
                        256,
                        363,
                        281,
                        378
                    ]
                },
                {
                    "text": "for",
                    "box": [
                        284,
                        363,
                        301,
                        378
                    ]
                },
                {
                    "text": "sneak",
                    "box": [
                        300,
                        365,
                        334,
                        380
                    ]
                },
                {
                    "text": "preview",
                    "box": [
                        334,
                        365,
                        375,
                        382
                    ]
                },
                {
                    "text": "appointments",
                    "box": [
                        376,
                        365,
                        449,
                        380
                    ]
                }
            ]
        },
        {
            "text": "Fullfillment Data Entry at",
            "box": [
                68,
                465,
                203,
                480
            ],
            "linking": [
                [
                    22,
                    7
                ]
            ],
            "label": "question",
            "words": [
                {
                    "text": "Fullfillment",
                    "box": [
                        68,
                        465,
                        125,
                        479
                    ]
                },
                {
                    "text": "Data",
                    "box": [
                        128,
                        465,
                        155,
                        480
                    ]
                },
                {
                    "text": "Entry",
                    "box": [
                        158,
                        466,
                        187,
                        480
                    ]
                },
                {
                    "text": "at",
                    "box": [
                        189,
                        466,
                        203,
                        479
                    ]
                }
            ]
        },
        {
            "text": "Circulation Quantity:",
            "box": [
                68,
                494,
                179,
                511
            ],
            "linking": [
                [
                    23,
                    8
                ]
            ],
            "label": "question",
            "words": [
                {
                    "text": "Circulation",
                    "box": [
                        68,
                        494,
                        127,
                        511
                    ]
                },
                {
                    "text": "Quantity:",
                    "box": [
                        127,
                        496,
                        179,
                        511
                    ]
                }
            ]
        },
        {
            "text": "Estimated Response:",
            "box": [
                70,
                525,
                185,
                539
            ],
            "linking": [
                [
                    24,
                    28
                ]
            ],
            "label": "question",
            "words": [
                {
                    "text": "Estimated",
                    "box": [
                        70,
                        525,
                        123,
                        539
                    ]
                },
                {
                    "text": "Response:",
                    "box": [
                        126,
                        525,
                        185,
                        539
                    ]
                }
            ]
        },
        {
            "text": "Estimated Responders:",
            "box": [
                70,
                554,
                192,
                569
            ],
            "linking": [
                [
                    25,
                    9
                ]
            ],
            "label": "question",
            "words": [
                {
                    "text": "Estimated",
                    "box": [
                        70,
                        554,
                        124,
                        569
                    ]
                },
                {
                    "text": "Responders:",
                    "box": [
                        124,
                        554,
                        192,
                        568
                    ]
                }
            ]
        },
        {
            "text": "Distribution Drop Date:",
            "box": [
                68,
                582,
                190,
                599
            ],
            "linking": [
                [
                    26,
                    27
                ]
            ],
            "label": "question",
            "words": [
                {
                    "text": "Distribution",
                    "box": [
                        68,
                        582,
                        129,
                        599
                    ]
                },
                {
                    "text": "Drop",
                    "box": [
                        130,
                        585,
                        158,
                        599
                    ]
                },
                {
                    "text": "Date:",
                    "box": [
                        161,
                        584,
                        190,
                        599
                    ]
                }
            ]
        },
        {
            "text": "10/ 03/ 96",
            "box": [
                207,
                580,
                252,
                597
            ],
            "linking": [
                [
                    26,
                    27
                ]
            ],
            "label": "answer",
            "words": [
                {
                    "text": "10/",
                    "box": [
                        207,
                        580,
                        224,
                        594
                    ]
                },
                {
                    "text": "03/",
                    "box": [
                        223,
                        580,
                        238,
                        597
                    ]
                },
                {
                    "text": "96",
                    "box": [
                        237,
                        580,
                        252,
                        597
                    ]
                }
            ]
        },
        {
            "text": "100.00 %",
            "box": [
                219,
                520,
                272,
                538
            ],
            "linking": [
                [
                    24,
                    28
                ]
            ],
            "label": "answer",
            "words": [
                {
                    "text": "100.00",
                    "box": [
                        219,
                        520,
                        254,
                        534
                    ]
                },
                {
                    "text": "%",
                    "box": [
                        258,
                        520,
                        272,
                        538
                    ]
                }
            ]
        },
        {
            "text": "Expiration Date:",
            "box": [
                358,
                582,
                440,
                600
            ],
            "linking": [],
            "label": "question",
            "words": [
                {
                    "text": "Expiration",
                    "box": [
                        358,
                        582,
                        410,
                        600
                    ]
                },
                {
                    "text": "Date:",
                    "box": [
                        413,
                        582,
                        440,
                        599
                    ]
                }
            ]
        },
        {
            "text": "Response Code Assigned:",
            "box": [
                228,
                630,
                405,
                651
            ],
            "linking": [
                [
                    30,
                    10
                ]
            ],
            "label": "question",
            "words": [
                {
                    "text": "Response",
                    "box": [
                        228,
                        631,
                        296,
                        651
                    ]
                },
                {
                    "text": "Code",
                    "box": [
                        300,
                        631,
                        334,
                        649
                    ]
                },
                {
                    "text": "Assigned:",
                    "box": [
                        337,
                        630,
                        405,
                        648
                    ]
                }
            ]
        },
        {
            "text": "Address, postal requirements, barcodes, document storage, and batch numbers to be supplied by:",
            "box": [
                66,
                705,
                410,
                737
            ],
            "linking": [],
            "label": "question",
            "words": [
                {
                    "text": "Address,",
                    "box": [
                        67,
                        707,
                        117,
                        722
                    ]
                },
                {
                    "text": "postal",
                    "box": [
                        117,
                        705,
                        153,
                        723
                    ]
                },
                {
                    "text": "requirements,",
                    "box": [
                        152,
                        708,
                        227,
                        722
                    ]
                },
                {
                    "text": "barcodes,",
                    "box": [
                        228,
                        707,
                        284,
                        722
                    ]
                },
                {
                    "text": "document",
                    "box": [
                        285,
                        705,
                        338,
                        722
                    ]
                },
                {
                    "text": "storage,",
                    "box": [
                        339,
                        707,
                        382,
                        721
                    ]
                },
                {
                    "text": "and",
                    "box": [
                        383,
                        708,
                        410,
                        721
                    ]
                },
                {
                    "text": "batch",
                    "box": [
                        66,
                        723,
                        100,
                        736
                    ]
                },
                {
                    "text": "numbers",
                    "box": [
                        101,
                        722,
                        150,
                        733
                    ]
                },
                {
                    "text": "to",
                    "box": [
                        149,
                        723,
                        163,
                        733
                    ]
                },
                {
                    "text": "be",
                    "box": [
                        165,
                        723,
                        179,
                        734
                    ]
                },
                {
                    "text": "supplied",
                    "box": [
                        182,
                        722,
                        228,
                        736
                    ]
                },
                {
                    "text": "by:",
                    "box": [
                        228,
                        723,
                        246,
                        737
                    ]
                }
            ]
        },
        {
            "text": "DE Fullfillment Vendor",
            "box": [
                358,
                767,
                475,
                782
            ],
            "linking": [
                [
                    32,
                    11
                ]
            ],
            "label": "question",
            "words": [
                {
                    "text": "DE",
                    "box": [
                        358,
                        767,
                        375,
                        781
                    ]
                },
                {
                    "text": "Fullfillment",
                    "box": [
                        377,
                        768,
                        434,
                        782
                    ]
                },
                {
                    "text": "Vendor",
                    "box": [
                        436,
                        767,
                        475,
                        781
                    ]
                }
            ]
        },
        {
            "text": "Suzi Hicks RJR- IR",
            "box": [
                91,
                844,
                195,
                861
            ],
            "linking": [
                [
                    12,
                    33
                ]
            ],
            "label": "answer",
            "words": [
                {
                    "text": "Suzi Hicks",
                    "box": [
                        91,
                        844,
                        151,
                        861
                    ]
                },
                {
                    "text": "RJR-",
                    "box": [
                        154,
                        844,
                        182,
                        861
                    ]
                },
                {
                    "text": "IR",
                    "box": [
                        182,
                        844,
                        195,
                        861
                    ]
                }
            ]
        },
        {
            "text": "Karen Giddens",
            "box": [
                91,
                862,
                174,
                882
            ],
            "linking": [
                [
                    12,
                    34
                ]
            ],
            "label": "answer",
            "words": [
                {
                    "text": "Karen",
                    "box": [
                        91,
                        862,
                        126,
                        882
                    ]
                },
                {
                    "text": "Giddens",
                    "box": [
                        124,
                        862,
                        174,
                        880
                    ]
                }
            ]
        },
        {
            "text": "Drew Huyett",
            "box": [
                94,
                884,
                161,
                901
            ],
            "linking": [
                [
                    12,
                    35
                ]
            ],
            "label": "answer",
            "words": [
                {
                    "text": "Drew",
                    "box": [
                        94,
                        885,
                        122,
                        900
                    ]
                },
                {
                    "text": "Huyett",
                    "box": [
                        122,
                        884,
                        161,
                        901
                    ]
                }
            ]
        },
        {
            "text": "Jackson Roper",
            "box": [
                89,
                908,
                173,
                923
            ],
            "linking": [
                [
                    12,
                    36
                ]
            ],
            "label": "answer",
            "words": [
                {
                    "text": "Jackson",
                    "box": [
                        89,
                        908,
                        138,
                        923
                    ]
                },
                {
                    "text": "Roper",
                    "box": [
                        138,
                        908,
                        173,
                        922
                    ]
                }
            ]
        },
        {
            "text": "Debbie Lockery",
            "box": [
                418,
                839,
                499,
                856
            ],
            "linking": [
                [
                    12,
                    37
                ]
            ],
            "label": "answer",
            "words": [
                {
                    "text": "Debbie",
                    "box": [
                        418,
                        839,
                        456,
                        856
                    ]
                },
                {
                    "text": "Lockery",
                    "box": [
                        457,
                        841,
                        499,
                        856
                    ]
                }
            ]
        },
        {
            "text": "Vanessa Oakley",
            "box": [
                418,
                862,
                507,
                879
            ],
            "linking": [
                [
                    12,
                    38
                ]
            ],
            "label": "answer",
            "words": [
                {
                    "text": "Vanessa",
                    "box": [
                        418,
                        862,
                        464,
                        879
                    ]
                },
                {
                    "text": "Oakley",
                    "box": [
                        464,
                        862,
                        507,
                        879
                    ]
                }
            ]
        },
        {
            "text": "Melissa Andrews - TBM",
            "box": [
                418,
                884,
                544,
                903
            ],
            "linking": [
                [
                    12,
                    39
                ]
            ],
            "label": "answer",
            "words": [
                {
                    "text": "Melissa",
                    "box": [
                        418,
                        884,
                        460,
                        901
                    ]
                },
                {
                    "text": "Andrews",
                    "box": [
                        458,
                        885,
                        507,
                        903
                    ]
                },
                {
                    "text": "-",
                    "box": [
                        508,
                        888,
                        514,
                        896
                    ]
                },
                {
                    "text": "TBM",
                    "box": [
                        515,
                        885,
                        544,
                        902
                    ]
                }
            ]
        },
        {
            "text": "Tammi LaManna - M/ B",
            "box": [
                416,
                906,
                538,
                924
            ],
            "linking": [
                [
                    12,
                    40
                ]
            ],
            "label": "answer",
            "words": [
                {
                    "text": "Tammi",
                    "box": [
                        416,
                        906,
                        454,
                        923
                    ]
                },
                {
                    "text": "LaManna",
                    "box": [
                        458,
                        906,
                        504,
                        924
                    ]
                },
                {
                    "text": "-",
                    "box": [
                        507,
                        911,
                        514,
                        921
                    ]
                },
                {
                    "text": "M/",
                    "box": [
                        514,
                        908,
                        528,
                        922
                    ]
                },
                {
                    "text": "B",
                    "box": [
                        527,
                        908,
                        538,
                        921
                    ]
                }
            ]
        },
        {
            "text": "52251 2963",
            "box": [
                694,
                867,
                710,
                961
            ],
            "linking": [],
            "label": "other",
            "words": [
                {
                    "text": "52251",
                    "box": [
                        694,
                        867,
                        709,
                        914
                    ]
                },
                {
                    "text": "2963",
                    "box": [
                        696,
                        922,
                        710,
                        961
                    ]
                }
            ]
        }
    ]
}