{
    "form": [
        {
            "box": [
                113,
                233,
                135,
                248
            ],
            "text": "TO:",
            "label": "question",
            "words": [
                {
                    "box": [
                        113,
                        233,
                        135,
                        248
                    ],
                    "text": "TO:"
                }
            ],
            "linking": [
                [
                    0,
                    33
                ]
            ]
        },
        {
            "box": [
                115,
                274,
                199,
                287
            ],
            "text": "INSTRUCTIONS",
            "label": "header",
            "words": [
                {
                    "box": [
                        115,
                        274,
                        199,
                        287
                    ],
                    "text": "INSTRUCTIONS"
                }
            ],
            "linking": []
        },
        {
            "box": [
                520,
                534,
                581,
                548
            ],
            "text": "WELCOMED.",
            "label": "other",
            "words": [
                {
                    "box": [
                        520,
                        534,
                        581,
                        548
                    ],
                    "text": "WELCOMED."
                }
            ],
            "linking": []
        },
        {
            "box": [
                490,
                535,
                514,
                548
            ],
            "text": "ARE",
            "label": "other",
            "words": [
                {
                    "box": [
                        490,
                        535,
                        514,
                        548
                    ],
                    "text": "ARE"
                }
            ],
            "linking": []
        },
        {
            "box": [
                443,
                534,
                489,
                549
            ],
            "text": "AGENCY",
            "label": "other",
            "words": [
                {
                    "box": [
                        443,
                        534,
                        489,
                        549
                    ],
                    "text": "AGENCY"
                }
            ],
            "linking": []
        },
        {
            "box": [
                418,
                535,
                440,
                548
            ],
            "text": "THE",
            "label": "other",
            "words": [
                {
                    "box": [
                        418,
                        535,
                        440,
                        548
                    ],
                    "text": "THE"
                }
            ],
            "linking": []
        },
        {
            "box": [
                384,
                536,
                415,
                549
            ],
            "text": "FROM",
            "label": "other",
            "words": [
                {
                    "box": [
                        384,
                        536,
                        415,
                        549
                    ],
                    "text": "FROM"
                }
            ],
            "linking": []
        },
        {
            "box": [
                331,
                536,
                380,
                550
            ],
            "text": "DESIGNS",
            "label": "other",
            "words": [
                {
                    "box": [
                        331,
                        536,
                        380,
                        550
                    ],
                    "text": "DESIGNS"
                }
            ],
            "linking": []
        },
        {
            "box": [
                265,
                538,
                328,
                552
            ],
            "text": "ALTERNATE",
            "label": "other",
            "words": [
                {
                    "box": [
                        265,
                        538,
                        328,
                        552
                    ],
                    "text": "ALTERNATE"
                }
            ],
            "linking": []
        },
        {
            "box": [
                239,
                536,
                263,
                553
            ],
            "text": "FOR",
            "label": "other",
            "words": [
                {
                    "box": [
                        239,
                        536,
                        263,
                        553
                    ],
                    "text": "FOR"
                }
            ],
            "linking": []
        },
        {
            "box": [
                158,
                539,
                236,
                550
            ],
            "text": "SUGGESTIONS",
            "label": "other",
            "words": [
                {
                    "box": [
                        158,
                        539,
                        236,
                        550
                    ],
                    "text": "SUGGESTIONS"
                }
            ],
            "linking": []
        },
        {
            "box": [
                158,
                552,
                194,
                567
            ],
            "text": "THESE",
            "label": "other",
            "words": [
                {
                    "box": [
                        158,
                        552,
                        194,
                        567
                    ],
                    "text": "THESE"
                }
            ],
            "linking": []
        },
        {
            "box": [
                200,
                550,
                242,
                564
            ],
            "text": "SHOULD",
            "label": "other",
            "words": [
                {
                    "box": [
                        200,
                        550,
                        242,
                        564
                    ],
                    "text": "SHOULD"
                }
            ],
            "linking": []
        },
        {
            "box": [
                246,
                553,
                261,
                564
            ],
            "text": "BE",
            "label": "other",
            "words": [
                {
                    "box": [
                        246,
                        553,
                        261,
                        564
                    ],
                    "text": "BE"
                }
            ],
            "linking": []
        },
        {
            "box": [
                267,
                549,
                331,
                563
            ],
            "text": "SUBMITTED",
            "label": "other",
            "words": [
                {
                    "box": [
                        267,
                        549,
                        331,
                        563
                    ],
                    "text": "SUBMITTED"
                }
            ],
            "linking": []
        },
        {
            "box": [
                331,
                550,
                348,
                563
            ],
            "text": "AS",
            "label": "other",
            "words": [
                {
                    "box": [
                        331,
                        550,
                        348,
                        563
                    ],
                    "text": "AS"
                }
            ],
            "linking": []
        },
        {
            "box": [
                353,
                549,
                410,
                562
            ],
            "text": "SEPARATE",
            "label": "other",
            "words": [
                {
                    "box": [
                        353,
                        549,
                        410,
                        562
                    ],
                    "text": "SEPARATE"
                }
            ],
            "linking": []
        },
        {
            "box": [
                413,
                549,
                473,
                560
            ],
            "text": "DOCUMENTS",
            "label": "other",
            "words": [
                {
                    "box": [
                        413,
                        549,
                        473,
                        560
                    ],
                    "text": "DOCUMENTS"
                }
            ],
            "linking": []
        },
        {
            "box": [
                475,
                547,
                535,
                560
            ],
            "text": "APPENDED",
            "label": "other",
            "words": [
                {
                    "box": [
                        475,
                        547,
                        535,
                        560
                    ],
                    "text": "APPENDED"
                }
            ],
            "linking": []
        },
        {
            "box": [
                539,
                546,
                553,
                561
            ],
            "text": "TO",
            "label": "other",
            "words": [
                {
                    "box": [
                        539,
                        546,
                        553,
                        561
                    ],
                    "text": "TO"
                }
            ],
            "linking": []
        },
        {
            "box": [
                559,
                546,
                587,
                560
            ],
            "text": "THIS",
            "label": "other",
            "words": [
                {
                    "box": [
                        559,
                        546,
                        587,
                        560
                    ],
                    "text": "THIS"
                }
            ],
            "linking": []
        },
        {
            "box": [
                592,
                546,
                614,
                556
            ],
            "text": "BID",
            "label": "other",
            "words": [
                {
                    "box": [
                        592,
                        546,
                        614,
                        556
                    ],
                    "text": "BID"
                }
            ],
            "linking": []
        },
        {
            "box": [
                587,
                532,
                644,
                546
            ],
            "text": "HOWEVER,",
            "label": "other",
            "words": [
                {
                    "box": [
                        587,
                        532,
                        644,
                        546
                    ],
                    "text": "HOWEVER,"
                }
            ],
            "linking": []
        },
        {
            "box": [
                117,
                592,
                132,
                606
            ],
            "text": "3.",
            "label": "other",
            "words": [
                {
                    "box": [
                        117,
                        592,
                        132,
                        606
                    ],
                    "text": "3."
                }
            ],
            "linking": []
        },
        {
            "box": [
                159,
                656,
                183,
                671
            ],
            "text": "FAX",
            "label": "question",
            "words": [
                {
                    "box": [
                        159,
                        656,
                        183,
                        671
                    ],
                    "text": "FAX"
                }
            ],
            "linking": [
                [
                    24,
                    41
                ]
            ]
        },
        {
            "box": [
                186,
                656,
                235,
                669
            ],
            "text": "NUMBER:",
            "label": "question",
            "words": [
                {
                    "box": [
                        186,
                        656,
                        235,
                        669
                    ],
                    "text": "NUMBER:"
                }
            ],
            "linking": [
                [
                    25,
                    41
                ]
            ]
        },
        {
            "box": [
                506,
                837,
                616,
                858
            ],
            "text": "464565018",
            "label": "other",
            "words": [
                {
                    "box": [
                        506,
                        837,
                        616,
                        858
                    ],
                    "text": "464565018"
                }
            ],
            "linking": []
        },
        {
            "text": "BROWN & WILLIAMSON BID REQUEST FORM",
            "box": [
                260,
                81,
                496,
                99
            ],
            "linking": [],
            "label": "header",
            "words": [
                {
                    "text": "BROWN",
                    "box": [
                        260,
                        84,
                        296,
                        99
                    ]
                },
                {
                    "text": "&",
                    "box": [
                        297,
                        84,
                        310,
                        99
                    ]
                },
                {
                    "text": "WILLIAMSON",
                    "box": [
                        313,
                        82,
                        383,
                        97
                    ]
                },
                {
                    "text": "BID",
                    "box": [
                        385,
                        84,
                        407,
                        95
                    ]
                },
                {
                    "text": "REQUEST",
                    "box": [
                        412,
                        81,
                        461,
                        96
                    ]
                },
                {
                    "text": "FORM",
                    "box": [
                        464,
                        81,
                        496,
                        96
                    ]
                }
            ]
        },
        {
            "text": "(QUANTITATIVE RESEARCH)",
            "box": [
                299,
                108,
                454,
                125
            ],
            "linking": [],
            "label": "other",
            "words": [
                {
                    "text": "(QUANTITATIVE",
                    "box": [
                        299,
                        110,
                        390,
                        125
                    ]
                },
                {
                    "text": "RESEARCH)",
                    "box": [
                        394,
                        108,
                        454,
                        125
                    ]
                }
            ]
        },
        {
            "text": "PROJECT NUMBER:",
            "box": [
                110,
                179,
                215,
                192
            ],
            "linking": [
                [
                    29,
                    30
                ]
            ],
            "label": "question",
            "words": [
                {
                    "text": "PROJECT",
                    "box": [
                        110,
                        179,
                        162,
                        192
                    ]
                },
                {
                    "text": "NUMBER:",
                    "box": [
                        166,
                        179,
                        215,
                        190
                    ]
                }
            ]
        },
        {
            "text": "1991- 18",
            "box": [
                275,
                179,
                322,
                194
            ],
            "linking": [
                [
                    29,
                    30
                ]
            ],
            "label": "answer",
            "words": [
                {
                    "text": "1991-",
                    "box": [
                        275,
                        179,
                        307,
                        194
                    ]
                },
                {
                    "text": "18",
                    "box": [
                        307,
                        179,
                        322,
                        192
                    ]
                }
            ]
        },
        {
            "text": "B&W ORIGINATOR:",
            "box": [
                112,
                205,
                215,
                222
            ],
            "linking": [
                [
                    31,
                    32
                ]
            ],
            "label": "question",
            "words": [
                {
                    "text": "B&W",
                    "box": [
                        112,
                        205,
                        136,
                        222
                    ]
                },
                {
                    "text": "ORIGINATOR:",
                    "box": [
                        140,
                        205,
                        215,
                        222
                    ]
                }
            ]
        },
        {
            "text": "Mary D. Davis",
            "box": [
                233,
                205,
                323,
                222
            ],
            "linking": [
                [
                    31,
                    32
                ]
            ],
            "label": "answer",
            "words": [
                {
                    "text": "Mary",
                    "box": [
                        233,
                        205,
                        264,
                        222
                    ]
                },
                {
                    "text": "D.",
                    "box": [
                        265,
                        205,
                        283,
                        219
                    ]
                },
                {
                    "text": "Davis",
                    "box": [
                        288,
                        207,
                        323,
                        221
                    ]
                }
            ]
        },
        {
            "text": "Mr. Johnny Pedersen - Gallup",
            "box": [
                152,
                230,
                346,
                249
            ],
            "linking": [
                [
                    0,
                    33
                ]
            ],
            "label": "answer",
            "words": [
                {
                    "text": "Mr.",
                    "box": [
                        152,
                        232,
                        173,
                        249
                    ]
                },
                {
                    "text": "Johnny",
                    "box": [
                        180,
                        233,
                        225,
                        248
                    ]
                },
                {
                    "text": "Pedersen",
                    "box": [
                        228,
                        232,
                        284,
                        247
                    ]
                },
                {
                    "text": "-",
                    "box": [
                        286,
                        233,
                        297,
                        244
                    ]
                },
                {
                    "text": "Gallup",
                    "box": [
                        300,
                        230,
                        346,
                        244
                    ]
                }
            ]
        },
        {
            "text": "1. THE FOLLOWING DOCUMENT IS DIVIDED INTO TWO SECTIONS.",
            "box": [
                113,
                295,
                501,
                317
            ],
            "linking": [],
            "label": "other",
            "words": [
                {
                    "text": "1.",
                    "box": [
                        113,
                        300,
                        128,
                        317
                    ]
                },
                {
                    "text": "THE",
                    "box": [
                        155,
                        300,
                        177,
                        314
                    ]
                },
                {
                    "text": "FOLLOWING",
                    "box": [
                        180,
                        297,
                        247,
                        314
                    ]
                },
                {
                    "text": "DOCUMENT",
                    "box": [
                        249,
                        296,
                        305,
                        314
                    ]
                },
                {
                    "text": "IS",
                    "box": [
                        309,
                        297,
                        324,
                        314
                    ]
                },
                {
                    "text": "DIVIDED",
                    "box": [
                        330,
                        296,
                        379,
                        311
                    ]
                },
                {
                    "text": "INTO",
                    "box": [
                        383,
                        296,
                        411,
                        313
                    ]
                },
                {
                    "text": "TWO",
                    "box": [
                        415,
                        296,
                        439,
                        310
                    ]
                },
                {
                    "text": "SECTIONS.",
                    "box": [
                        441,
                        295,
                        501,
                        309
                    ]
                }
            ]
        },
        {
            "text": "OTHER INFORMATION",
            "box": [
                117,
                696,
                238,
                712
            ],
            "linking": [
                [
                    35,
                    36
                ],
                [
                    35,
                    37
                ]
            ],
            "label": "header",
            "words": [
                {
                    "text": "OTHER",
                    "box": [
                        117,
                        696,
                        155,
                        711
                    ]
                },
                {
                    "text": "INFORMATION",
                    "box": [
                        161,
                        697,
                        238,
                        712
                    ]
                }
            ]
        },
        {
            "text": "DATE REQUESTED:",
            "box": [
                119,
                723,
                222,
                739
            ],
            "linking": [
                [
                    36,
                    38
                ],
                [
                    35,
                    36
                ]
            ],
            "label": "question",
            "words": [
                {
                    "text": "DATE",
                    "box": [
                        119,
                        725,
                        150,
                        739
                    ]
                },
                {
                    "text": "REQUESTED:",
                    "box": [
                        152,
                        723,
                        222,
                        738
                    ]
                }
            ]
        },
        {
            "text": "DEADLINE FOR BID RECEIPT:",
            "box": [
                120,
                739,
                290,
                759
            ],
            "linking": [
                [
                    37,
                    39
                ],
                [
                    35,
                    37
                ]
            ],
            "label": "question",
            "words": [
                {
                    "text": "DEADLINE",
                    "box": [
                        120,
                        743,
                        174,
                        756
                    ]
                },
                {
                    "text": "FOR",
                    "box": [
                        180,
                        743,
                        204,
                        756
                    ]
                },
                {
                    "text": "BID",
                    "box": [
                        205,
                        742,
                        229,
                        757
                    ]
                },
                {
                    "text": "RECEIPT:",
                    "box": [
                        233,
                        739,
                        290,
                        759
                    ]
                }
            ]
        },
        {
            "text": "2/ 22 by courier",
            "box": [
                328,
                719,
                431,
                737
            ],
            "linking": [
                [
                    36,
                    38
                ]
            ],
            "label": "answer",
            "words": [
                {
                    "text": "2/",
                    "box": [
                        328,
                        719,
                        342,
                        736
                    ]
                },
                {
                    "text": "22",
                    "box": [
                        342,
                        723,
                        356,
                        737
                    ]
                },
                {
                    "text": "by",
                    "box": [
                        362,
                        722,
                        377,
                        736
                    ]
                },
                {
                    "text": "courier",
                    "box": [
                        381,
                        721,
                        431,
                        732
                    ]
                }
            ]
        },
        {
            "text": "3/1/91",
            "box": [
                325,
                740,
                370,
                758
            ],
            "linking": [
                [
                    37,
                    39
                ]
            ],
            "label": "answer",
            "words": [
                {
                    "text": "3/1/91",
                    "box": [
                        325,
                        740,
                        370,
                        758
                    ]
                }
            ]
        },
        {
            "text": "Mary D. Davis",
            "box": [
                170,
                628,
                262,
                644
            ],
            "linking": [
                [
                    42,
                    40
                ]
            ],
            "label": "answer",
            "words": [
                {
                    "text": "Mary",
                    "box": [
                        170,
                        628,
                        202,
                        643
                    ]
                },
                {
                    "text": "D.",
                    "box": [
                        205,
                        630,
                        220,
                        644
                    ]
                },
                {
                    "text": "Davis",
                    "box": [
                        226,
                        631,
                        262,
                        641
                    ]
                }
            ]
        },
        {
            "text": "1- 502- 568- 8092",
            "box": [
                249,
                656,
                345,
                671
            ],
            "linking": [
                [
                    24,
                    41
                ],
                [
                    25,
                    41
                ]
            ],
            "label": "answer",
            "words": [
                {
                    "text": "1-",
                    "box": [
                        249,
                        656,
                        260,
                        669
                    ]
                },
                {
                    "text": "502-",
                    "box": [
                        260,
                        656,
                        289,
                        671
                    ]
                },
                {
                    "text": "568-",
                    "box": [
                        288,
                        656,
                        315,
                        670
                    ]
                },
                {
                    "text": "8092",
                    "box": [
                        317,
                        656,
                        345,
                        671
                    ]
                }
            ]
        },
        {
            "text": "IF YOU HAVE ANY QUESTIONS, PLEASE CONTACT THE FOLLOWING PERSON:",
            "box": [
                159,
                584,
                581,
                606
            ],
            "linking": [
                [
                    42,
                    40
                ]
            ],
            "label": "question",
            "words": [
                {
                    "text": "IF",
                    "box": [
                        159,
                        591,
                        174,
                        605
                    ]
                },
                {
                    "text": "YOU",
                    "box": [
                        179,
                        592,
                        203,
                        606
                    ]
                },
                {
                    "text": "HAVE",
                    "box": [
                        207,
                        589,
                        236,
                        604
                    ]
                },
                {
                    "text": "ANY",
                    "box": [
                        240,
                        589,
                        262,
                        604
                    ]
                },
                {
                    "text": "QUESTIONS,",
                    "box": [
                        267,
                        589,
                        337,
                        603
                    ]
                },
                {
                    "text": "PLEASE",
                    "box": [
                        339,
                        589,
                        381,
                        602
                    ]
                },
                {
                    "text": "CONTACT",
                    "box": [
                        387,
                        587,
                        434,
                        602
                    ]
                },
                {
                    "text": "THE",
                    "box": [
                        440,
                        588,
                        462,
                        601
                    ]
                },
                {
                    "text": "FOLLOWING",
                    "box": [
                        465,
                        587,
                        528,
                        600
                    ]
                },
                {
                    "text": "PERSON:",
                    "box": [
                        534,
                        584,
                        581,
                        601
                    ]
                }
            ]
        },
        {
            "text": "2. IN ORDER TO ALLOW US TO COMPARE BIDS, WE REQUEST THAT YOU SUBMIT A BID FOR THE RESEARCH AS SPECIFIED IN SECTION ONE.",
            "box": [
                115,
                492,
                627,
                526
            ],
            "linking": [],
            "label": "other",
            "words": [
                {
                    "text": "2.",
                    "box": [
                        115,
                        500,
                        129,
                        515
                    ]
                },
                {
                    "text": "IN",
                    "box": [
                        158,
                        497,
                        175,
                        512
                    ]
                },
                {
                    "text": "ORDER",
                    "box": [
                        179,
                        497,
                        214,
                        512
                    ]
                },
                {
                    "text": "TO",
                    "box": [
                        218,
                        497,
                        236,
                        510
                    ]
                },
                {
                    "text": "ALLOW",
                    "box": [
                        239,
                        497,
                        274,
                        510
                    ]
                },
                {
                    "text": "US",
                    "box": [
                        277,
                        497,
                        294,
                        510
                    ]
                },
                {
                    "text": "TO",
                    "box": [
                        295,
                        497,
                        315,
                        510
                    ]
                },
                {
                    "text": "COMPARE",
                    "box": [
                        318,
                        496,
                        368,
                        510
                    ]
                },
                {
                    "text": "BIDS,",
                    "box": [
                        372,
                        497,
                        404,
                        510
                    ]
                },
                {
                    "text": "WE",
                    "box": [
                        409,
                        496,
                        426,
                        507
                    ]
                },
                {
                    "text": "REQUEST",
                    "box": [
                        432,
                        494,
                        482,
                        508
                    ]
                },
                {
                    "text": "THAT",
                    "box": [
                        485,
                        494,
                        512,
                        507
                    ]
                },
                {
                    "text": "YOU",
                    "box": [
                        518,
                        493,
                        539,
                        507
                    ]
                },
                {
                    "text": "SUBMIT",
                    "box": [
                        543,
                        493,
                        588,
                        508
                    ]
                },
                {
                    "text": "A",
                    "box": [
                        588,
                        493,
                        602,
                        504
                    ]
                },
                {
                    "text": "BID",
                    "box": [
                        605,
                        492,
                        627,
                        506
                    ]
                },
                {
                    "text": "FOR",
                    "box": [
                        159,
                        513,
                        180,
                        526
                    ]
                },
                {
                    "text": "THE",
                    "box": [
                        186,
                        514,
                        208,
                        525
                    ]
                },
                {
                    "text": "RESEARCH",
                    "box": [
                        212,
                        511,
                        269,
                        525
                    ]
                },
                {
                    "text": "AS",
                    "box": [
                        271,
                        513,
                        288,
                        524
                    ]
                },
                {
                    "text": "SPECIFIED",
                    "box": [
                        293,
                        511,
                        354,
                        524
                    ]
                },
                {
                    "text": "IN",
                    "box": [
                        358,
                        510,
                        375,
                        524
                    ]
                },
                {
                    "text": "SECTION",
                    "box": [
                        377,
                        510,
                        427,
                        523
                    ]
                },
                {
                    "text": "ONE.",
                    "box": [
                        430,
                        508,
                        457,
                        522
                    ]
                }
            ]
        },
        {
            "text": "1- 502- 568 8092",
            "box": [
                450,
                466,
                546,
                482
            ],
            "linking": [
                [
                    45,
                    44
                ]
            ],
            "label": "answer",
            "words": [
                {
                    "text": "1-",
                    "box": [
                        450,
                        469,
                        465,
                        482
                    ]
                },
                {
                    "text": "502-",
                    "box": [
                        465,
                        469,
                        492,
                        482
                    ]
                },
                {
                    "text": "568",
                    "box": [
                        490,
                        468,
                        517,
                        482
                    ]
                },
                {
                    "text": "8092",
                    "box": [
                        515,
                        466,
                        546,
                        480
                    ]
                }
            ]
        },
        {
            "text": "FAX MUMBER:",
            "box": [
                365,
                468,
                440,
                482
            ],
            "linking": [
                [
                    45,
                    44
                ]
            ],
            "label": "question",
            "words": [
                {
                    "text": "FAX",
                    "box": [
                        365,
                        468,
                        386,
                        482
                    ]
                },
                {
                    "text": "MUMBER:",
                    "box": [
                        391,
                        468,
                        440,
                        482
                    ]
                }
            ]
        },
        {
            "text": "MS. JACKIE KEY B&W LOUISVILLE, KENTUCKY U. S. A.",
            "box": [
                362,
                402,
                498,
                457
            ],
            "linking": [],
            "label": "other",
            "words": [
                {
                    "text": "MS.",
                    "box": [
                        362,
                        404,
                        384,
                        417
                    ]
                },
                {
                    "text": "JACKIE",
                    "box": [
                        392,
                        404,
                        431,
                        417
                    ]
                },
                {
                    "text": "KEY",
                    "box": [
                        437,
                        402,
                        457,
                        416
                    ]
                },
                {
                    "text": "B&W",
                    "box": [
                        363,
                        416,
                        387,
                        429
                    ]
                },
                {
                    "text": "LOUISVILLE,",
                    "box": [
                        365,
                        429,
                        438,
                        444
                    ]
                },
                {
                    "text": "KENTUCKY",
                    "box": [
                        444,
                        427,
                        498,
                        441
                    ]
                },
                {
                    "text": "U.",
                    "box": [
                        363,
                        444,
                        376,
                        455
                    ]
                },
                {
                    "text": "S.",
                    "box": [
                        376,
                        444,
                        390,
                        455
                    ]
                },
                {
                    "text": "A.",
                    "box": [
                        392,
                        446,
                        405,
                        457
                    ]
                }
            ]
        },
        {
            "text": "SECTION ONE",
            "box": [
                155,
                325,
                230,
                339
            ],
            "linking": [],
            "label": "question",
            "words": [
                {
                    "text": "SECTION",
                    "box": [
                        155,
                        325,
                        205,
                        339
                    ]
                },
                {
                    "text": "ONE",
                    "box": [
                        209,
                        325,
                        230,
                        338
                    ]
                }
            ]
        },
        {
            "text": "SECTION TWO",
            "box": [
                155,
                365,
                231,
                381
            ],
            "linking": [],
            "label": "question",
            "words": [
                {
                    "text": "SECTION",
                    "box": [
                        155,
                        366,
                        204,
                        381
                    ]
                },
                {
                    "text": "TWO",
                    "box": [
                        209,
                        365,
                        231,
                        379
                    ]
                }
            ]
        },
        {
            "text": "SHOULD BE COMPLETED BY THE RESEARCH AGENCY AND RETURNED BY",
            "box": [
                236,
                358,
                622,
                379
            ],
            "linking": [],
            "label": "other",
            "words": [
                {
                    "text": "SHOULD",
                    "box": [
                        236,
                        365,
                        279,
                        379
                    ]
                },
                {
                    "text": "BE",
                    "box": [
                        282,
                        365,
                        297,
                        379
                    ]
                },
                {
                    "text": "COMPLETED",
                    "box": [
                        303,
                        363,
                        364,
                        377
                    ]
                },
                {
                    "text": "BY",
                    "box": [
                        369,
                        365,
                        384,
                        376
                    ]
                },
                {
                    "text": "THE",
                    "box": [
                        392,
                        363,
                        412,
                        377
                    ]
                },
                {
                    "text": "RESEARCH",
                    "box": [
                        416,
                        363,
                        470,
                        376
                    ]
                },
                {
                    "text": "AGENCY",
                    "box": [
                        475,
                        360,
                        520,
                        375
                    ]
                },
                {
                    "text": "AND",
                    "box": [
                        522,
                        359,
                        546,
                        374
                    ]
                },
                {
                    "text": "RETURNED",
                    "box": [
                        549,
                        358,
                        605,
                        373
                    ]
                },
                {
                    "text": "BY",
                    "box": [
                        608,
                        359,
                        622,
                        374
                    ]
                }
            ]
        },
        {
            "text": "FAX TO THE FOLLOWING PERSON:",
            "box": [
                156,
                378,
                343,
                393
            ],
            "linking": [],
            "label": "other",
            "words": [
                {
                    "text": "FAX",
                    "box": [
                        156,
                        380,
                        178,
                        391
                    ]
                },
                {
                    "text": "TO",
                    "box": [
                        182,
                        380,
                        200,
                        393
                    ]
                },
                {
                    "text": "THE",
                    "box": [
                        204,
                        380,
                        226,
                        393
                    ]
                },
                {
                    "text": "FOLLOWING",
                    "box": [
                        228,
                        380,
                        292,
                        391
                    ]
                },
                {
                    "text": "PERSON:",
                    "box": [
                        296,
                        378,
                        343,
                        392
                    ]
                }
            ]
        },
        {
            "text": "CONTAINS THE PROJECT DESCRIPTIONS AND SPECIFICATIONS FROM",
            "box": [
                235,
                320,
                617,
                339
            ],
            "linking": [],
            "label": "other",
            "words": [
                {
                    "text": "CONTAINS",
                    "box": [
                        235,
                        324,
                        291,
                        339
                    ]
                },
                {
                    "text": "THE",
                    "box": [
                        296,
                        325,
                        318,
                        339
                    ]
                },
                {
                    "text": "PROJECT",
                    "box": [
                        321,
                        324,
                        370,
                        338
                    ]
                },
                {
                    "text": "DESCRIPTIONS",
                    "box": [
                        376,
                        323,
                        457,
                        338
                    ]
                },
                {
                    "text": "AND",
                    "box": [
                        461,
                        324,
                        486,
                        337
                    ]
                },
                {
                    "text": "SPECIFICATIONS",
                    "box": [
                        489,
                        320,
                        584,
                        337
                    ]
                },
                {
                    "text": "FROM",
                    "box": [
                        589,
                        320,
                        617,
                        333
                    ]
                }
            ]
        },
        {
            "text": "B&W. ALL BIDS SHOULD BE BASED ON THE SPECIFICATIONS IN THIS DOCUMENT.",
            "box": [
                155,
                334,
                621,
                352
            ],
            "linking": [],
            "label": "other",
            "words": [
                {
                    "text": "B&W.",
                    "box": [
                        155,
                        339,
                        182,
                        352
                    ]
                },
                {
                    "text": "ALL",
                    "box": [
                        198,
                        339,
                        219,
                        352
                    ]
                },
                {
                    "text": "BIDS",
                    "box": [
                        223,
                        338,
                        251,
                        352
                    ]
                },
                {
                    "text": "SHOULD",
                    "box": [
                        256,
                        337,
                        298,
                        351
                    ]
                },
                {
                    "text": "BE",
                    "box": [
                        304,
                        338,
                        318,
                        352
                    ]
                },
                {
                    "text": "BASED",
                    "box": [
                        323,
                        337,
                        359,
                        350
                    ]
                },
                {
                    "text": "ON",
                    "box": [
                        360,
                        338,
                        378,
                        349
                    ]
                },
                {
                    "text": "THE",
                    "box": [
                        384,
                        337,
                        405,
                        350
                    ]
                },
                {
                    "text": "SPECIFICATIONS",
                    "box": [
                        411,
                        337,
                        505,
                        351
                    ]
                },
                {
                    "text": "IN",
                    "box": [
                        508,
                        335,
                        525,
                        346
                    ]
                },
                {
                    "text": "THIS",
                    "box": [
                        531,
                        335,
                        556,
                        348
                    ]
                },
                {
                    "text": "DOCUMENT.",
                    "box": [
                        560,
                        334,
                        621,
                        344
                    ]
                }
            ]
        }
    ]
}