{
    "form": [
        {
            "box": [
                461,
                22,
                508,
                40
            ],
            "text": "Date:",
            "label": "question",
            "words": [
                {
                    "box": [
                        461,
                        22,
                        508,
                        40
                    ],
                    "text": "Date:"
                }
            ],
            "linking": [
                [
                    0,
                    33
                ]
            ]
        },
        {
            "box": [
                571,
                75,
                593,
                93
            ],
            "text": "on",
            "label": "question",
            "words": [
                {
                    "box": [
                        571,
                        75,
                        593,
                        93
                    ],
                    "text": "on"
                }
            ],
            "linking": [
                [
                    1,
                    34
                ]
            ]
        },
        {
            "box": [
                380,
                49,
                421,
                62
            ],
            "text": "5031",
            "label": "answer",
            "words": [
                {
                    "box": [
                        380,
                        49,
                        421,
                        62
                    ],
                    "text": "5031"
                }
            ],
            "linking": [
                [
                    37,
                    2
                ]
            ]
        },
        {
            "box": [
                54,
                123,
                106,
                137
            ],
            "text": "BLEND",
            "label": "question",
            "words": [
                {
                    "box": [
                        54,
                        123,
                        106,
                        137
                    ],
                    "text": "BLEND"
                }
            ],
            "linking": []
        },
        {
            "box": [
                179,
                124,
                238,
                141
            ],
            "text": "CASING",
            "label": "question",
            "words": [
                {
                    "box": [
                        179,
                        124,
                        238,
                        141
                    ],
                    "text": "CASING"
                }
            ],
            "linking": []
        },
        {
            "box": [
                309,
                124,
                389,
                142
            ],
            "text": "RECASING",
            "label": "question",
            "words": [
                {
                    "box": [
                        309,
                        124,
                        389,
                        142
                    ],
                    "text": "RECASING"
                }
            ],
            "linking": []
        },
        {
            "box": [
                56,
                295,
                161,
                310
            ],
            "text": "Cigarettes:",
            "label": "header",
            "words": [
                {
                    "box": [
                        56,
                        295,
                        161,
                        310
                    ],
                    "text": "Cigarettes:"
                }
            ],
            "linking": [
                [
                    6,
                    7
                ],
                [
                    6,
                    8
                ],
                [
                    6,
                    9
                ],
                [
                    6,
                    10
                ],
                [
                    6,
                    11
                ],
                [
                    6,
                    12
                ],
                [
                    6,
                    13
                ],
                [
                    6,
                    51
                ],
                [
                    6,
                    14
                ],
                [
                    6,
                    52
                ]
            ]
        },
        {
            "box": [
                74,
                321,
                124,
                335
            ],
            "text": "Brand",
            "label": "question",
            "words": [
                {
                    "box": [
                        74,
                        321,
                        124,
                        335
                    ],
                    "text": "Brand"
                }
            ],
            "linking": [
                [
                    6,
                    7
                ],
                [
                    7,
                    43
                ]
            ]
        },
        {
            "box": [
                74,
                339,
                133,
                353
            ],
            "text": "Length",
            "label": "question",
            "words": [
                {
                    "box": [
                        74,
                        339,
                        133,
                        353
                    ],
                    "text": "Length"
                }
            ],
            "linking": [
                [
                    6,
                    8
                ],
                [
                    8,
                    44
                ]
            ]
        },
        {
            "box": [
                74,
                355,
                198,
                370
            ],
            "text": "Circumference",
            "label": "question",
            "words": [
                {
                    "box": [
                        74,
                        355,
                        198,
                        370
                    ],
                    "text": "Circumference"
                }
            ],
            "linking": [
                [
                    6,
                    9
                ],
                [
                    9,
                    45
                ]
            ]
        },
        {
            "box": [
                75,
                373,
                122,
                387
            ],
            "text": "Paper",
            "label": "question",
            "words": [
                {
                    "box": [
                        75,
                        373,
                        122,
                        387
                    ],
                    "text": "Paper"
                }
            ],
            "linking": [
                [
                    6,
                    10
                ],
                [
                    10,
                    46
                ]
            ]
        },
        {
            "box": [
                75,
                388,
                152,
                403
            ],
            "text": "Firmness",
            "label": "question",
            "words": [
                {
                    "box": [
                        75,
                        388,
                        152,
                        403
                    ],
                    "text": "Firmness"
                }
            ],
            "linking": [
                [
                    6,
                    11
                ],
                [
                    11,
                    47
                ]
            ]
        },
        {
            "box": [
                75,
                406,
                114,
                420
            ],
            "text": "Draw",
            "label": "question",
            "words": [
                {
                    "box": [
                        75,
                        406,
                        114,
                        420
                    ],
                    "text": "Draw"
                }
            ],
            "linking": [
                [
                    6,
                    12
                ],
                [
                    12,
                    48
                ]
            ]
        },
        {
            "box": [
                73,
                422,
                132,
                436
            ],
            "text": "Weight",
            "label": "question",
            "words": [
                {
                    "box": [
                        73,
                        422,
                        132,
                        436
                    ],
                    "text": "Weight"
                }
            ],
            "linking": [
                [
                    6,
                    13
                ],
                [
                    13,
                    49
                ]
            ]
        },
        {
            "box": [
                75,
                455,
                120,
                469
            ],
            "text": "Print",
            "label": "question",
            "words": [
                {
                    "box": [
                        75,
                        455,
                        120,
                        469
                    ],
                    "text": "Print"
                }
            ],
            "linking": [
                [
                    6,
                    14
                ],
                [
                    14,
                    50
                ]
            ]
        },
        {
            "box": [
                419,
                426,
                513,
                444
            ],
            "text": "Wrappings:",
            "label": "header",
            "words": [
                {
                    "box": [
                        419,
                        426,
                        513,
                        444
                    ],
                    "text": "Wrappings:"
                }
            ],
            "linking": [
                [
                    15,
                    16
                ],
                [
                    15,
                    17
                ],
                [
                    15,
                    57
                ],
                [
                    15,
                    18
                ],
                [
                    15,
                    19
                ]
            ]
        },
        {
            "box": [
                439,
                450,
                499,
                467
            ],
            "text": "Labels",
            "label": "question",
            "words": [
                {
                    "box": [
                        439,
                        450,
                        499,
                        467
                    ],
                    "text": "Labels"
                }
            ],
            "linking": [
                [
                    15,
                    16
                ],
                [
                    16,
                    53
                ]
            ]
        },
        {
            "box": [
                439,
                471,
                516,
                486
            ],
            "text": "Closures",
            "label": "question",
            "words": [
                {
                    "box": [
                        439,
                        471,
                        516,
                        486
                    ],
                    "text": "Closures"
                }
            ],
            "linking": [
                [
                    15,
                    17
                ],
                [
                    17,
                    54
                ]
            ]
        },
        {
            "box": [
                437,
                504,
                505,
                519
            ],
            "text": "Cartons",
            "label": "question",
            "words": [
                {
                    "box": [
                        437,
                        504,
                        505,
                        519
                    ],
                    "text": "Cartons"
                }
            ],
            "linking": [
                [
                    15,
                    18
                ],
                [
                    18,
                    55
                ]
            ]
        },
        {
            "box": [
                436,
                521,
                517,
                536
            ],
            "text": "Markings",
            "label": "question",
            "words": [
                {
                    "box": [
                        436,
                        521,
                        517,
                        536
                    ],
                    "text": "Markings"
                }
            ],
            "linking": [
                [
                    15,
                    19
                ],
                [
                    19,
                    56
                ]
            ]
        },
        {
            "box": [
                550,
                489,
                591,
                503
            ],
            "text": "Gold",
            "label": "answer",
            "words": [
                {
                    "box": [
                        550,
                        489,
                        591,
                        503
                    ],
                    "text": "Gold"
                }
            ],
            "linking": [
                [
                    57,
                    20
                ]
            ]
        },
        {
            "box": [
                53,
                515,
                175,
                532
            ],
            "text": "Requirements:",
            "label": "header",
            "words": [
                {
                    "box": [
                        53,
                        515,
                        175,
                        532
                    ],
                    "text": "Requirements:"
                }
            ],
            "linking": [
                [
                    21,
                    23
                ],
                [
                    21,
                    24
                ]
            ]
        },
        {
            "box": [
                50,
                651,
                192,
                666
            ],
            "text": "Responsibility:",
            "label": "header",
            "words": [
                {
                    "box": [
                        50,
                        651,
                        192,
                        666
                    ],
                    "text": "Responsibility:"
                }
            ],
            "linking": [
                [
                    22,
                    65
                ],
                [
                    22,
                    66
                ],
                [
                    22,
                    67
                ],
                [
                    22,
                    25
                ]
            ]
        },
        {
            "box": [
                73,
                542,
                168,
                557
            ],
            "text": "Laboratory",
            "label": "question",
            "words": [
                {
                    "box": [
                        73,
                        542,
                        168,
                        557
                    ],
                    "text": "Laboratory"
                }
            ],
            "linking": [
                [
                    21,
                    23
                ],
                [
                    23,
                    58
                ]
            ]
        },
        {
            "box": [
                73,
                559,
                130,
                576
            ],
            "text": "Others",
            "label": "question",
            "words": [
                {
                    "box": [
                        73,
                        559,
                        130,
                        576
                    ],
                    "text": "Others"
                }
            ],
            "linking": [
                [
                    21,
                    24
                ]
            ]
        },
        {
            "box": [
                71,
                726,
                148,
                743
            ],
            "text": "Shipping",
            "label": "question",
            "words": [
                {
                    "box": [
                        71,
                        726,
                        148,
                        743
                    ],
                    "text": "Shipping"
                }
            ],
            "linking": [
                [
                    22,
                    25
                ]
            ]
        },
        {
            "box": [
                50,
                760,
                130,
                777
            ],
            "text": "Reports:",
            "label": "header",
            "words": [
                {
                    "box": [
                        50,
                        760,
                        130,
                        777
                    ],
                    "text": "Reports:"
                }
            ],
            "linking": [
                [
                    26,
                    70
                ],
                [
                    26,
                    71
                ],
                [
                    26,
                    72
                ]
            ]
        },
        {
            "box": [
                658,
                768,
                676,
                862
            ],
            "text": "00283913",
            "label": "other",
            "words": [
                {
                    "box": [
                        658,
                        768,
                        676,
                        862
                    ],
                    "text": "00283913"
                }
            ],
            "linking": []
        },
        {
            "box": [
                440,
                899,
                705,
                951
            ],
            "text": "",
            "label": "other",
            "words": [
                {
                    "box": [
                        440,
                        899,
                        705,
                        951
                    ],
                    "text": ""
                }
            ],
            "linking": []
        },
        {
            "box": [
                316,
                638,
                337,
                646
            ],
            "text": "-",
            "label": "other",
            "words": [
                {
                    "box": [
                        316,
                        638,
                        337,
                        646
                    ],
                    "text": "-"
                }
            ],
            "linking": []
        },
        {
            "box": [
                20,
                95,
                48,
                127
            ],
            "text": "",
            "label": "other",
            "words": [
                {
                    "box": [
                        20,
                        95,
                        48,
                        127
                    ],
                    "text": ""
                }
            ],
            "linking": []
        },
        {
            "box": [
                20,
                469,
                48,
                500
            ],
            "text": "",
            "label": "other",
            "words": [
                {
                    "box": [
                        20,
                        469,
                        48,
                        500
                    ],
                    "text": ""
                }
            ],
            "linking": []
        },
        {
            "box": [
                21,
                825,
                38,
                866
            ],
            "text": "",
            "label": "other",
            "words": [
                {
                    "box": [
                        21,
                        825,
                        38,
                        866
                    ],
                    "text": ""
                }
            ],
            "linking": []
        },
        {
            "text": "7/ 16/ 68",
            "box": [
                601,
                21,
                670,
                42
            ],
            "linking": [
                [
                    0,
                    33
                ]
            ],
            "label": "answer",
            "words": [
                {
                    "text": "7/",
                    "box": [
                        601,
                        21,
                        623,
                        41
                    ]
                },
                {
                    "text": "16/",
                    "box": [
                        623,
                        21,
                        652,
                        42
                    ]
                },
                {
                    "text": "68",
                    "box": [
                        649,
                        24,
                        670,
                        39
                    ]
                }
            ]
        },
        {
            "text": "7/ 10/ 68",
            "box": [
                663,
                73,
                735,
                94
            ],
            "linking": [
                [
                    1,
                    34
                ]
            ],
            "label": "answer",
            "words": [
                {
                    "text": "7/",
                    "box": [
                        663,
                        74,
                        685,
                        91
                    ]
                },
                {
                    "text": "10/",
                    "box": [
                        686,
                        73,
                        714,
                        94
                    ]
                },
                {
                    "text": "68",
                    "box": [
                        711,
                        75,
                        735,
                        93
                    ]
                }
            ]
        },
        {
            "text": "Mr. C. L. Tucker, Jr.",
            "box": [
                334,
                71,
                525,
                89
            ],
            "linking": [
                [
                    36,
                    35
                ]
            ],
            "label": "answer",
            "words": [
                {
                    "text": "Mr.",
                    "box": [
                        334,
                        71,
                        361,
                        88
                    ]
                },
                {
                    "text": "C.",
                    "box": [
                        370,
                        71,
                        388,
                        88
                    ]
                },
                {
                    "text": "L.",
                    "box": [
                        398,
                        73,
                        416,
                        88
                    ]
                },
                {
                    "text": "Tucker,",
                    "box": [
                        425,
                        71,
                        491,
                        89
                    ]
                },
                {
                    "text": "Jr.",
                    "box": [
                        500,
                        73,
                        525,
                        88
                    ]
                }
            ]
        },
        {
            "text": "Original request made by",
            "box": [
                56,
                70,
                285,
                90
            ],
            "linking": [
                [
                    36,
                    35
                ]
            ],
            "label": "question",
            "words": [
                {
                    "text": "Original",
                    "box": [
                        56,
                        70,
                        134,
                        87
                    ]
                },
                {
                    "text": "request",
                    "box": [
                        140,
                        71,
                        210,
                        88
                    ]
                },
                {
                    "text": "made",
                    "box": [
                        216,
                        73,
                        257,
                        90
                    ]
                },
                {
                    "text": "by",
                    "box": [
                        261,
                        71,
                        285,
                        89
                    ]
                }
            ]
        },
        {
            "text": "Sample No.",
            "box": [
                263,
                45,
                357,
                65
            ],
            "linking": [
                [
                    37,
                    2
                ]
            ],
            "label": "question",
            "words": [
                {
                    "text": "Sample",
                    "box": [
                        263,
                        45,
                        320,
                        65
                    ]
                },
                {
                    "text": "No.",
                    "box": [
                        328,
                        46,
                        357,
                        64
                    ]
                }
            ]
        },
        {
            "text": "Sample specifications written by",
            "box": [
                57,
                95,
                360,
                116
            ],
            "linking": [
                [
                    38,
                    39
                ]
            ],
            "label": "question",
            "words": [
                {
                    "text": "Sample",
                    "box": [
                        57,
                        95,
                        116,
                        113
                    ]
                },
                {
                    "text": "specifications",
                    "box": [
                        122,
                        98,
                        257,
                        116
                    ]
                },
                {
                    "text": "written",
                    "box": [
                        263,
                        99,
                        330,
                        114
                    ]
                },
                {
                    "text": "by",
                    "box": [
                        335,
                        96,
                        360,
                        114
                    ]
                }
            ]
        },
        {
            "text": "John H. M. Bohlken",
            "box": [
                426,
                98,
                595,
                118
            ],
            "linking": [
                [
                    38,
                    39
                ]
            ],
            "label": "answer",
            "words": [
                {
                    "text": "John",
                    "box": [
                        426,
                        98,
                        465,
                        115
                    ]
                },
                {
                    "text": "H.",
                    "box": [
                        471,
                        101,
                        491,
                        116
                    ]
                },
                {
                    "text": "M.",
                    "box": [
                        499,
                        101,
                        519,
                        115
                    ]
                },
                {
                    "text": "Bohlken",
                    "box": [
                        528,
                        101,
                        595,
                        118
                    ]
                }
            ]
        },
        {
            "text": "OLD GOLD STRAIGHT Tobacco Blend Control for Sample No. 5030",
            "box": [
                64,
                158,
                353,
                210
            ],
            "linking": [],
            "label": "other",
            "words": [
                {
                    "text": "OLD",
                    "box": [
                        64,
                        159,
                        95,
                        172
                    ]
                },
                {
                    "text": "GOLD",
                    "box": [
                        101,
                        158,
                        142,
                        173
                    ]
                },
                {
                    "text": "STRAIGHT",
                    "box": [
                        147,
                        158,
                        224,
                        175
                    ]
                },
                {
                    "text": "Tobacco",
                    "box": [
                        230,
                        159,
                        297,
                        174
                    ]
                },
                {
                    "text": "Blend",
                    "box": [
                        306,
                        159,
                        353,
                        174
                    ]
                },
                {
                    "text": "Control",
                    "box": [
                        66,
                        191,
                        132,
                        208
                    ]
                },
                {
                    "text": "for",
                    "box": [
                        137,
                        191,
                        169,
                        208
                    ]
                },
                {
                    "text": "Sample",
                    "box": [
                        176,
                        193,
                        233,
                        207
                    ]
                },
                {
                    "text": "No.",
                    "box": [
                        240,
                        193,
                        268,
                        210
                    ]
                },
                {
                    "text": "5030",
                    "box": [
                        278,
                        193,
                        317,
                        207
                    ]
                }
            ]
        },
        {
            "text": "MENTHOL FLAVOR",
            "box": [
                637,
                128,
                771,
                146
            ],
            "linking": [],
            "label": "question",
            "words": [
                {
                    "text": "MENTHOL",
                    "box": [
                        637,
                        128,
                        707,
                        146
                    ]
                },
                {
                    "text": "FLAVOR",
                    "box": [
                        712,
                        128,
                        771,
                        146
                    ]
                }
            ]
        },
        {
            "text": "FINAL FLAVOR",
            "box": [
                448,
                126,
                564,
                144
            ],
            "linking": [],
            "label": "question",
            "words": [
                {
                    "text": "FINAL",
                    "box": [
                        448,
                        126,
                        500,
                        143
                    ]
                },
                {
                    "text": "FLAVOR",
                    "box": [
                        507,
                        127,
                        564,
                        144
                    ]
                }
            ]
        },
        {
            "text": "OLD GOLD STRAIGHT",
            "box": [
                239,
                323,
                398,
                340
            ],
            "linking": [
                [
                    7,
                    43
                ]
            ],
            "label": "answer",
            "words": [
                {
                    "text": "OLD",
                    "box": [
                        239,
                        323,
                        270,
                        334
                    ]
                },
                {
                    "text": "GOLD",
                    "box": [
                        277,
                        323,
                        315,
                        338
                    ]
                },
                {
                    "text": "STRAIGHT",
                    "box": [
                        323,
                        323,
                        398,
                        340
                    ]
                }
            ]
        },
        {
            "text": "85 mm.",
            "box": [
                239,
                339,
                294,
                353
            ],
            "linking": [
                [
                    8,
                    44
                ]
            ],
            "label": "answer",
            "words": [
                {
                    "text": "85",
                    "box": [
                        239,
                        339,
                        259,
                        353
                    ]
                },
                {
                    "text": "mm.",
                    "box": [
                        265,
                        341,
                        294,
                        352
                    ]
                }
            ]
        },
        {
            "text": "25. 3 mm.",
            "box": [
                240,
                355,
                313,
                371
            ],
            "linking": [
                [
                    9,
                    45
                ]
            ],
            "label": "answer",
            "words": [
                {
                    "text": "25.",
                    "box": [
                        240,
                        355,
                        265,
                        370
                    ]
                },
                {
                    "text": "3",
                    "box": [
                        268,
                        355,
                        278,
                        369
                    ]
                },
                {
                    "text": "mm.",
                    "box": [
                        284,
                        358,
                        313,
                        371
                    ]
                }
            ]
        },
        {
            "text": "Ecusta 556",
            "box": [
                237,
                372,
                332,
                386
            ],
            "linking": [
                [
                    10,
                    46
                ]
            ],
            "label": "answer",
            "words": [
                {
                    "text": "Ecusta",
                    "box": [
                        237,
                        372,
                        296,
                        386
                    ]
                },
                {
                    "text": "556",
                    "box": [
                        304,
                        372,
                        332,
                        385
                    ]
                }
            ]
        },
        {
            "text": "OLD GOLD STRAIGHT",
            "box": [
                237,
                387,
                397,
                403
            ],
            "linking": [
                [
                    11,
                    47
                ]
            ],
            "label": "answer",
            "words": [
                {
                    "text": "OLD",
                    "box": [
                        237,
                        388,
                        266,
                        402
                    ]
                },
                {
                    "text": "GOLD",
                    "box": [
                        277,
                        387,
                        313,
                        402
                    ]
                },
                {
                    "text": "STRAIGHT",
                    "box": [
                        323,
                        388,
                        397,
                        403
                    ]
                }
            ]
        },
        {
            "text": "OLD GOLD STRAIGHT",
            "box": [
                239,
                405,
                397,
                420
            ],
            "linking": [
                [
                    12,
                    48
                ]
            ],
            "label": "answer",
            "words": [
                {
                    "text": "OLD",
                    "box": [
                        239,
                        405,
                        267,
                        418
                    ]
                },
                {
                    "text": "GOLD",
                    "box": [
                        275,
                        405,
                        314,
                        419
                    ]
                },
                {
                    "text": "STRAIGHT",
                    "box": [
                        323,
                        405,
                        397,
                        420
                    ]
                }
            ]
        },
        {
            "text": "OLD GOLD STRAIGHT",
            "box": [
                237,
                420,
                398,
                435
            ],
            "linking": [
                [
                    13,
                    49
                ]
            ],
            "label": "answer",
            "words": [
                {
                    "text": "OLD",
                    "box": [
                        237,
                        420,
                        268,
                        434
                    ]
                },
                {
                    "text": "GOLD",
                    "box": [
                        275,
                        420,
                        316,
                        434
                    ]
                },
                {
                    "text": "STRAIGHT",
                    "box": [
                        320,
                        420,
                        398,
                        435
                    ]
                }
            ]
        },
        {
            "text": "OLD GOLD STRAIGHT",
            "box": [
                237,
                459,
                396,
                476
            ],
            "linking": [
                [
                    14,
                    50
                ]
            ],
            "label": "answer",
            "words": [
                {
                    "text": "OLD",
                    "box": [
                        237,
                        459,
                        266,
                        476
                    ]
                },
                {
                    "text": "GOLD",
                    "box": [
                        274,
                        461,
                        315,
                        475
                    ]
                },
                {
                    "text": "STRAIGHT",
                    "box": [
                        321,
                        461,
                        396,
                        476
                    ]
                }
            ]
        },
        {
            "text": "Tipping Paper",
            "box": [
                73,
                440,
                197,
                455
            ],
            "linking": [
                [
                    6,
                    51
                ]
            ],
            "label": "question",
            "words": [
                {
                    "text": "Tipping",
                    "box": [
                        73,
                        440,
                        141,
                        455
                    ]
                },
                {
                    "text": "Paper",
                    "box": [
                        148,
                        440,
                        197,
                        455
                    ]
                }
            ]
        },
        {
            "text": "Filter Length",
            "box": [
                73,
                473,
                198,
                488
            ],
            "linking": [
                [
                    6,
                    52
                ]
            ],
            "label": "question",
            "words": [
                {
                    "text": "Filter",
                    "box": [
                        73,
                        473,
                        132,
                        488
                    ]
                },
                {
                    "text": "Length",
                    "box": [
                        138,
                        473,
                        198,
                        487
                    ]
                }
            ]
        },
        {
            "text": "OLD GOLD STRAIGHT",
            "box": [
                550,
                454,
                711,
                472
            ],
            "linking": [
                [
                    16,
                    53
                ]
            ],
            "label": "answer",
            "words": [
                {
                    "text": "OLD",
                    "box": [
                        550,
                        454,
                        582,
                        469
                    ]
                },
                {
                    "text": "GOLD",
                    "box": [
                        589,
                        455,
                        627,
                        469
                    ]
                },
                {
                    "text": "STRAIGHT",
                    "box": [
                        634,
                        455,
                        711,
                        472
                    ]
                }
            ]
        },
        {
            "text": "Standard Blue",
            "box": [
                550,
                471,
                672,
                487
            ],
            "linking": [
                [
                    17,
                    54
                ]
            ],
            "label": "answer",
            "words": [
                {
                    "text": "Standard",
                    "box": [
                        550,
                        471,
                        627,
                        486
                    ]
                },
                {
                    "text": "Blue",
                    "box": [
                        633,
                        473,
                        672,
                        487
                    ]
                }
            ]
        },
        {
            "text": "OLD GOLD STRAIGHT",
            "box": [
                552,
                506,
                710,
                521
            ],
            "linking": [
                [
                    18,
                    55
                ]
            ],
            "label": "answer",
            "words": [
                {
                    "text": "OLD",
                    "box": [
                        552,
                        506,
                        581,
                        520
                    ]
                },
                {
                    "text": "GOLD",
                    "box": [
                        589,
                        506,
                        627,
                        521
                    ]
                },
                {
                    "text": "STRAIGHT",
                    "box": [
                        635,
                        507,
                        710,
                        521
                    ]
                }
            ]
        },
        {
            "text": "Sample number on each pack and carton",
            "box": [
                550,
                522,
                747,
                554
            ],
            "linking": [
                [
                    19,
                    56
                ]
            ],
            "label": "answer",
            "words": [
                {
                    "text": "Sample",
                    "box": [
                        550,
                        522,
                        606,
                        537
                    ]
                },
                {
                    "text": "number",
                    "box": [
                        616,
                        522,
                        675,
                        536
                    ]
                },
                {
                    "text": "on",
                    "box": [
                        680,
                        525,
                        700,
                        536
                    ]
                },
                {
                    "text": "each",
                    "box": [
                        709,
                        524,
                        747,
                        539
                    ]
                },
                {
                    "text": "pack",
                    "box": [
                        550,
                        539,
                        591,
                        553
                    ]
                },
                {
                    "text": "and",
                    "box": [
                        599,
                        538,
                        627,
                        553
                    ]
                },
                {
                    "text": "carton",
                    "box": [
                        634,
                        539,
                        693,
                        554
                    ]
                }
            ]
        },
        {
            "text": "Tear Tape",
            "box": [
                439,
                486,
                526,
                502
            ],
            "linking": [
                [
                    15,
                    57
                ],
                [
                    57,
                    20
                ]
            ],
            "label": "question",
            "words": [
                {
                    "text": "Tear",
                    "box": [
                        439,
                        486,
                        480,
                        499
                    ]
                },
                {
                    "text": "Tape",
                    "box": [
                        485,
                        487,
                        526,
                        502
                    ]
                }
            ]
        },
        {
            "text": "One Tray",
            "box": [
                236,
                542,
                314,
                562
            ],
            "linking": [
                [
                    23,
                    58
                ]
            ],
            "label": "answer",
            "words": [
                {
                    "text": "One",
                    "box": [
                        236,
                        543,
                        267,
                        558
                    ]
                },
                {
                    "text": "Tray",
                    "box": [
                        272,
                        542,
                        314,
                        562
                    ]
                }
            ]
        },
        {
            "text": "Laboratory Analysis:",
            "box": [
                52,
                591,
                242,
                607
            ],
            "linking": [
                [
                    59,
                    64
                ],
                [
                    59,
                    63
                ]
            ],
            "label": "question",
            "words": [
                {
                    "text": "Laboratory",
                    "box": [
                        52,
                        591,
                        150,
                        606
                    ]
                },
                {
                    "text": "Analysis:",
                    "box": [
                        158,
                        592,
                        242,
                        607
                    ]
                }
            ]
        },
        {
            "text": "",
            "box": [
                232,
                566,
                441,
                621
            ],
            "linking": [],
            "label": "other",
            "words": [
                {
                    "text": "",
                    "box": [
                        345,
                        566,
                        366,
                        587
                    ]
                },
                {
                    "text": "",
                    "box": [
                        232,
                        594,
                        285,
                        621
                    ]
                },
                {
                    "text": "",
                    "box": [
                        292,
                        581,
                        309,
                        609
                    ]
                },
                {
                    "text": "",
                    "box": [
                        309,
                        574,
                        340,
                        601
                    ]
                },
                {
                    "text": "",
                    "box": [
                        320,
                        594,
                        366,
                        619
                    ]
                },
                {
                    "text": "",
                    "box": [
                        372,
                        580,
                        393,
                        611
                    ]
                },
                {
                    "text": "",
                    "box": [
                        394,
                        575,
                        421,
                        604
                    ]
                },
                {
                    "text": "",
                    "box": [
                        420,
                        575,
                        441,
                        597
                    ]
                }
            ]
        },
        {
            "text": "",
            "box": [
                581,
                582,
                714,
                623
            ],
            "linking": [],
            "label": "other",
            "words": [
                {
                    "text": "",
                    "box": [
                        581,
                        599,
                        644,
                        623
                    ]
                },
                {
                    "text": "",
                    "box": [
                        641,
                        591,
                        662,
                        615
                    ]
                },
                {
                    "text": "",
                    "box": [
                        662,
                        588,
                        691,
                        608
                    ]
                },
                {
                    "text": "",
                    "box": [
                        690,
                        582,
                        714,
                        600
                    ]
                }
            ]
        },
        {
            "text": "",
            "box": [
                344,
                634,
                533,
                659
            ],
            "linking": [],
            "label": "other",
            "words": [
                {
                    "text": "",
                    "box": [
                        344,
                        637,
                        365,
                        658
                    ]
                },
                {
                    "text": "",
                    "box": [
                        366,
                        634,
                        394,
                        659
                    ]
                },
                {
                    "text": "",
                    "box": [
                        388,
                        634,
                        423,
                        658
                    ]
                },
                {
                    "text": "",
                    "box": [
                        429,
                        635,
                        449,
                        655
                    ]
                },
                {
                    "text": "",
                    "box": [
                        451,
                        638,
                        464,
                        655
                    ]
                },
                {
                    "text": "",
                    "box": [
                        466,
                        641,
                        498,
                        656
                    ]
                },
                {
                    "text": "",
                    "box": [
                        501,
                        637,
                        533,
                        657
                    ]
                }
            ]
        },
        {
            "text": "Benzo (A) Pyrene Analyses",
            "box": [
                78,
                634,
                310,
                652
            ],
            "linking": [
                [
                    59,
                    63
                ]
            ],
            "label": "answer",
            "words": [
                {
                    "text": "Benzo",
                    "box": [
                        78,
                        634,
                        125,
                        648
                    ]
                },
                {
                    "text": "(A)",
                    "box": [
                        138,
                        634,
                        160,
                        651
                    ]
                },
                {
                    "text": "Pyrene",
                    "box": [
                        170,
                        635,
                        229,
                        649
                    ]
                },
                {
                    "text": "Analyses",
                    "box": [
                        236,
                        634,
                        310,
                        652
                    ]
                }
            ]
        },
        {
            "text": "Tars and Nicotine, Taste Panel, Burning Time, Gas Phase Analysis,",
            "box": [
                70,
                617,
                680,
                641
            ],
            "linking": [
                [
                    59,
                    64
                ]
            ],
            "label": "answer",
            "words": [
                {
                    "text": "Tars",
                    "box": [
                        70,
                        617,
                        112,
                        631
                    ]
                },
                {
                    "text": "and",
                    "box": [
                        119,
                        617,
                        151,
                        632
                    ]
                },
                {
                    "text": "Nicotine,",
                    "box": [
                        156,
                        619,
                        238,
                        633
                    ]
                },
                {
                    "text": "Taste",
                    "box": [
                        250,
                        620,
                        297,
                        634
                    ]
                },
                {
                    "text": "Panel,",
                    "box": [
                        304,
                        619,
                        361,
                        636
                    ]
                },
                {
                    "text": "Burning",
                    "box": [
                        370,
                        619,
                        440,
                        639
                    ]
                },
                {
                    "text": "Time,",
                    "box": [
                        444,
                        622,
                        494,
                        639
                    ]
                },
                {
                    "text": "Gas",
                    "box": [
                        504,
                        623,
                        532,
                        638
                    ]
                },
                {
                    "text": "Phase",
                    "box": [
                        542,
                        623,
                        589,
                        640
                    ]
                },
                {
                    "text": "Analysis,",
                    "box": [
                        596,
                        624,
                        680,
                        641
                    ]
                }
            ]
        },
        {
            "text": "Tobacco Blend",
            "box": [
                73,
                676,
                196,
                693
            ],
            "linking": [
                [
                    22,
                    65
                ],
                [
                    65,
                    68
                ]
            ],
            "label": "question",
            "words": [
                {
                    "text": "Tobacco",
                    "box": [
                        73,
                        676,
                        140,
                        693
                    ]
                },
                {
                    "text": "Blend",
                    "box": [
                        147,
                        677,
                        196,
                        692
                    ]
                }
            ]
        },
        {
            "text": "Filter Production",
            "box": [
                73,
                690,
                233,
                708
            ],
            "linking": [
                [
                    22,
                    66
                ]
            ],
            "label": "question",
            "words": [
                {
                    "text": "Filter",
                    "box": [
                        73,
                        690,
                        133,
                        708
                    ]
                },
                {
                    "text": "Production",
                    "box": [
                        138,
                        693,
                        233,
                        708
                    ]
                }
            ]
        },
        {
            "text": "Making & Packing",
            "box": [
                71,
                708,
                223,
                726
            ],
            "linking": [
                [
                    22,
                    67
                ],
                [
                    67,
                    69
                ]
            ],
            "label": "question",
            "words": [
                {
                    "text": "Making",
                    "box": [
                        71,
                        708,
                        128,
                        726
                    ]
                },
                {
                    "text": "&",
                    "box": [
                        137,
                        711,
                        151,
                        725
                    ]
                },
                {
                    "text": "Packing",
                    "box": [
                        156,
                        711,
                        223,
                        725
                    ]
                }
            ]
        },
        {
            "text": "Manufacturing - A. Kraus",
            "box": [
                263,
                677,
                487,
                694
            ],
            "linking": [
                [
                    65,
                    68
                ]
            ],
            "label": "answer",
            "words": [
                {
                    "text": "Manufacturing",
                    "box": [
                        263,
                        677,
                        386,
                        694
                    ]
                },
                {
                    "text": "-",
                    "box": [
                        392,
                        682,
                        405,
                        690
                    ]
                },
                {
                    "text": "A.",
                    "box": [
                        411,
                        679,
                        431,
                        693
                    ]
                },
                {
                    "text": "Kraus",
                    "box": [
                        437,
                        677,
                        487,
                        692
                    ]
                }
            ]
        },
        {
            "text": "Product Development, John H. M. Bohlker",
            "box": [
                264,
                707,
                632,
                727
            ],
            "linking": [
                [
                    67,
                    69
                ]
            ],
            "label": "answer",
            "words": [
                {
                    "text": "Product",
                    "box": [
                        264,
                        707,
                        328,
                        725
                    ]
                },
                {
                    "text": "Development,",
                    "box": [
                        335,
                        709,
                        455,
                        727
                    ]
                },
                {
                    "text": "John",
                    "box": [
                        465,
                        711,
                        506,
                        724
                    ]
                },
                {
                    "text": "H.",
                    "box": [
                        513,
                        711,
                        530,
                        725
                    ]
                },
                {
                    "text": "M.",
                    "box": [
                        539,
                        712,
                        559,
                        725
                    ]
                },
                {
                    "text": "Bohlker",
                    "box": [
                        568,
                        709,
                        632,
                        724
                    ]
                }
            ]
        },
        {
            "text": "Written by",
            "box": [
                70,
                784,
                165,
                800
            ],
            "linking": [
                [
                    26,
                    70
                ],
                [
                    70,
                    73
                ]
            ],
            "label": "question",
            "words": [
                {
                    "text": "Written",
                    "box": [
                        70,
                        784,
                        138,
                        799
                    ]
                },
                {
                    "text": "by",
                    "box": [
                        144,
                        786,
                        165,
                        800
                    ]
                }
            ]
        },
        {
            "text": "Original to",
            "box": [
                70,
                802,
                175,
                817
            ],
            "linking": [
                [
                    26,
                    71
                ],
                [
                    71,
                    74
                ]
            ],
            "label": "question",
            "words": [
                {
                    "text": "Original",
                    "box": [
                        70,
                        802,
                        148,
                        817
                    ]
                },
                {
                    "text": "to",
                    "box": [
                        154,
                        802,
                        175,
                        817
                    ]
                }
            ]
        },
        {
            "text": "Copies to",
            "box": [
                68,
                818,
                157,
                835
            ],
            "linking": [
                [
                    26,
                    72
                ],
                [
                    72,
                    75
                ]
            ],
            "label": "question",
            "words": [
                {
                    "text": "Copies",
                    "box": [
                        68,
                        818,
                        128,
                        835
                    ]
                },
                {
                    "text": "to",
                    "box": [
                        135,
                        820,
                        157,
                        835
                    ]
                }
            ]
        },
        {
            "text": "John H. M. Bohlken",
            "box": [
                197,
                786,
                365,
                801
            ],
            "linking": [
                [
                    70,
                    73
                ]
            ],
            "label": "answer",
            "words": [
                {
                    "text": "John",
                    "box": [
                        197,
                        786,
                        236,
                        799
                    ]
                },
                {
                    "text": "H.",
                    "box": [
                        244,
                        788,
                        262,
                        801
                    ]
                },
                {
                    "text": "M.",
                    "box": [
                        271,
                        788,
                        291,
                        801
                    ]
                },
                {
                    "text": "Bohlken",
                    "box": [
                        297,
                        786,
                        365,
                        801
                    ]
                }
            ]
        },
        {
            "text": "Mr. C. L. Tucker, Jr.",
            "box": [
                196,
                803,
                392,
                818
            ],
            "linking": [
                [
                    71,
                    74
                ]
            ],
            "label": "answer",
            "words": [
                {
                    "text": "Mr.",
                    "box": [
                        196,
                        803,
                        224,
                        817
                    ]
                },
                {
                    "text": "C.",
                    "box": [
                        233,
                        803,
                        251,
                        817
                    ]
                },
                {
                    "text": "L.",
                    "box": [
                        261,
                        803,
                        279,
                        816
                    ]
                },
                {
                    "text": "Tucker,",
                    "box": [
                        289,
                        803,
                        355,
                        818
                    ]
                },
                {
                    "text": "Jr.",
                    "box": [
                        365,
                        804,
                        392,
                        818
                    ]
                }
            ]
        },
        {
            "text": "Dr. A. W. Spears",
            "box": [
                196,
                818,
                346,
                834
            ],
            "linking": [
                [
                    72,
                    75
                ]
            ],
            "label": "answer",
            "words": [
                {
                    "text": "Dr.",
                    "box": [
                        196,
                        820,
                        227,
                        833
                    ]
                },
                {
                    "text": "A.",
                    "box": [
                        235,
                        818,
                        253,
                        833
                    ]
                },
                {
                    "text": "W.",
                    "box": [
                        260,
                        818,
                        280,
                        833
                    ]
                },
                {
                    "text": "Spears",
                    "box": [
                        289,
                        820,
                        346,
                        834
                    ]
                }
            ]
        }
    ]
}