{
    "form": [
        {
            "box": [
                327,
                237,
                340,
                251
            ],
            "text": "5",
            "label": "answer",
            "words": [
                {
                    "box": [
                        327,
                        237,
                        340,
                        251
                    ],
                    "text": "5"
                }
            ],
            "linking": [
                [
                    8,
                    0
                ]
            ]
        },
        {
            "box": [
                330,
                272,
                341,
                287
            ],
            "text": "0",
            "label": "answer",
            "words": [
                {
                    "box": [
                        330,
                        272,
                        341,
                        287
                    ],
                    "text": "0"
                }
            ],
            "linking": [
                [
                    8,
                    1
                ]
            ]
        },
        {
            "box": [
                324,
                115,
                338,
                129
            ],
            "text": "2",
            "label": "answer",
            "words": [
                {
                    "box": [
                        324,
                        115,
                        338,
                        129
                    ],
                    "text": "2"
                }
            ],
            "linking": [
                [
                    5,
                    2
                ]
            ]
        },
        {
            "box": [
                742,
                885,
                766,
                912
            ],
            "text": "A",
            "label": "other",
            "words": [
                {
                    "box": [
                        742,
                        885,
                        766,
                        912
                    ],
                    "text": "A"
                }
            ],
            "linking": []
        },
        {
            "text": "KOOL & GPC GOLF BAG SURVEY",
            "box": [
                198,
                38,
                487,
                60
            ],
            "linking": [],
            "label": "header",
            "words": [
                {
                    "text": "KOOL",
                    "box": [
                        198,
                        38,
                        255,
                        58
                    ]
                },
                {
                    "text": "&",
                    "box": [
                        260,
                        42,
                        273,
                        57
                    ]
                },
                {
                    "text": "GPC",
                    "box": [
                        278,
                        39,
                        310,
                        56
                    ]
                },
                {
                    "text": "GOLF",
                    "box": [
                        318,
                        39,
                        364,
                        59
                    ]
                },
                {
                    "text": "BAG",
                    "box": [
                        370,
                        41,
                        408,
                        59
                    ]
                },
                {
                    "text": "SURVEY",
                    "box": [
                        412,
                        39,
                        487,
                        60
                    ]
                }
            ]
        },
        {
            "text": "Section Number",
            "box": [
                52,
                113,
                162,
                132
            ],
            "linking": [
                [
                    5,
                    2
                ]
            ],
            "label": "question",
            "words": [
                {
                    "text": "Section",
                    "box": [
                        52,
                        113,
                        104,
                        131
                    ]
                },
                {
                    "text": "Number",
                    "box": [
                        109,
                        115,
                        162,
                        132
                    ]
                }
            ]
        },
        {
            "text": "Section Sales Manager's Name",
            "box": [
                53,
                148,
                270,
                166
            ],
            "linking": [
                [
                    6,
                    7
                ]
            ],
            "label": "question",
            "words": [
                {
                    "text": "Section",
                    "box": [
                        53,
                        149,
                        103,
                        166
                    ]
                },
                {
                    "text": "Sales",
                    "box": [
                        109,
                        149,
                        145,
                        164
                    ]
                },
                {
                    "text": "Manager's",
                    "box": [
                        151,
                        148,
                        222,
                        165
                    ]
                },
                {
                    "text": "Name",
                    "box": [
                        228,
                        148,
                        270,
                        165
                    ]
                }
            ]
        },
        {
            "text": "Peter Hatch",
            "box": [
                341,
                149,
                422,
                166
            ],
            "linking": [
                [
                    6,
                    7
                ]
            ],
            "label": "answer",
            "words": [
                {
                    "text": "Peter",
                    "box": [
                        341,
                        149,
                        380,
                        166
                    ]
                },
                {
                    "text": "Hatch",
                    "box": [
                        384,
                        149,
                        422,
                        164
                    ]
                }
            ]
        },
        {
            "text": "Please place the following order for KOOL and/ or GPC Golf Bags for my Section:",
            "box": [
                50,
                201,
                598,
                222
            ],
            "linking": [
                [
                    8,
                    9
                ],
                [
                    8,
                    0
                ],
                [
                    8,
                    10
                ],
                [
                    8,
                    1
                ]
            ],
            "label": "question",
            "words": [
                {
                    "text": "Please",
                    "box": [
                        50,
                        201,
                        97,
                        218
                    ]
                },
                {
                    "text": "place",
                    "box": [
                        101,
                        203,
                        140,
                        220
                    ]
                },
                {
                    "text": "the",
                    "box": [
                        144,
                        204,
                        165,
                        218
                    ]
                },
                {
                    "text": "following",
                    "box": [
                        170,
                        201,
                        233,
                        222
                    ]
                },
                {
                    "text": "order",
                    "box": [
                        237,
                        205,
                        272,
                        216
                    ]
                },
                {
                    "text": "for",
                    "box": [
                        275,
                        203,
                        293,
                        217
                    ]
                },
                {
                    "text": "KOOL",
                    "box": [
                        296,
                        201,
                        338,
                        216
                    ]
                },
                {
                    "text": "and/",
                    "box": [
                        344,
                        204,
                        369,
                        217
                    ]
                },
                {
                    "text": "or",
                    "box": [
                        373,
                        207,
                        386,
                        217
                    ]
                },
                {
                    "text": "GPC",
                    "box": [
                        390,
                        203,
                        424,
                        218
                    ]
                },
                {
                    "text": "Golf",
                    "box": [
                        427,
                        203,
                        454,
                        218
                    ]
                },
                {
                    "text": "Bags",
                    "box": [
                        458,
                        203,
                        492,
                        218
                    ]
                },
                {
                    "text": "for",
                    "box": [
                        497,
                        201,
                        514,
                        216
                    ]
                },
                {
                    "text": "my",
                    "box": [
                        518,
                        204,
                        539,
                        219
                    ]
                },
                {
                    "text": "Section:",
                    "box": [
                        545,
                        203,
                        598,
                        218
                    ]
                }
            ]
        },
        {
            "text": "KOOL Golf Bags",
            "box": [
                60,
                239,
                174,
                254
            ],
            "linking": [
                [
                    8,
                    9
                ]
            ],
            "label": "answer",
            "words": [
                {
                    "text": "KOOL",
                    "box": [
                        60,
                        239,
                        105,
                        253
                    ]
                },
                {
                    "text": "Golf",
                    "box": [
                        109,
                        239,
                        136,
                        253
                    ]
                },
                {
                    "text": "Bags",
                    "box": [
                        140,
                        239,
                        174,
                        254
                    ]
                }
            ]
        },
        {
            "text": "GPC Golf Bags",
            "box": [
                71,
                272,
                171,
                291
            ],
            "linking": [
                [
                    8,
                    10
                ]
            ],
            "label": "answer",
            "words": [
                {
                    "text": "GPC",
                    "box": [
                        71,
                        274,
                        103,
                        291
                    ]
                },
                {
                    "text": "Golf",
                    "box": [
                        108,
                        274,
                        137,
                        291
                    ]
                },
                {
                    "text": "Bags",
                    "box": [
                        142,
                        272,
                        171,
                        290
                    ]
                }
            ]
        },
        {
            "text": "Send the completed survey to Linda Daniels in Field Supply via fax (502- 568- 7189) OR CC: Mail no later than June 7.",
            "box": [
                53,
                324,
                635,
                363
            ],
            "linking": [],
            "label": "other",
            "words": [
                {
                    "text": "Send",
                    "box": [
                        54,
                        327,
                        89,
                        341
                    ]
                },
                {
                    "text": "the",
                    "box": [
                        94,
                        327,
                        116,
                        341
                    ]
                },
                {
                    "text": "completed",
                    "box": [
                        122,
                        328,
                        189,
                        342
                    ]
                },
                {
                    "text": "survey",
                    "box": [
                        196,
                        328,
                        242,
                        343
                    ]
                },
                {
                    "text": "to",
                    "box": [
                        246,
                        327,
                        259,
                        341
                    ]
                },
                {
                    "text": "Linda",
                    "box": [
                        263,
                        327,
                        297,
                        341
                    ]
                },
                {
                    "text": "Daniels",
                    "box": [
                        302,
                        327,
                        351,
                        344
                    ]
                },
                {
                    "text": "in",
                    "box": [
                        355,
                        327,
                        369,
                        341
                    ]
                },
                {
                    "text": "Field",
                    "box": [
                        373,
                        324,
                        407,
                        341
                    ]
                },
                {
                    "text": "Supply",
                    "box": [
                        409,
                        324,
                        456,
                        344
                    ]
                },
                {
                    "text": "via",
                    "box": [
                        461,
                        325,
                        482,
                        339
                    ]
                },
                {
                    "text": "fax",
                    "box": [
                        486,
                        324,
                        507,
                        342
                    ]
                },
                {
                    "text": "(502-",
                    "box": [
                        514,
                        325,
                        541,
                        340
                    ]
                },
                {
                    "text": "568-",
                    "box": [
                        546,
                        325,
                        571,
                        340
                    ]
                },
                {
                    "text": "7189)",
                    "box": [
                        577,
                        324,
                        613,
                        339
                    ]
                },
                {
                    "text": "OR",
                    "box": [
                        620,
                        327,
                        635,
                        341
                    ]
                },
                {
                    "text": "CC:",
                    "box": [
                        53,
                        345,
                        80,
                        360
                    ]
                },
                {
                    "text": "Mail",
                    "box": [
                        81,
                        345,
                        112,
                        363
                    ]
                },
                {
                    "text": "no",
                    "box": [
                        113,
                        346,
                        130,
                        361
                    ]
                },
                {
                    "text": "later",
                    "box": [
                        134,
                        346,
                        165,
                        360
                    ]
                },
                {
                    "text": "than",
                    "box": [
                        169,
                        345,
                        198,
                        358
                    ]
                },
                {
                    "text": "June",
                    "box": [
                        203,
                        345,
                        238,
                        358
                    ]
                },
                {
                    "text": "7.",
                    "box": [
                        243,
                        344,
                        253,
                        358
                    ]
                }
            ]
        },
        {
            "text": "0022A wk4",
            "box": [
                53,
                383,
                105,
                395
            ],
            "linking": [],
            "label": "other",
            "words": [
                {
                    "text": "0022A",
                    "box": [
                        53,
                        383,
                        84,
                        393
                    ]
                },
                {
                    "text": "wk4",
                    "box": [
                        87,
                        384,
                        105,
                        395
                    ]
                }
            ]
        }
    ]
}