{
    "form": [
        {
            "box": [
                247,
                60,
                269,
                74
            ],
            "text": "TO:",
            "label": "question",
            "words": [
                {
                    "box": [
                        247,
                        60,
                        269,
                        74
                    ],
                    "text": "TO:"
                }
            ],
            "linking": [
                [
                    0,
                    9
                ],
                [
                    0,
                    12
                ],
                [
                    0,
                    13
                ],
                [
                    0,
                    10
                ],
                [
                    0,
                    11
                ]
            ]
        },
        {
            "box": [
                247,
                116,
                288,
                130
            ],
            "text": "From:",
            "label": "question",
            "words": [
                {
                    "box": [
                        247,
                        116,
                        288,
                        130
                    ],
                    "text": "From:"
                }
            ],
            "linking": [
                [
                    1,
                    14
                ]
            ]
        },
        {
            "box": [
                291,
                258,
                392,
                271
            ],
            "text": "Contribution",
            "label": "question",
            "words": [
                {
                    "box": [
                        291,
                        258,
                        392,
                        271
                    ],
                    "text": "Contribution"
                }
            ],
            "linking": [
                [
                    2,
                    6
                ]
            ]
        },
        {
            "box": [
                249,
                286,
                324,
                300
            ],
            "text": "Requested",
            "label": "question",
            "words": [
                {
                    "box": [
                        249,
                        286,
                        324,
                        300
                    ],
                    "text": "Requested"
                }
            ],
            "linking": [
                [
                    3,
                    17
                ]
            ]
        },
        {
            "box": [
                331,
                286,
                351,
                301
            ],
            "text": "by",
            "label": "question",
            "words": [
                {
                    "box": [
                        331,
                        286,
                        351,
                        301
                    ],
                    "text": "by"
                }
            ],
            "linking": []
        },
        {
            "box": [
                642,
                860,
                676,
                874
            ],
            "text": "1976",
            "label": "question",
            "words": [
                {
                    "box": [
                        642,
                        860,
                        676,
                        874
                    ],
                    "text": "1976"
                }
            ],
            "linking": []
        },
        {
            "box": [
                265,
                254,
                286,
                274
            ],
            "text": "☑",
            "label": "answer",
            "words": [
                {
                    "box": [
                        265,
                        254,
                        286,
                        274
                    ],
                    "text": "☑"
                }
            ],
            "linking": [
                [
                    2,
                    6
                ]
            ]
        },
        {
            "box": [
                356,
                344,
                417,
                358
            ],
            "text": "Message",
            "label": "question",
            "words": [
                {
                    "box": [
                        356,
                        344,
                        417,
                        358
                    ],
                    "text": "Message"
                }
            ],
            "linking": [
                [
                    7,
                    18
                ]
            ]
        },
        {
            "box": [
                353,
                763,
                374,
                783
            ],
            "text": "",
            "label": "answer",
            "words": [
                {
                    "box": [
                        353,
                        763,
                        374,
                        783
                    ],
                    "text": ""
                }
            ],
            "linking": [
                [
                    29,
                    8
                ]
            ]
        },
        {
            "text": "Mr. G. J. Schramm",
            "box": [
                296,
                59,
                442,
                73
            ],
            "linking": [
                [
                    0,
                    9
                ]
            ],
            "label": "answer",
            "words": [
                {
                    "text": "Mr.",
                    "box": [
                        296,
                        59,
                        321,
                        73
                    ]
                },
                {
                    "text": "G.",
                    "box": [
                        331,
                        59,
                        346,
                        73
                    ]
                },
                {
                    "text": "J.",
                    "box": [
                        355,
                        60,
                        373,
                        73
                    ]
                },
                {
                    "text": "Schramm",
                    "box": [
                        381,
                        61,
                        442,
                        71
                    ]
                }
            ]
        },
        {
            "text": "Mr. W. P. Myhan",
            "box": [
                507,
                59,
                636,
                73
            ],
            "linking": [
                [
                    0,
                    10
                ]
            ],
            "label": "answer",
            "words": [
                {
                    "text": "Mr.",
                    "box": [
                        507,
                        60,
                        532,
                        73
                    ]
                },
                {
                    "text": "W.",
                    "box": [
                        541,
                        60,
                        559,
                        73
                    ]
                },
                {
                    "text": "P.",
                    "box": [
                        568,
                        59,
                        582,
                        73
                    ]
                },
                {
                    "text": "Myhan",
                    "box": [
                        591,
                        59,
                        636,
                        73
                    ]
                }
            ]
        },
        {
            "text": "Mr. F. X. Whelan",
            "box": [
                507,
                73,
                644,
                87
            ],
            "linking": [
                [
                    0,
                    11
                ]
            ],
            "label": "answer",
            "words": [
                {
                    "text": "Mr.",
                    "box": [
                        507,
                        74,
                        532,
                        85
                    ]
                },
                {
                    "text": "F.",
                    "box": [
                        541,
                        73,
                        558,
                        87
                    ]
                },
                {
                    "text": "X.",
                    "box": [
                        566,
                        74,
                        583,
                        87
                    ]
                },
                {
                    "text": "Whelan",
                    "box": [
                        591,
                        74,
                        644,
                        85
                    ]
                }
            ]
        },
        {
            "text": "Mr. R. H. Stinnette",
            "box": [
                296,
                74,
                458,
                88
            ],
            "linking": [
                [
                    0,
                    12
                ]
            ],
            "label": "answer",
            "words": [
                {
                    "text": "Mr.",
                    "box": [
                        296,
                        74,
                        321,
                        88
                    ]
                },
                {
                    "text": "R.",
                    "box": [
                        331,
                        74,
                        345,
                        87
                    ]
                },
                {
                    "text": "H.",
                    "box": [
                        356,
                        75,
                        373,
                        86
                    ]
                },
                {
                    "text": "Stinnette",
                    "box": [
                        381,
                        74,
                        458,
                        87
                    ]
                }
            ]
        },
        {
            "text": "Mr. J. B. McCarthy",
            "box": [
                296,
                88,
                449,
                102
            ],
            "linking": [
                [
                    0,
                    13
                ]
            ],
            "label": "answer",
            "words": [
                {
                    "text": "Mr.",
                    "box": [
                        296,
                        88,
                        321,
                        101
                    ]
                },
                {
                    "text": "J.",
                    "box": [
                        331,
                        89,
                        346,
                        100
                    ]
                },
                {
                    "text": "B.",
                    "box": [
                        356,
                        89,
                        373,
                        100
                    ]
                },
                {
                    "text": "McCarthy",
                    "box": [
                        381,
                        88,
                        449,
                        102
                    ]
                }
            ]
        },
        {
            "text": "E. E. Curtin",
            "box": [
                296,
                115,
                401,
                129
            ],
            "linking": [
                [
                    1,
                    14
                ]
            ],
            "label": "answer",
            "words": [
                {
                    "text": "E.",
                    "box": [
                        296,
                        116,
                        313,
                        129
                    ]
                },
                {
                    "text": "E.",
                    "box": [
                        323,
                        116,
                        340,
                        129
                    ]
                },
                {
                    "text": "Curtin",
                    "box": [
                        348,
                        115,
                        401,
                        129
                    ]
                }
            ]
        },
        {
            "text": "Request for contribution or membership to be considered by contributions Committee at next meeting",
            "box": [
                247,
                186,
                627,
                231
            ],
            "linking": [],
            "label": "other",
            "words": [
                {
                    "text": "Request",
                    "box": [
                        247,
                        187,
                        306,
                        198
                    ]
                },
                {
                    "text": "for",
                    "box": [
                        316,
                        187,
                        341,
                        201
                    ]
                },
                {
                    "text": "contribution",
                    "box": [
                        349,
                        187,
                        451,
                        201
                    ]
                },
                {
                    "text": "or",
                    "box": [
                        458,
                        189,
                        476,
                        200
                    ]
                },
                {
                    "text": "membership",
                    "box": [
                        482,
                        187,
                        569,
                        200
                    ]
                },
                {
                    "text": "to",
                    "box": [
                        577,
                        186,
                        595,
                        200
                    ]
                },
                {
                    "text": "be",
                    "box": [
                        602,
                        186,
                        619,
                        199
                    ]
                },
                {
                    "text": "considered",
                    "box": [
                        247,
                        203,
                        332,
                        216
                    ]
                },
                {
                    "text": "by",
                    "box": [
                        339,
                        203,
                        357,
                        216
                    ]
                },
                {
                    "text": "contributions",
                    "box": [
                        365,
                        201,
                        475,
                        215
                    ]
                },
                {
                    "text": "Committee",
                    "box": [
                        482,
                        204,
                        560,
                        215
                    ]
                },
                {
                    "text": "at",
                    "box": [
                        566,
                        203,
                        586,
                        214
                    ]
                },
                {
                    "text": "next",
                    "box": [
                        592,
                        201,
                        627,
                        214
                    ]
                },
                {
                    "text": "meeting",
                    "box": [
                        247,
                        216,
                        307,
                        231
                    ]
                }
            ]
        },
        {
            "text": "☐ Membership",
            "box": [
                448,
                256,
                560,
                273
            ],
            "linking": [],
            "label": "question",
            "words": [
                {
                    "text": "☐",
                    "box": [
                        448,
                        256,
                        469,
                        273
                    ]
                },
                {
                    "text": "Membership",
                    "box": [
                        475,
                        257,
                        560,
                        272
                    ]
                }
            ]
        },
        {
            "text": "Harvard Medical School and Dr. Gary Huber Boston, Massachusetts",
            "box": [
                377,
                271,
                566,
                328
            ],
            "linking": [
                [
                    3,
                    17
                ]
            ],
            "label": "answer",
            "words": [
                {
                    "text": "Harvard",
                    "box": [
                        377,
                        272,
                        440,
                        285
                    ]
                },
                {
                    "text": "Medical",
                    "box": [
                        447,
                        272,
                        504,
                        285
                    ]
                },
                {
                    "text": "School",
                    "box": [
                        514,
                        271,
                        566,
                        285
                    ]
                },
                {
                    "text": "and",
                    "box": [
                        378,
                        288,
                        405,
                        299
                    ]
                },
                {
                    "text": "Dr.",
                    "box": [
                        413,
                        286,
                        435,
                        300
                    ]
                },
                {
                    "text": "Gary",
                    "box": [
                        447,
                        288,
                        482,
                        299
                    ]
                },
                {
                    "text": "Huber",
                    "box": [
                        487,
                        286,
                        532,
                        299
                    ]
                },
                {
                    "text": "Boston,",
                    "box": [
                        378,
                        314,
                        437,
                        328
                    ]
                },
                {
                    "text": "Massachusetts",
                    "box": [
                        447,
                        314,
                        556,
                        327
                    ]
                }
            ]
        },
        {
            "text": "Letter 8/ 1/ 76",
            "box": [
                454,
                341,
                567,
                356
            ],
            "linking": [
                [
                    7,
                    18
                ]
            ],
            "label": "answer",
            "words": [
                {
                    "text": "Letter",
                    "box": [
                        454,
                        341,
                        507,
                        355
                    ]
                },
                {
                    "text": "8/",
                    "box": [
                        514,
                        341,
                        531,
                        355
                    ]
                },
                {
                    "text": "1/",
                    "box": [
                        531,
                        341,
                        548,
                        356
                    ]
                },
                {
                    "text": "76",
                    "box": [
                        547,
                        341,
                        567,
                        355
                    ]
                }
            ]
        },
        {
            "text": "For American Brands, Inc.",
            "box": [
                249,
                372,
                458,
                386
            ],
            "linking": [],
            "label": "question",
            "words": [
                {
                    "text": "For",
                    "box": [
                        249,
                        373,
                        276,
                        384
                    ]
                },
                {
                    "text": "American",
                    "box": [
                        282,
                        372,
                        350,
                        385
                    ]
                },
                {
                    "text": "Brands,",
                    "box": [
                        359,
                        372,
                        416,
                        385
                    ]
                },
                {
                    "text": "Inc.",
                    "box": [
                        426,
                        372,
                        458,
                        386
                    ]
                }
            ]
        },
        {
            "text": "Recent actions regarding above solicitor ",
            "box": [
                267,
                429,
                621,
                443
            ],
            "linking": [],
            "label": "question",
            "words": [
                {
                    "text": "Recent",
                    "box": [
                        267,
                        429,
                        316,
                        443
                    ]
                },
                {
                    "text": "actions",
                    "box": [
                        324,
                        429,
                        384,
                        442
                    ]
                },
                {
                    "text": "regarding",
                    "box": [
                        391,
                        429,
                        469,
                        443
                    ]
                },
                {
                    "text": "above",
                    "box": [
                        478,
                        429,
                        520,
                        440
                    ]
                },
                {
                    "text": "solicitor",
                    "box": [
                        528,
                        429,
                        603,
                        440
                    ]
                },
                {
                    "text": "",
                    "box": [
                        610,
                        432,
                        621,
                        438
                    ]
                }
            ]
        },
        {
            "text": "1976 $ 40, 921. 30 by A. B., Inc.",
            "box": [
                331,
                453,
                563,
                468
            ],
            "linking": [
                [
                    26,
                    21
                ]
            ],
            "label": "answer",
            "words": [
                {
                    "text": "1976",
                    "box": [
                        331,
                        454,
                        365,
                        467
                    ]
                },
                {
                    "text": "$",
                    "box": [
                        372,
                        453,
                        380,
                        467
                    ]
                },
                {
                    "text": "40,",
                    "box": [
                        380,
                        453,
                        405,
                        468
                    ]
                },
                {
                    "text": "921.",
                    "box": [
                        406,
                        453,
                        437,
                        468
                    ]
                },
                {
                    "text": "30",
                    "box": [
                        439,
                        453,
                        457,
                        468
                    ]
                },
                {
                    "text": "by",
                    "box": [
                        462,
                        453,
                        482,
                        468
                    ]
                },
                {
                    "text": "A.",
                    "box": [
                        489,
                        453,
                        504,
                        467
                    ]
                },
                {
                    "text": "B.,",
                    "box": [
                        506,
                        454,
                        531,
                        468
                    ]
                },
                {
                    "text": "Inc.",
                    "box": [
                        534,
                        453,
                        563,
                        468
                    ]
                }
            ]
        },
        {
            "text": "1975 84, 309. 94 A. B., Inc.",
            "box": [
                330,
                466,
                564,
                482
            ],
            "linking": [
                [
                    26,
                    22
                ]
            ],
            "label": "answer",
            "words": [
                {
                    "text": "1975",
                    "box": [
                        330,
                        468,
                        365,
                        482
                    ]
                },
                {
                    "text": "84,",
                    "box": [
                        378,
                        466,
                        403,
                        481
                    ]
                },
                {
                    "text": "309.",
                    "box": [
                        404,
                        468,
                        439,
                        481
                    ]
                },
                {
                    "text": "94",
                    "box": [
                        440,
                        468,
                        458,
                        482
                    ]
                },
                {
                    "text": "A.",
                    "box": [
                        489,
                        468,
                        506,
                        481
                    ]
                },
                {
                    "text": "B.,",
                    "box": [
                        506,
                        468,
                        531,
                        482
                    ]
                },
                {
                    "text": "Inc.",
                    "box": [
                        532,
                        466,
                        564,
                        480
                    ]
                }
            ]
        },
        {
            "text": "1974 92, 131. 29 A. B., Inc.",
            "box": [
                328,
                479,
                566,
                496
            ],
            "linking": [
                [
                    26,
                    23
                ]
            ],
            "label": "answer",
            "words": [
                {
                    "text": "1974",
                    "box": [
                        328,
                        483,
                        364,
                        494
                    ]
                },
                {
                    "text": "92,",
                    "box": [
                        378,
                        482,
                        403,
                        495
                    ]
                },
                {
                    "text": "131.",
                    "box": [
                        404,
                        480,
                        438,
                        495
                    ]
                },
                {
                    "text": "29",
                    "box": [
                        437,
                        482,
                        457,
                        493
                    ]
                },
                {
                    "text": "A.",
                    "box": [
                        489,
                        480,
                        504,
                        494
                    ]
                },
                {
                    "text": "B.,",
                    "box": [
                        506,
                        480,
                        531,
                        494
                    ]
                },
                {
                    "text": "Inc.",
                    "box": [
                        532,
                        479,
                        566,
                        496
                    ]
                }
            ]
        },
        {
            "text": "1973 91, 630. 53 A. B., Inc.",
            "box": [
                331,
                492,
                566,
                510
            ],
            "linking": [
                [
                    26,
                    24
                ]
            ],
            "label": "answer",
            "words": [
                {
                    "text": "1973",
                    "box": [
                        331,
                        496,
                        365,
                        510
                    ]
                },
                {
                    "text": "91,",
                    "box": [
                        378,
                        494,
                        403,
                        509
                    ]
                },
                {
                    "text": "630.",
                    "box": [
                        405,
                        493,
                        439,
                        510
                    ]
                },
                {
                    "text": "53",
                    "box": [
                        439,
                        494,
                        457,
                        508
                    ]
                },
                {
                    "text": "A.",
                    "box": [
                        487,
                        494,
                        507,
                        509
                    ]
                },
                {
                    "text": "B.,",
                    "box": [
                        507,
                        492,
                        532,
                        510
                    ]
                },
                {
                    "text": "Inc.",
                    "box": [
                        532,
                        494,
                        566,
                        509
                    ]
                }
            ]
        },
        {
            "text": "Remarks -",
            "box": [
                267,
                584,
                345,
                597
            ],
            "linking": [
                [
                    25,
                    27
                ]
            ],
            "label": "question",
            "words": [
                {
                    "text": "Remarks",
                    "box": [
                        267,
                        584,
                        326,
                        597
                    ]
                },
                {
                    "text": "-",
                    "box": [
                        335,
                        585,
                        345,
                        593
                    ]
                }
            ]
        },
        {
            "text": "Payment -",
            "box": [
                243,
                457,
                321,
                468
            ],
            "linking": [
                [
                    26,
                    21
                ],
                [
                    26,
                    22
                ],
                [
                    26,
                    23
                ],
                [
                    26,
                    24
                ]
            ],
            "label": "question",
            "words": [
                {
                    "text": "Payment",
                    "box": [
                        243,
                        457,
                        306,
                        468
                    ]
                },
                {
                    "text": "-",
                    "box": [
                        313,
                        458,
                        321,
                        465
                    ]
                }
            ]
        },
        {
            "text": "For confirmation by the Committee. Check for $ 43, 910. 30 representing the ninth semi- annual installment to the Harvard Project transmitted August 1976.",
            "box": [
                246,
                620,
                636,
                679
            ],
            "linking": [
                [
                    25,
                    27
                ]
            ],
            "label": "answer",
            "words": [
                {
                    "text": "For",
                    "box": [
                        247,
                        623,
                        272,
                        634
                    ]
                },
                {
                    "text": "confirmation",
                    "box": [
                        279,
                        623,
                        382,
                        636
                    ]
                },
                {
                    "text": "by",
                    "box": [
                        390,
                        623,
                        408,
                        637
                    ]
                },
                {
                    "text": "the",
                    "box": [
                        416,
                        622,
                        440,
                        635
                    ]
                },
                {
                    "text": "Committee.",
                    "box": [
                        448,
                        620,
                        532,
                        634
                    ]
                },
                {
                    "text": "Check",
                    "box": [
                        549,
                        620,
                        594,
                        633
                    ]
                },
                {
                    "text": "for",
                    "box": [
                        602,
                        622,
                        627,
                        635
                    ]
                },
                {
                    "text": "$",
                    "box": [
                        247,
                        637,
                        255,
                        651
                    ]
                },
                {
                    "text": "43,",
                    "box": [
                        257,
                        634,
                        278,
                        651
                    ]
                },
                {
                    "text": "910.",
                    "box": [
                        281,
                        635,
                        313,
                        649
                    ]
                },
                {
                    "text": "30",
                    "box": [
                        314,
                        637,
                        334,
                        650
                    ]
                },
                {
                    "text": "representing",
                    "box": [
                        339,
                        637,
                        442,
                        651
                    ]
                },
                {
                    "text": "the",
                    "box": [
                        448,
                        635,
                        476,
                        649
                    ]
                },
                {
                    "text": "ninth",
                    "box": [
                        483,
                        635,
                        526,
                        650
                    ]
                },
                {
                    "text": "semi-",
                    "box": [
                        534,
                        635,
                        568,
                        648
                    ]
                },
                {
                    "text": "annual",
                    "box": [
                        568,
                        635,
                        627,
                        648
                    ]
                },
                {
                    "text": "installment",
                    "box": [
                        247,
                        651,
                        341,
                        664
                    ]
                },
                {
                    "text": "to",
                    "box": [
                        348,
                        652,
                        368,
                        662
                    ]
                },
                {
                    "text": "the",
                    "box": [
                        374,
                        651,
                        399,
                        662
                    ]
                },
                {
                    "text": "Harvard",
                    "box": [
                        406,
                        649,
                        467,
                        663
                    ]
                },
                {
                    "text": "Project",
                    "box": [
                        475,
                        651,
                        534,
                        664
                    ]
                },
                {
                    "text": "transmitted",
                    "box": [
                        541,
                        648,
                        636,
                        662
                    ]
                },
                {
                    "text": "August",
                    "box": [
                        246,
                        665,
                        298,
                        679
                    ]
                },
                {
                    "text": "1976.",
                    "box": [
                        307,
                        665,
                        346,
                        678
                    ]
                }
            ]
        },
        {
            "text": "Decision of Committee on Present Request -",
            "box": [
                251,
                749,
                605,
                765
            ],
            "linking": [],
            "label": "question",
            "words": [
                {
                    "text": "Decision",
                    "box": [
                        251,
                        751,
                        319,
                        765
                    ]
                },
                {
                    "text": "of",
                    "box": [
                        328,
                        750,
                        345,
                        763
                    ]
                },
                {
                    "text": "Committee",
                    "box": [
                        352,
                        751,
                        430,
                        762
                    ]
                },
                {
                    "text": "on",
                    "box": [
                        436,
                        753,
                        454,
                        764
                    ]
                },
                {
                    "text": "Present",
                    "box": [
                        461,
                        749,
                        521,
                        764
                    ]
                },
                {
                    "text": "Request",
                    "box": [
                        529,
                        749,
                        588,
                        763
                    ]
                },
                {
                    "text": "-",
                    "box": [
                        595,
                        751,
                        605,
                        762
                    ]
                }
            ]
        },
        {
            "text": "Pay - $",
            "box": [
                268,
                778,
                330,
                795
            ],
            "linking": [
                [
                    29,
                    8
                ]
            ],
            "label": "question",
            "words": [
                {
                    "text": "Pay",
                    "box": [
                        268,
                        779,
                        296,
                        794
                    ]
                },
                {
                    "text": "-",
                    "box": [
                        302,
                        781,
                        313,
                        792
                    ]
                },
                {
                    "text": "$",
                    "box": [
                        320,
                        778,
                        330,
                        795
                    ]
                }
            ]
        },
        {
            "text": "Declined - Send letter",
            "box": [
                270,
                804,
                455,
                822
            ],
            "linking": [
                [
                    30,
                    31
                ]
            ],
            "label": "question",
            "words": [
                {
                    "text": "Declined",
                    "box": [
                        270,
                        807,
                        338,
                        822
                    ]
                },
                {
                    "text": "-",
                    "box": [
                        346,
                        807,
                        354,
                        818
                    ]
                },
                {
                    "text": "Send",
                    "box": [
                        363,
                        806,
                        397,
                        820
                    ]
                },
                {
                    "text": "letter",
                    "box": [
                        405,
                        804,
                        455,
                        819
                    ]
                }
            ]
        },
        {
            "text": "YES NO",
            "box": [
                546,
                806,
                614,
                820
            ],
            "linking": [
                [
                    30,
                    31
                ]
            ],
            "label": "answer",
            "words": [
                {
                    "text": "YES",
                    "box": [
                        546,
                        806,
                        573,
                        819
                    ]
                },
                {
                    "text": "NO",
                    "box": [
                        596,
                        806,
                        614,
                        820
                    ]
                }
            ]
        },
        {
            "text": "Consideration deferred until",
            "box": [
                270,
                834,
                507,
                848
            ],
            "linking": [],
            "label": "question",
            "words": [
                {
                    "text": "Consideration",
                    "box": [
                        270,
                        835,
                        380,
                        848
                    ]
                },
                {
                    "text": "deferred",
                    "box": [
                        387,
                        834,
                        454,
                        848
                    ]
                },
                {
                    "text": "until",
                    "box": [
                        462,
                        835,
                        507,
                        846
                    ]
                }
            ]
        },
        {
            "text": "Committee meeting ",
            "box": [
                372,
                860,
                540,
                877
            ],
            "linking": [
                [
                    33,
                    34
                ]
            ],
            "label": "question",
            "words": [
                {
                    "text": "Committee",
                    "box": [
                        372,
                        863,
                        447,
                        877
                    ]
                },
                {
                    "text": "meeting",
                    "box": [
                        454,
                        863,
                        515,
                        877
                    ]
                },
                {
                    "text": "",
                    "box": [
                        522,
                        860,
                        540,
                        874
                    ]
                }
            ]
        },
        {
            "text": "8/ 26",
            "box": [
                561,
                834,
                609,
                876
            ],
            "linking": [
                [
                    33,
                    34
                ]
            ],
            "label": "answer",
            "words": [
                {
                    "text": "8/",
                    "box": [
                        561,
                        834,
                        582,
                        876
                    ]
                },
                {
                    "text": "26",
                    "box": [
                        582,
                        845,
                        609,
                        872
                    ]
                }
            ]
        }
    ]
}