{
    "form": [
        {
            "box": [
                402,
                190,
                429,
                203
            ],
            "text": "Date:",
            "label": "question",
            "words": [
                {
                    "box": [
                        402,
                        190,
                        429,
                        203
                    ],
                    "text": "Date:"
                }
            ],
            "linking": [
                [
                    0,
                    14
                ]
            ]
        },
        {
            "box": [
                402,
                230,
                447,
                244
            ],
            "text": "Contact:",
            "label": "question",
            "words": [
                {
                    "box": [
                        402,
                        230,
                        447,
                        244
                    ],
                    "text": "Contact:"
                }
            ],
            "linking": [
                [
                    1,
                    15
                ]
            ]
        },
        {
            "box": [
                73,
                235,
                114,
                248
            ],
            "text": "Agency:",
            "label": "question",
            "words": [
                {
                    "box": [
                        73,
                        235,
                        114,
                        248
                    ],
                    "text": "Agency:"
                }
            ],
            "linking": [
                [
                    2,
                    16
                ]
            ]
        },
        {
            "box": [
                71,
                288,
                121,
                301
            ],
            "text": "Address:",
            "label": "question",
            "words": [
                {
                    "box": [
                        71,
                        288,
                        121,
                        301
                    ],
                    "text": "Address:"
                }
            ],
            "linking": [
                [
                    3,
                    17
                ]
            ]
        },
        {
            "box": [
                73,
                342,
                108,
                353
            ],
            "text": "Client:",
            "label": "question",
            "words": [
                {
                    "box": [
                        73,
                        342,
                        108,
                        353
                    ],
                    "text": "Client:"
                }
            ],
            "linking": [
                [
                    4,
                    18
                ]
            ]
        },
        {
            "box": [
                73,
                398,
                119,
                411
            ],
            "text": "Products:",
            "label": "question",
            "words": [
                {
                    "box": [
                        73,
                        398,
                        119,
                        411
                    ],
                    "text": "Products:"
                }
            ],
            "linking": [
                [
                    5,
                    19
                ]
            ]
        },
        {
            "box": [
                303,
                504,
                323,
                517
            ],
            "text": "20",
            "label": "answer",
            "words": [
                {
                    "box": [
                        303,
                        504,
                        323,
                        517
                    ],
                    "text": "20"
                }
            ],
            "linking": [
                [
                    21,
                    6
                ]
            ]
        },
        {
            "box": [
                304,
                518,
                322,
                531
            ],
            "text": "30",
            "label": "answer",
            "words": [
                {
                    "box": [
                        304,
                        518,
                        322,
                        531
                    ],
                    "text": "30"
                }
            ],
            "linking": [
                [
                    22,
                    7
                ]
            ]
        },
        {
            "box": [
                303,
                531,
                323,
                544
            ],
            "text": "60",
            "label": "answer",
            "words": [
                {
                    "box": [
                        303,
                        531,
                        323,
                        544
                    ],
                    "text": "60"
                }
            ],
            "linking": [
                [
                    23,
                    8
                ]
            ]
        },
        {
            "box": [
                303,
                545,
                321,
                558
            ],
            "text": "20",
            "label": "answer",
            "words": [
                {
                    "box": [
                        303,
                        545,
                        321,
                        558
                    ],
                    "text": "20"
                }
            ],
            "linking": [
                [
                    24,
                    9
                ]
            ]
        },
        {
            "box": [
                306,
                560,
                323,
                573
            ],
            "text": "30",
            "label": "answer",
            "words": [
                {
                    "box": [
                        306,
                        560,
                        323,
                        573
                    ],
                    "text": "30"
                }
            ],
            "linking": [
                [
                    25,
                    10
                ]
            ]
        },
        {
            "box": [
                306,
                574,
                321,
                587
            ],
            "text": "60",
            "label": "answer",
            "words": [
                {
                    "box": [
                        306,
                        574,
                        321,
                        587
                    ],
                    "text": "60"
                }
            ],
            "linking": [
                [
                    26,
                    11
                ]
            ]
        },
        {
            "text": "AMERICAN BROADCASTING COMPANY TELEVISION NETWORK",
            "box": [
                236,
                50,
                447,
                92
            ],
            "linking": [],
            "label": "header",
            "words": [
                {
                    "text": "AMERICAN",
                    "box": [
                        236,
                        53,
                        295,
                        67
                    ]
                },
                {
                    "text": "BROADCASTING",
                    "box": [
                        297,
                        52,
                        386,
                        66
                    ]
                },
                {
                    "text": "COMPANY",
                    "box": [
                        390,
                        50,
                        447,
                        65
                    ]
                },
                {
                    "text": "TELEVISION",
                    "box": [
                        270,
                        77,
                        347,
                        92
                    ]
                },
                {
                    "text": "NETWORK",
                    "box": [
                        348,
                        78,
                        414,
                        92
                    ]
                }
            ]
        },
        {
            "text": "1330 Avenue of the Americas, New York, New York 10019 LT - 7777",
            "box": [
                222,
                99,
                461,
                136
            ],
            "linking": [],
            "label": "other",
            "words": [
                {
                    "text": "1330",
                    "box": [
                        222,
                        103,
                        243,
                        114
                    ]
                },
                {
                    "text": "Avenue",
                    "box": [
                        243,
                        103,
                        275,
                        113
                    ]
                },
                {
                    "text": "of",
                    "box": [
                        277,
                        103,
                        287,
                        114
                    ]
                },
                {
                    "text": "the",
                    "box": [
                        288,
                        103,
                        303,
                        113
                    ]
                },
                {
                    "text": "Americas,",
                    "box": [
                        303,
                        103,
                        346,
                        113
                    ]
                },
                {
                    "text": "New",
                    "box": [
                        348,
                        102,
                        368,
                        113
                    ]
                },
                {
                    "text": "York,",
                    "box": [
                        367,
                        102,
                        394,
                        112
                    ]
                },
                {
                    "text": "New",
                    "box": [
                        392,
                        102,
                        412,
                        112
                    ]
                },
                {
                    "text": "York",
                    "box": [
                        413,
                        102,
                        435,
                        112
                    ]
                },
                {
                    "text": "10019",
                    "box": [
                        436,
                        99,
                        461,
                        113
                    ]
                },
                {
                    "text": "LT",
                    "box": [
                        314,
                        122,
                        332,
                        136
                    ]
                },
                {
                    "text": "",
                    "box": [
                        332,
                        126,
                        340,
                        134
                    ]
                },
                {
                    "text": "-",
                    "box": [
                        342,
                        124,
                        348,
                        135
                    ]
                },
                {
                    "text": "7777",
                    "box": [
                        348,
                        124,
                        373,
                        134
                    ]
                }
            ]
        },
        {
            "text": "October 9, 1968",
            "box": [
                455,
                182,
                588,
                198
            ],
            "linking": [
                [
                    0,
                    14
                ]
            ],
            "label": "answer",
            "words": [
                {
                    "text": "October",
                    "box": [
                        455,
                        183,
                        521,
                        197
                    ]
                },
                {
                    "text": "9,",
                    "box": [
                        527,
                        183,
                        545,
                        198
                    ]
                },
                {
                    "text": "1968",
                    "box": [
                        553,
                        182,
                        588,
                        196
                    ]
                }
            ]
        },
        {
            "text": "Mr. Mary Goldsmith",
            "box": [
                464,
                216,
                623,
                233
            ],
            "linking": [
                [
                    1,
                    15
                ]
            ],
            "label": "answer",
            "words": [
                {
                    "text": "Mr.",
                    "box": [
                        464,
                        218,
                        493,
                        233
                    ]
                },
                {
                    "text": "Mary",
                    "box": [
                        497,
                        218,
                        536,
                        232
                    ]
                },
                {
                    "text": "Goldsmith",
                    "box": [
                        543,
                        216,
                        623,
                        233
                    ]
                }
            ]
        },
        {
            "text": "BBDO Inc.",
            "box": [
                138,
                221,
                217,
                235
            ],
            "linking": [
                [
                    2,
                    16
                ]
            ],
            "label": "answer",
            "words": [
                {
                    "text": "BBDO",
                    "box": [
                        138,
                        221,
                        176,
                        232
                    ]
                },
                {
                    "text": "Inc.",
                    "box": [
                        179,
                        221,
                        217,
                        235
                    ]
                }
            ]
        },
        {
            "text": "383 Madison Avenue New York 10017",
            "box": [
                135,
                274,
                435,
                289
            ],
            "linking": [
                [
                    3,
                    17
                ]
            ],
            "label": "answer",
            "words": [
                {
                    "text": "383",
                    "box": [
                        135,
                        274,
                        167,
                        288
                    ]
                },
                {
                    "text": "Madison",
                    "box": [
                        172,
                        274,
                        238,
                        287
                    ]
                },
                {
                    "text": "Avenue",
                    "box": [
                        242,
                        275,
                        295,
                        288
                    ]
                },
                {
                    "text": "New",
                    "box": [
                        303,
                        274,
                        330,
                        289
                    ]
                },
                {
                    "text": "York",
                    "box": [
                        337,
                        274,
                        373,
                        289
                    ]
                },
                {
                    "text": "10017",
                    "box": [
                        390,
                        274,
                        435,
                        285
                    ]
                }
            ]
        },
        {
            "text": "American Tobacco Co.",
            "box": [
                137,
                327,
                310,
                344
            ],
            "linking": [
                [
                    4,
                    18
                ]
            ],
            "label": "answer",
            "words": [
                {
                    "text": "American",
                    "box": [
                        137,
                        331,
                        208,
                        344
                    ]
                },
                {
                    "text": "Tobacco",
                    "box": [
                        218,
                        327,
                        278,
                        342
                    ]
                },
                {
                    "text": "Co.",
                    "box": [
                        285,
                        331,
                        310,
                        344
                    ]
                }
            ]
        },
        {
            "text": "Tareyton Cigarettes",
            "box": [
                137,
                378,
                306,
                394
            ],
            "linking": [
                [
                    5,
                    19
                ]
            ],
            "label": "answer",
            "words": [
                {
                    "text": "Tareyton",
                    "box": [
                        137,
                        380,
                        208,
                        394
                    ]
                },
                {
                    "text": "Cigarettes",
                    "box": [
                        215,
                        378,
                        306,
                        391
                    ]
                }
            ]
        },
        {
            "text": "Script(s) (and/ or story board(s)) cleared:",
            "box": [
                73,
                451,
                279,
                466
            ],
            "linking": [
                [
                    20,
                    21
                ],
                [
                    20,
                    22
                ],
                [
                    20,
                    23
                ],
                [
                    20,
                    24
                ],
                [
                    20,
                    25
                ],
                [
                    20,
                    26
                ]
            ],
            "label": "header",
            "words": [
                {
                    "text": "Script(s)",
                    "box": [
                        73,
                        453,
                        119,
                        466
                    ]
                },
                {
                    "text": "(and/",
                    "box": [
                        119,
                        453,
                        144,
                        466
                    ]
                },
                {
                    "text": "or",
                    "box": [
                        144,
                        453,
                        161,
                        463
                    ]
                },
                {
                    "text": "story",
                    "box": [
                        161,
                        454,
                        188,
                        464
                    ]
                },
                {
                    "text": "board(s))",
                    "box": [
                        187,
                        451,
                        234,
                        465
                    ]
                },
                {
                    "text": "cleared:",
                    "box": [
                        236,
                        451,
                        279,
                        464
                    ]
                }
            ]
        },
        {
            "text": "Phone Booth :",
            "box": [
                138,
                503,
                303,
                518
            ],
            "linking": [
                [
                    21,
                    6
                ],
                [
                    20,
                    21
                ]
            ],
            "label": "question",
            "words": [
                {
                    "text": "Phone",
                    "box": [
                        138,
                        504,
                        181,
                        518
                    ]
                },
                {
                    "text": "Booth",
                    "box": [
                        193,
                        503,
                        236,
                        517
                    ]
                },
                {
                    "text": ":",
                    "box": [
                        295,
                        506,
                        303,
                        517
                    ]
                }
            ]
        },
        {
            "text": "Phone Booth :",
            "box": [
                140,
                518,
                304,
                533
            ],
            "linking": [
                [
                    22,
                    7
                ],
                [
                    20,
                    22
                ]
            ],
            "label": "question",
            "words": [
                {
                    "text": "Phone",
                    "box": [
                        140,
                        520,
                        182,
                        533
                    ]
                },
                {
                    "text": "Booth",
                    "box": [
                        193,
                        518,
                        238,
                        532
                    ]
                },
                {
                    "text": ":",
                    "box": [
                        296,
                        520,
                        304,
                        531
                    ]
                }
            ]
        },
        {
            "text": "Phone Booth :",
            "box": [
                138,
                532,
                304,
                547
            ],
            "linking": [
                [
                    23,
                    8
                ],
                [
                    20,
                    23
                ]
            ],
            "label": "question",
            "words": [
                {
                    "text": "Phone",
                    "box": [
                        138,
                        534,
                        184,
                        547
                    ]
                },
                {
                    "text": "Booth",
                    "box": [
                        191,
                        532,
                        237,
                        545
                    ]
                },
                {
                    "text": ":",
                    "box": [
                        297,
                        532,
                        304,
                        545
                    ]
                }
            ]
        },
        {
            "text": "ECU :",
            "box": [
                138,
                547,
                303,
                560
            ],
            "linking": [
                [
                    24,
                    9
                ],
                [
                    20,
                    24
                ]
            ],
            "label": "question",
            "words": [
                {
                    "text": "ECU",
                    "box": [
                        138,
                        547,
                        169,
                        560
                    ]
                },
                {
                    "text": ":",
                    "box": [
                        297,
                        549,
                        303,
                        559
                    ]
                }
            ]
        },
        {
            "text": "ECU :",
            "box": [
                138,
                561,
                304,
                574
            ],
            "linking": [
                [
                    25,
                    10
                ],
                [
                    20,
                    25
                ]
            ],
            "label": "question",
            "words": [
                {
                    "text": "ECU",
                    "box": [
                        138,
                        561,
                        167,
                        574
                    ]
                },
                {
                    "text": ":",
                    "box": [
                        297,
                        561,
                        304,
                        572
                    ]
                }
            ]
        },
        {
            "text": "ECU :",
            "box": [
                138,
                575,
                305,
                589
            ],
            "linking": [
                [
                    26,
                    11
                ],
                [
                    20,
                    26
                ]
            ],
            "label": "question",
            "words": [
                {
                    "text": "ECU",
                    "box": [
                        138,
                        575,
                        166,
                        589
                    ]
                },
                {
                    "text": ":",
                    "box": [
                        297,
                        575,
                        305,
                        588
                    ]
                }
            ]
        },
        {
            "text": "THESE COMMERCIALS CANNOT BE SCHEDULED UNTIL THIS DEPARTMENT HAS BEEN NOTIFIED OF THEIR CODE NUMBERS.",
            "box": [
                130,
                613,
                676,
                645
            ],
            "linking": [],
            "label": "other",
            "words": [
                {
                    "text": "THESE",
                    "box": [
                        131,
                        617,
                        176,
                        631
                    ]
                },
                {
                    "text": "COMMERCIALS",
                    "box": [
                        182,
                        616,
                        281,
                        630
                    ]
                },
                {
                    "text": "CANNOT",
                    "box": [
                        285,
                        616,
                        339,
                        627
                    ]
                },
                {
                    "text": "BE",
                    "box": [
                        348,
                        615,
                        366,
                        629
                    ]
                },
                {
                    "text": "SCHEDULED",
                    "box": [
                        373,
                        616,
                        453,
                        630
                    ]
                },
                {
                    "text": "UNTIL",
                    "box": [
                        461,
                        616,
                        503,
                        627
                    ]
                },
                {
                    "text": "THIS",
                    "box": [
                        513,
                        615,
                        549,
                        629
                    ]
                },
                {
                    "text": "DEPARTMENT",
                    "box": [
                        556,
                        613,
                        644,
                        626
                    ]
                },
                {
                    "text": "HAS",
                    "box": [
                        649,
                        613,
                        676,
                        626
                    ]
                },
                {
                    "text": "BEEN",
                    "box": [
                        130,
                        631,
                        168,
                        645
                    ]
                },
                {
                    "text": "NOTIFIED",
                    "box": [
                        170,
                        633,
                        248,
                        643
                    ]
                },
                {
                    "text": "OF",
                    "box": [
                        251,
                        630,
                        271,
                        644
                    ]
                },
                {
                    "text": "THEIR",
                    "box": [
                        275,
                        631,
                        325,
                        642
                    ]
                },
                {
                    "text": "CODE",
                    "box": [
                        331,
                        630,
                        366,
                        644
                    ]
                },
                {
                    "text": "NUMBERS.",
                    "box": [
                        373,
                        631,
                        446,
                        644
                    ]
                }
            ]
        },
        {
            "text": "PLEASE NOTIFY THIS DEPARTMENT OF ANY CHANGES THE CODE NUMBER(S).",
            "box": [
                75,
                665,
                534,
                682
            ],
            "linking": [],
            "label": "other",
            "words": [
                {
                    "text": "PLEASE",
                    "box": [
                        75,
                        670,
                        122,
                        680
                    ]
                },
                {
                    "text": "NOTIFY",
                    "box": [
                        124,
                        669,
                        170,
                        680
                    ]
                },
                {
                    "text": "THIS",
                    "box": [
                        170,
                        669,
                        199,
                        682
                    ]
                },
                {
                    "text": "DEPARTMENT",
                    "box": [
                        201,
                        669,
                        282,
                        682
                    ]
                },
                {
                    "text": "OF",
                    "box": [
                        285,
                        668,
                        303,
                        681
                    ]
                },
                {
                    "text": "ANY",
                    "box": [
                        304,
                        668,
                        331,
                        682
                    ]
                },
                {
                    "text": "CHANGES",
                    "box": [
                        330,
                        666,
                        386,
                        679
                    ]
                },
                {
                    "text": "",
                    "box": [
                        388,
                        668,
                        403,
                        679
                    ]
                },
                {
                    "text": "THE",
                    "box": [
                        405,
                        666,
                        430,
                        680
                    ]
                },
                {
                    "text": "CODE",
                    "box": [
                        432,
                        665,
                        467,
                        679
                    ]
                },
                {
                    "text": "NUMBER(S).",
                    "box": [
                        466,
                        665,
                        534,
                        679
                    ]
                }
            ]
        },
        {
            "text": "Final approval is, of course, dependent upon our screening the finished film(s), and upon time and placement of the commercial(s).",
            "box": [
                74,
                689,
                510,
                722
            ],
            "linking": [],
            "label": "other",
            "words": [
                {
                    "text": "Final",
                    "box": [
                        77,
                        696,
                        106,
                        707
                    ]
                },
                {
                    "text": "approval",
                    "box": [
                        110,
                        694,
                        151,
                        707
                    ]
                },
                {
                    "text": "is,",
                    "box": [
                        154,
                        694,
                        169,
                        707
                    ]
                },
                {
                    "text": "of",
                    "box": [
                        173,
                        694,
                        184,
                        705
                    ]
                },
                {
                    "text": "course,",
                    "box": [
                        184,
                        696,
                        225,
                        706
                    ]
                },
                {
                    "text": "dependent",
                    "box": [
                        226,
                        691,
                        282,
                        705
                    ]
                },
                {
                    "text": "upon",
                    "box": [
                        282,
                        693,
                        307,
                        706
                    ]
                },
                {
                    "text": "our",
                    "box": [
                        309,
                        693,
                        327,
                        704
                    ]
                },
                {
                    "text": "screening",
                    "box": [
                        328,
                        691,
                        380,
                        706
                    ]
                },
                {
                    "text": "the",
                    "box": [
                        384,
                        691,
                        402,
                        702
                    ]
                },
                {
                    "text": "finished",
                    "box": [
                        402,
                        691,
                        445,
                        702
                    ]
                },
                {
                    "text": "film(s),",
                    "box": [
                        448,
                        689,
                        486,
                        703
                    ]
                },
                {
                    "text": "and",
                    "box": [
                        489,
                        690,
                        510,
                        700
                    ]
                },
                {
                    "text": "upon",
                    "box": [
                        74,
                        709,
                        102,
                        720
                    ]
                },
                {
                    "text": "time",
                    "box": [
                        103,
                        711,
                        128,
                        722
                    ]
                },
                {
                    "text": "and",
                    "box": [
                        130,
                        708,
                        150,
                        719
                    ]
                },
                {
                    "text": "placement",
                    "box": [
                        151,
                        708,
                        204,
                        721
                    ]
                },
                {
                    "text": "of",
                    "box": [
                        205,
                        707,
                        218,
                        720
                    ]
                },
                {
                    "text": "the",
                    "box": [
                        221,
                        707,
                        238,
                        720
                    ]
                },
                {
                    "text": "commercial(s).",
                    "box": [
                        239,
                        705,
                        316,
                        719
                    ]
                }
            ]
        },
        {
            "text": "XER. 257/ REV 6/ 68",
            "box": [
                82,
                855,
                198,
                868
            ],
            "linking": [],
            "label": "other",
            "words": [
                {
                    "text": "XER.",
                    "box": [
                        82,
                        859,
                        106,
                        867
                    ]
                },
                {
                    "text": "257/",
                    "box": [
                        112,
                        858,
                        130,
                        868
                    ]
                },
                {
                    "text": "",
                    "box": [
                        130,
                        859,
                        145,
                        866
                    ]
                },
                {
                    "text": "REV",
                    "box": [
                        151,
                        856,
                        172,
                        867
                    ]
                },
                {
                    "text": "6/",
                    "box": [
                        177,
                        855,
                        187,
                        868
                    ]
                },
                {
                    "text": "68",
                    "box": [
                        187,
                        856,
                        198,
                        867
                    ]
                }
            ]
        },
        {
            "text": "JP/ gb",
            "box": [
                123,
                817,
                169,
                835
            ],
            "linking": [],
            "label": "other",
            "words": [
                {
                    "text": "JP/",
                    "box": [
                        123,
                        817,
                        150,
                        834
                    ]
                },
                {
                    "text": "gb",
                    "box": [
                        149,
                        818,
                        169,
                        835
                    ]
                }
            ]
        },
        {
            "text": "Sincerely. American Broadcasting Company Judse Price Department of BROADCAST STANDARDS AND PRACTICES",
            "box": [
                405,
                744,
                605,
                859
            ],
            "linking": [],
            "label": "other",
            "words": [
                {
                    "text": "Sincerely.",
                    "box": [
                        406,
                        744,
                        451,
                        758
                    ]
                },
                {
                    "text": "American",
                    "box": [
                        405,
                        763,
                        458,
                        778
                    ]
                },
                {
                    "text": "Broadcasting",
                    "box": [
                        461,
                        761,
                        535,
                        776
                    ]
                },
                {
                    "text": "Company",
                    "box": [
                        541,
                        761,
                        590,
                        774
                    ]
                },
                {
                    "text": "",
                    "box": [
                        406,
                        781,
                        455,
                        842
                    ]
                },
                {
                    "text": "Judse",
                    "box": [
                        406,
                        813,
                        442,
                        824
                    ]
                },
                {
                    "text": "Price",
                    "box": [
                        448,
                        813,
                        487,
                        824
                    ]
                },
                {
                    "text": "Department",
                    "box": [
                        406,
                        835,
                        455,
                        848
                    ]
                },
                {
                    "text": "of",
                    "box": [
                        457,
                        832,
                        468,
                        846
                    ]
                },
                {
                    "text": "BROADCAST",
                    "box": [
                        409,
                        846,
                        465,
                        859
                    ]
                },
                {
                    "text": "STANDARDS",
                    "box": [
                        468,
                        845,
                        525,
                        859
                    ]
                },
                {
                    "text": "AND",
                    "box": [
                        527,
                        844,
                        544,
                        859
                    ]
                },
                {
                    "text": "PRACTICES",
                    "box": [
                        546,
                        844,
                        605,
                        858
                    ]
                }
            ]
        }
    ]
}