{
    "form": [
        {
            "box": [
                77,
                80,
                108,
                90
            ],
            "text": "Date:",
            "label": "question",
            "words": [
                {
                    "box": [
                        77,
                        80,
                        108,
                        90
                    ],
                    "text": "Date:"
                }
            ],
            "linking": [
                [
                    0,
                    58
                ]
            ]
        },
        {
            "box": [
                78,
                94,
                144,
                109
            ],
            "text": "Description:",
            "label": "question",
            "words": [
                {
                    "box": [
                        78,
                        94,
                        144,
                        109
                    ],
                    "text": "Description:"
                }
            ],
            "linking": [
                [
                    1,
                    60
                ]
            ]
        },
        {
            "box": [
                525,
                78,
                546,
                91
            ],
            "text": "No.",
            "label": "question",
            "words": [
                {
                    "box": [
                        525,
                        78,
                        546,
                        91
                    ],
                    "text": "No."
                }
            ],
            "linking": [
                [
                    2,
                    59
                ]
            ]
        },
        {
            "box": [
                302,
                141,
                358,
                156
            ],
            "text": "Budgeted:",
            "label": "header",
            "words": [
                {
                    "box": [
                        302,
                        141,
                        358,
                        156
                    ],
                    "text": "Budgeted:"
                }
            ],
            "linking": [
                [
                    3,
                    5
                ],
                [
                    3,
                    7
                ]
            ]
        },
        {
            "box": [
                476,
                126,
                497,
                139
            ],
            "text": "Yes",
            "label": "question",
            "words": [
                {
                    "box": [
                        476,
                        126,
                        497,
                        139
                    ],
                    "text": "Yes"
                }
            ],
            "linking": [
                [
                    63,
                    4
                ],
                [
                    4,
                    8
                ]
            ]
        },
        {
            "box": [
                476,
                141,
                497,
                155
            ],
            "text": "Yes",
            "label": "question",
            "words": [
                {
                    "box": [
                        476,
                        141,
                        497,
                        155
                    ],
                    "text": "Yes"
                }
            ],
            "linking": [
                [
                    3,
                    5
                ]
            ]
        },
        {
            "box": [
                560,
                126,
                577,
                137
            ],
            "text": "No",
            "label": "question",
            "words": [
                {
                    "box": [
                        560,
                        126,
                        577,
                        137
                    ],
                    "text": "No"
                }
            ],
            "linking": [
                [
                    63,
                    6
                ]
            ]
        },
        {
            "box": [
                560,
                141,
                575,
                154
            ],
            "text": "No",
            "label": "question",
            "words": [
                {
                    "box": [
                        560,
                        141,
                        575,
                        154
                    ],
                    "text": "No"
                }
            ],
            "linking": [
                [
                    3,
                    7
                ],
                [
                    7,
                    9
                ]
            ]
        },
        {
            "box": [
                525,
                124,
                539,
                138
            ],
            "text": "X",
            "label": "answer",
            "words": [
                {
                    "box": [
                        525,
                        124,
                        539,
                        138
                    ],
                    "text": "X"
                }
            ],
            "linking": [
                [
                    4,
                    8
                ]
            ]
        },
        {
            "box": [
                608,
                141,
                621,
                155
            ],
            "text": "X",
            "label": "answer",
            "words": [
                {
                    "box": [
                        608,
                        141,
                        621,
                        155
                    ],
                    "text": "X"
                }
            ],
            "linking": [
                [
                    7,
                    9
                ]
            ]
        },
        {
            "box": [
                476,
                158,
                484,
                171
            ],
            "text": "$",
            "label": "other",
            "words": [
                {
                    "box": [
                        476,
                        158,
                        484,
                        171
                    ],
                    "text": "$"
                }
            ],
            "linking": []
        },
        {
            "box": [
                483,
                158,
                490,
                169
            ],
            "text": "",
            "label": "answer",
            "words": [
                {
                    "box": [
                        483,
                        158,
                        490,
                        169
                    ],
                    "text": ""
                }
            ],
            "linking": [
                [
                    64,
                    11
                ]
            ]
        },
        {
            "box": [
                78,
                190,
                124,
                201
            ],
            "text": "contract.",
            "label": "answer",
            "words": [
                {
                    "box": [
                        78,
                        190,
                        124,
                        201
                    ],
                    "text": "contract."
                }
            ],
            "linking": [
                [
                    65,
                    12
                ]
            ]
        },
        {
            "box": [
                161,
                218,
                210,
                233
            ],
            "text": "Supplier",
            "label": "question",
            "words": [
                {
                    "box": [
                        161,
                        218,
                        210,
                        233
                    ],
                    "text": "Supplier"
                }
            ],
            "linking": [
                [
                    13,
                    67
                ],
                [
                    13,
                    68
                ]
            ]
        },
        {
            "box": [
                500,
                235,
                539,
                248
            ],
            "text": "29,500",
            "label": "answer",
            "words": [
                {
                    "box": [
                        500,
                        235,
                        539,
                        248
                    ],
                    "text": "29,500"
                }
            ],
            "linking": [
                [
                    70,
                    14
                ]
            ]
        },
        {
            "box": [
                501,
                251,
                537,
                264
            ],
            "text": "31,716",
            "label": "answer",
            "words": [
                {
                    "box": [
                        501,
                        251,
                        537,
                        264
                    ],
                    "text": "31,716"
                }
            ],
            "linking": [
                [
                    70,
                    15
                ]
            ]
        },
        {
            "box": [
                413,
                235,
                444,
                249
            ],
            "text": "2,500",
            "label": "answer",
            "words": [
                {
                    "box": [
                        413,
                        235,
                        444,
                        249
                    ],
                    "text": "2,500"
                }
            ],
            "linking": [
                [
                    71,
                    16
                ]
            ]
        },
        {
            "box": [
                415,
                251,
                444,
                265
            ],
            "text": "2,500",
            "label": "answer",
            "words": [
                {
                    "box": [
                        415,
                        251,
                        444,
                        265
                    ],
                    "text": "2,500"
                }
            ],
            "linking": [
                [
                    71,
                    17
                ]
            ]
        },
        {
            "box": [
                317,
                233,
                356,
                250
            ],
            "text": "27,000",
            "label": "answer",
            "words": [
                {
                    "box": [
                        317,
                        233,
                        356,
                        250
                    ],
                    "text": "27,000"
                }
            ],
            "linking": [
                [
                    72,
                    18
                ]
            ]
        },
        {
            "box": [
                316,
                250,
                358,
                264
            ],
            "text": "29,216",
            "label": "answer",
            "words": [
                {
                    "box": [
                        316,
                        250,
                        358,
                        264
                    ],
                    "text": "29,216"
                }
            ],
            "linking": [
                [
                    72,
                    19
                ]
            ]
        },
        {
            "box": [
                77,
                282,
                134,
                296
            ],
            "text": "Projected:",
            "label": "question",
            "words": [
                {
                    "box": [
                        77,
                        282,
                        134,
                        296
                    ],
                    "text": "Projected:"
                }
            ],
            "linking": []
        },
        {
            "box": [
                77,
                346,
                123,
                360
            ],
            "text": "Wave(s)",
            "label": "question",
            "words": [
                {
                    "box": [
                        77,
                        346,
                        123,
                        360
                    ],
                    "text": "Wave(s)"
                }
            ],
            "linking": [
                [
                    21,
                    82
                ]
            ]
        },
        {
            "box": [
                78,
                411,
                125,
                425
            ],
            "text": "Waves(s)",
            "label": "question",
            "words": [
                {
                    "box": [
                        78,
                        411,
                        125,
                        425
                    ],
                    "text": "Waves(s)"
                }
            ],
            "linking": [
                [
                    22,
                    81
                ]
            ]
        },
        {
            "box": [
                80,
                489,
                125,
                506
            ],
            "text": "Wave(s)",
            "label": "question",
            "words": [
                {
                    "box": [
                        80,
                        489,
                        125,
                        506
                    ],
                    "text": "Wave(s)"
                }
            ],
            "linking": [
                [
                    23,
                    88
                ]
            ]
        },
        {
            "box": [
                391,
                536,
                433,
                551
            ],
            "text": "Project",
            "label": "header",
            "words": [
                {
                    "box": [
                        391,
                        536,
                        433,
                        551
                    ],
                    "text": "Project"
                }
            ],
            "linking": [
                [
                    24,
                    25
                ]
            ]
        },
        {
            "box": [
                432,
                538,
                466,
                552
            ],
            "text": "Type:",
            "label": "question",
            "words": [
                {
                    "box": [
                        432,
                        538,
                        466,
                        552
                    ],
                    "text": "Type:"
                }
            ],
            "linking": [
                [
                    24,
                    25
                ]
            ]
        },
        {
            "box": [
                538,
                282,
                567,
                296
            ],
            "text": "1995",
            "label": "answer",
            "words": [
                {
                    "box": [
                        538,
                        282,
                        567,
                        296
                    ],
                    "text": "1995"
                }
            ],
            "linking": [
                [
                    74,
                    26
                ]
            ]
        },
        {
            "box": [
                543,
                297,
                588,
                311
            ],
            "text": "500,000",
            "label": "answer",
            "words": [
                {
                    "box": [
                        543,
                        297,
                        588,
                        311
                    ],
                    "text": "500,000"
                }
            ],
            "linking": [
                [
                    75,
                    27
                ]
            ]
        },
        {
            "box": [
                542,
                330,
                584,
                344
            ],
            "text": "382,575",
            "label": "answer",
            "words": [
                {
                    "box": [
                        542,
                        330,
                        584,
                        344
                    ],
                    "text": "382,575"
                }
            ],
            "linking": [
                [
                    77,
                    28
                ]
            ]
        },
        {
            "box": [
                546,
                359,
                587,
                377
            ],
            "text": "29,500",
            "label": "answer",
            "words": [
                {
                    "box": [
                        546,
                        359,
                        587,
                        377
                    ],
                    "text": "29,500"
                }
            ],
            "linking": [
                [
                    78,
                    29
                ]
            ]
        },
        {
            "box": [
                578,
                411,
                586,
                422
            ],
            "text": "0",
            "label": "answer",
            "words": [
                {
                    "box": [
                        578,
                        411,
                        586,
                        422
                    ],
                    "text": "0"
                }
            ],
            "linking": [
                [
                    86,
                    30
                ]
            ]
        },
        {
            "box": [
                542,
                457,
                587,
                470
            ],
            "text": "353,075",
            "label": "answer",
            "words": [
                {
                    "box": [
                        542,
                        457,
                        587,
                        470
                    ],
                    "text": "353,075"
                }
            ],
            "linking": [
                [
                    84,
                    31
                ]
            ]
        },
        {
            "box": [
                542,
                486,
                588,
                501
            ],
            "text": "146,925",
            "label": "answer",
            "words": [
                {
                    "box": [
                        542,
                        486,
                        588,
                        501
                    ],
                    "text": "146,925"
                }
            ],
            "linking": [
                [
                    85,
                    32
                ]
            ]
        },
        {
            "box": [
                198,
                645,
                244,
                663
            ],
            "text": "Analyst",
            "label": "question",
            "words": [
                {
                    "box": [
                        198,
                        645,
                        244,
                        663
                    ],
                    "text": "Analyst"
                }
            ],
            "linking": []
        },
        {
            "box": [
                203,
                679,
                231,
                692
            ],
            "text": "Asst",
            "label": "question",
            "words": [
                {
                    "box": [
                        203,
                        679,
                        231,
                        692
                    ],
                    "text": "Asst"
                }
            ],
            "linking": []
        },
        {
            "box": [
                232,
                677,
                257,
                691
            ],
            "text": "Mgr.",
            "label": "question",
            "words": [
                {
                    "box": [
                        232,
                        677,
                        257,
                        691
                    ],
                    "text": "Mgr."
                }
            ],
            "linking": []
        },
        {
            "box": [
                258,
                676,
                282,
                691
            ],
            "text": "Con",
            "label": "question",
            "words": [
                {
                    "box": [
                        258,
                        676,
                        282,
                        691
                    ],
                    "text": "Con"
                }
            ],
            "linking": []
        },
        {
            "box": [
                286,
                677,
                310,
                690
            ],
            "text": "Res",
            "label": "question",
            "words": [
                {
                    "box": [
                        286,
                        677,
                        310,
                        690
                    ],
                    "text": "Res"
                }
            ],
            "linking": []
        },
        {
            "box": [
                311,
                676,
                328,
                691
            ],
            "text": "(to",
            "label": "question",
            "words": [
                {
                    "box": [
                        311,
                        676,
                        328,
                        691
                    ],
                    "text": "(to"
                }
            ],
            "linking": []
        },
        {
            "box": [
                330,
                675,
                337,
                690
            ],
            "text": "$",
            "label": "question",
            "words": [
                {
                    "box": [
                        330,
                        675,
                        337,
                        690
                    ],
                    "text": "$"
                }
            ],
            "linking": []
        },
        {
            "box": [
                338,
                676,
                385,
                691
            ],
            "text": "100,000)",
            "label": "question",
            "words": [
                {
                    "box": [
                        338,
                        676,
                        385,
                        691
                    ],
                    "text": "100,000)"
                }
            ],
            "linking": []
        },
        {
            "box": [
                211,
                749,
                267,
                767
            ],
            "text": "Musiclask",
            "label": "answer",
            "words": [
                {
                    "box": [
                        211,
                        749,
                        267,
                        767
                    ],
                    "text": "Musiclask"
                }
            ],
            "linking": [
                [
                    99,
                    41
                ]
            ]
        },
        {
            "box": [
                267,
                753,
                321,
                767
            ],
            "text": "",
            "label": "other",
            "words": [
                {
                    "box": [
                        267,
                        753,
                        321,
                        767
                    ],
                    "text": ""
                }
            ],
            "linking": []
        },
        {
            "box": [
                225,
                709,
                370,
                734
            ],
            "text": "",
            "label": "answer",
            "words": [
                {
                    "box": [
                        225,
                        709,
                        370,
                        734
                    ],
                    "text": ""
                }
            ],
            "linking": [
                [
                    98,
                    43
                ]
            ]
        },
        {
            "box": [
                189,
                644,
                361,
                691
            ],
            "text": "",
            "label": "answer",
            "words": [
                {
                    "box": [
                        189,
                        644,
                        361,
                        691
                    ],
                    "text": ""
                }
            ],
            "linking": [
                [
                    96,
                    44
                ]
            ]
        },
        {
            "box": [
                191,
                615,
                287,
                650
            ],
            "text": "Lumea",
            "label": "answer",
            "words": [
                {
                    "box": [
                        191,
                        615,
                        287,
                        650
                    ],
                    "text": "Lumea"
                }
            ],
            "linking": [
                [
                    95,
                    45
                ]
            ]
        },
        {
            "box": [
                293,
                615,
                382,
                664
            ],
            "text": "",
            "label": "other",
            "words": [
                {
                    "box": [
                        293,
                        615,
                        382,
                        664
                    ],
                    "text": ""
                }
            ],
            "linking": []
        },
        {
            "box": [
                461,
                631,
                490,
                646
            ],
            "text": "Date:",
            "label": "question",
            "words": [
                {
                    "box": [
                        461,
                        631,
                        490,
                        646
                    ],
                    "text": "Date:"
                }
            ],
            "linking": [
                [
                    47,
                    100
                ]
            ]
        },
        {
            "box": [
                459,
                661,
                488,
                676
            ],
            "text": "Date:",
            "label": "question",
            "words": [
                {
                    "box": [
                        459,
                        661,
                        488,
                        676
                    ],
                    "text": "Date:"
                }
            ],
            "linking": [
                [
                    48,
                    101
                ]
            ]
        },
        {
            "box": [
                458,
                693,
                490,
                707
            ],
            "text": "Date:",
            "label": "question",
            "words": [
                {
                    "box": [
                        458,
                        693,
                        490,
                        707
                    ],
                    "text": "Date:"
                }
            ],
            "linking": []
        },
        {
            "box": [
                461,
                721,
                490,
                738
            ],
            "text": "Date:",
            "label": "question",
            "words": [
                {
                    "box": [
                        461,
                        721,
                        490,
                        738
                    ],
                    "text": "Date:"
                }
            ],
            "linking": [
                [
                    50,
                    102
                ]
            ]
        },
        {
            "box": [
                461,
                753,
                492,
                768
            ],
            "text": "Date:",
            "label": "question",
            "words": [
                {
                    "box": [
                        461,
                        753,
                        492,
                        768
                    ],
                    "text": "Date:"
                }
            ],
            "linking": []
        },
        {
            "box": [
                529,
                856,
                645,
                881
            ],
            "text": "466840246",
            "label": "other",
            "words": [
                {
                    "box": [
                        529,
                        856,
                        645,
                        881
                    ],
                    "text": "466840246"
                }
            ],
            "linking": []
        },
        {
            "box": [
                77,
                827,
                123,
                841
            ],
            "text": "Original:",
            "label": "question",
            "words": [
                {
                    "box": [
                        77,
                        827,
                        123,
                        841
                    ],
                    "text": "Original:"
                }
            ],
            "linking": [
                [
                    53,
                    106
                ]
            ]
        },
        {
            "box": [
                78,
                844,
                95,
                854
            ],
            "text": "cc:",
            "label": "question",
            "words": [
                {
                    "box": [
                        78,
                        844,
                        95,
                        854
                    ],
                    "text": "cc:"
                }
            ],
            "linking": [
                [
                    54,
                    105
                ]
            ]
        },
        {
            "box": [
                78,
                862,
                116,
                873
            ],
            "text": "MRADOM",
            "label": "other",
            "words": [
                {
                    "box": [
                        78,
                        862,
                        116,
                        873
                    ],
                    "text": "MRADOM"
                }
            ],
            "linking": []
        },
        {
            "text": "MARKETING RESEARCH AUTHORI TION",
            "box": [
                216,
                28,
                508,
                43
            ],
            "linking": [],
            "label": "header",
            "words": [
                {
                    "text": "MARKETING",
                    "box": [
                        216,
                        28,
                        307,
                        43
                    ]
                },
                {
                    "text": "RESEARCH",
                    "box": [
                        310,
                        28,
                        387,
                        43
                    ]
                },
                {
                    "text": "AUTHORI",
                    "box": [
                        388,
                        28,
                        458,
                        42
                    ]
                },
                {
                    "text": "TION",
                    "box": [
                        472,
                        28,
                        508,
                        43
                    ]
                }
            ]
        },
        {
            "text": "DOMESTIC (Recommended Proposal Attached)",
            "box": [
                261,
                45,
                467,
                77
            ],
            "linking": [],
            "label": "other",
            "words": [
                {
                    "text": "DOMESTIC",
                    "box": [
                        320,
                        45,
                        407,
                        59
                    ]
                },
                {
                    "text": "(Recommended",
                    "box": [
                        261,
                        61,
                        352,
                        75
                    ]
                },
                {
                    "text": "Proposal",
                    "box": [
                        353,
                        61,
                        406,
                        76
                    ]
                },
                {
                    "text": "Attached)",
                    "box": [
                        408,
                        60,
                        467,
                        77
                    ]
                }
            ]
        },
        {
            "text": "March3, 1995",
            "box": [
                177,
                78,
                254,
                93
            ],
            "linking": [
                [
                    0,
                    58
                ]
            ],
            "label": "answer",
            "words": [
                {
                    "text": "March3,",
                    "box": [
                        177,
                        78,
                        226,
                        93
                    ]
                },
                {
                    "text": "1995",
                    "box": [
                        229,
                        78,
                        254,
                        93
                    ]
                }
            ]
        },
        {
            "text": "1995- 48D",
            "box": [
                567,
                80,
                620,
                93
            ],
            "linking": [
                [
                    2,
                    59
                ]
            ],
            "label": "answer",
            "words": [
                {
                    "text": "1995-",
                    "box": [
                        567,
                        80,
                        598,
                        93
                    ]
                },
                {
                    "text": "48D",
                    "box": [
                        596,
                        80,
                        620,
                        90
                    ]
                }
            ]
        },
        {
            "text": "LUCKY STRIKE QUALITATIVE ADVERTISING RESEARCH - GATEWAY CITIES",
            "box": [
                179,
                92,
                588,
                123
            ],
            "linking": [
                [
                    1,
                    60
                ]
            ],
            "label": "answer",
            "words": [
                {
                    "text": "LUCKY",
                    "box": [
                        179,
                        95,
                        224,
                        108
                    ]
                },
                {
                    "text": "STRIKE",
                    "box": [
                        226,
                        95,
                        271,
                        109
                    ]
                },
                {
                    "text": "QUALITATIVE",
                    "box": [
                        272,
                        94,
                        357,
                        109
                    ]
                },
                {
                    "text": "ADVERTISING",
                    "box": [
                        360,
                        94,
                        444,
                        109
                    ]
                },
                {
                    "text": "RESEARCH",
                    "box": [
                        447,
                        94,
                        514,
                        109
                    ]
                },
                {
                    "text": "-",
                    "box": [
                        517,
                        99,
                        523,
                        105
                    ]
                },
                {
                    "text": "GATEWAY",
                    "box": [
                        524,
                        92,
                        588,
                        109
                    ]
                },
                {
                    "text": "CITIES",
                    "box": [
                        179,
                        108,
                        221,
                        123
                    ]
                }
            ]
        },
        {
            "text": "Requested by:",
            "box": [
                77,
                124,
                155,
                140
            ],
            "linking": [
                [
                    61,
                    62
                ]
            ],
            "label": "question",
            "words": [
                {
                    "text": "Requested",
                    "box": [
                        77,
                        124,
                        136,
                        139
                    ]
                },
                {
                    "text": "by:",
                    "box": [
                        138,
                        126,
                        155,
                        140
                    ]
                }
            ]
        },
        {
            "text": "A. A. Strobel",
            "box": [
                177,
                124,
                247,
                140
            ],
            "linking": [
                [
                    61,
                    62
                ]
            ],
            "label": "answer",
            "words": [
                {
                    "text": "A.",
                    "box": [
                        177,
                        124,
                        191,
                        138
                    ]
                },
                {
                    "text": "A.",
                    "box": [
                        194,
                        126,
                        207,
                        140
                    ]
                },
                {
                    "text": "Strobel",
                    "box": [
                        211,
                        124,
                        247,
                        139
                    ]
                }
            ]
        },
        {
            "text": "Research Req Attached:",
            "box": [
                302,
                126,
                436,
                141
            ],
            "linking": [
                [
                    63,
                    4
                ],
                [
                    63,
                    6
                ]
            ],
            "label": "header",
            "words": [
                {
                    "text": "Research",
                    "box": [
                        302,
                        126,
                        352,
                        140
                    ]
                },
                {
                    "text": "Req",
                    "box": [
                        355,
                        126,
                        380,
                        141
                    ]
                },
                {
                    "text": "Attached:",
                    "box": [
                        383,
                        126,
                        436,
                        139
                    ]
                }
            ]
        },
        {
            "text": "Original Budgeted Amount:",
            "box": [
                282,
                156,
                430,
                174
            ],
            "linking": [
                [
                    64,
                    11
                ]
            ],
            "label": "question",
            "words": [
                {
                    "text": "Original",
                    "box": [
                        282,
                        156,
                        329,
                        174
                    ]
                },
                {
                    "text": "Budgeted",
                    "box": [
                        328,
                        156,
                        382,
                        173
                    ]
                },
                {
                    "text": "Amount:",
                    "box": [
                        383,
                        156,
                        430,
                        170
                    ]
                }
            ]
        },
        {
            "text": "Competitive Proposals Obtained:",
            "box": [
                77,
                170,
                255,
                188
            ],
            "linking": [
                [
                    65,
                    66
                ],
                [
                    65,
                    12
                ]
            ],
            "label": "question",
            "words": [
                {
                    "text": "Competitive",
                    "box": [
                        77,
                        173,
                        143,
                        187
                    ]
                },
                {
                    "text": "Proposals",
                    "box": [
                        147,
                        172,
                        199,
                        187
                    ]
                },
                {
                    "text": "Obtained:",
                    "box": [
                        201,
                        170,
                        255,
                        188
                    ]
                }
            ]
        },
        {
            "text": "Only two bidders because third supplier has not yet signed B & W",
            "box": [
                258,
                172,
                596,
                189
            ],
            "linking": [
                [
                    65,
                    66
                ]
            ],
            "label": "answer",
            "words": [
                {
                    "text": "Only",
                    "box": [
                        258,
                        172,
                        285,
                        189
                    ]
                },
                {
                    "text": "two",
                    "box": [
                        285,
                        175,
                        306,
                        188
                    ]
                },
                {
                    "text": "bidders",
                    "box": [
                        307,
                        173,
                        348,
                        187
                    ]
                },
                {
                    "text": "because",
                    "box": [
                        346,
                        173,
                        392,
                        187
                    ]
                },
                {
                    "text": "third",
                    "box": [
                        394,
                        173,
                        421,
                        186
                    ]
                },
                {
                    "text": "supplier",
                    "box": [
                        422,
                        173,
                        467,
                        188
                    ]
                },
                {
                    "text": "has",
                    "box": [
                        465,
                        175,
                        487,
                        186
                    ]
                },
                {
                    "text": "not",
                    "box": [
                        487,
                        176,
                        507,
                        186
                    ]
                },
                {
                    "text": "yet",
                    "box": [
                        507,
                        175,
                        525,
                        189
                    ]
                },
                {
                    "text": "signed",
                    "box": [
                        527,
                        173,
                        563,
                        188
                    ]
                },
                {
                    "text": "B",
                    "box": [
                        564,
                        172,
                        574,
                        187
                    ]
                },
                {
                    "text": "&",
                    "box": [
                        574,
                        172,
                        584,
                        186
                    ]
                },
                {
                    "text": "W",
                    "box": [
                        582,
                        172,
                        596,
                        186
                    ]
                }
            ]
        },
        {
            "text": "Analytic Insight, Inc.",
            "box": [
                77,
                232,
                183,
                250
            ],
            "linking": [
                [
                    13,
                    67
                ]
            ],
            "label": "answer",
            "words": [
                {
                    "text": "Analytic",
                    "box": [
                        77,
                        232,
                        122,
                        249
                    ]
                },
                {
                    "text": "Insight,",
                    "box": [
                        123,
                        235,
                        164,
                        250
                    ]
                },
                {
                    "text": "Inc.",
                    "box": [
                        165,
                        235,
                        183,
                        249
                    ]
                }
            ]
        },
        {
            "text": "Goldfarb Consultants",
            "box": [
                78,
                251,
                187,
                265
            ],
            "linking": [
                [
                    13,
                    68
                ]
            ],
            "label": "answer",
            "words": [
                {
                    "text": "Goldfarb",
                    "box": [
                        78,
                        251,
                        124,
                        265
                    ]
                },
                {
                    "text": "Consultants",
                    "box": [
                        126,
                        251,
                        187,
                        265
                    ]
                }
            ]
        },
        {
            "text": "Cost per Interview",
            "box": [
                575,
                204,
                628,
                232
            ],
            "linking": [],
            "label": "question",
            "words": [
                {
                    "text": "Cost",
                    "box": [
                        577,
                        204,
                        606,
                        218
                    ]
                },
                {
                    "text": "per",
                    "box": [
                        605,
                        205,
                        627,
                        220
                    ]
                },
                {
                    "text": "Interview",
                    "box": [
                        575,
                        218,
                        628,
                        232
                    ]
                }
            ]
        },
        {
            "text": "Total Cost",
            "box": [
                487,
                216,
                547,
                233
            ],
            "linking": [
                [
                    70,
                    14
                ],
                [
                    70,
                    15
                ]
            ],
            "label": "question",
            "words": [
                {
                    "text": "Total",
                    "box": [
                        487,
                        216,
                        518,
                        233
                    ]
                },
                {
                    "text": "Cost",
                    "box": [
                        522,
                        218,
                        547,
                        232
                    ]
                }
            ]
        },
        {
            "text": "Est. Travel",
            "box": [
                402,
                218,
                462,
                236
            ],
            "linking": [
                [
                    71,
                    16
                ],
                [
                    71,
                    17
                ]
            ],
            "label": "question",
            "words": [
                {
                    "text": "Est.",
                    "box": [
                        402,
                        218,
                        424,
                        232
                    ]
                },
                {
                    "text": "Travel",
                    "box": [
                        427,
                        218,
                        462,
                        236
                    ]
                }
            ]
        },
        {
            "text": "Cost ($)",
            "box": [
                324,
                218,
                368,
                235
            ],
            "linking": [
                [
                    72,
                    18
                ],
                [
                    72,
                    19
                ]
            ],
            "label": "question",
            "words": [
                {
                    "text": "Cost",
                    "box": [
                        324,
                        218,
                        351,
                        235
                    ]
                },
                {
                    "text": "($)",
                    "box": [
                        351,
                        219,
                        368,
                        233
                    ]
                }
            ]
        },
        {
            "text": "Internal Init Date",
            "box": [
                78,
                299,
                176,
                314
            ],
            "linking": [
                [
                    73,
                    83
                ]
            ],
            "label": "question",
            "words": [
                {
                    "text": "Internal",
                    "box": [
                        78,
                        299,
                        123,
                        314
                    ]
                },
                {
                    "text": "Init",
                    "box": [
                        123,
                        299,
                        147,
                        313
                    ]
                },
                {
                    "text": "Date",
                    "box": [
                        151,
                        299,
                        176,
                        313
                    ]
                }
            ]
        },
        {
            "text": "Summary of MRD Budget",
            "box": [
                323,
                282,
                466,
                299
            ],
            "linking": [
                [
                    74,
                    26
                ]
            ],
            "label": "question",
            "words": [
                {
                    "text": "Summary",
                    "box": [
                        323,
                        282,
                        377,
                        299
                    ]
                },
                {
                    "text": "of",
                    "box": [
                        378,
                        282,
                        392,
                        296
                    ]
                },
                {
                    "text": "MRD",
                    "box": [
                        391,
                        284,
                        423,
                        297
                    ]
                },
                {
                    "text": "Budget",
                    "box": [
                        423,
                        284,
                        466,
                        298
                    ]
                }
            ]
        },
        {
            "text": "Total Area Authorized",
            "box": [
                339,
                299,
                462,
                313
            ],
            "linking": [
                [
                    75,
                    27
                ]
            ],
            "label": "question",
            "words": [
                {
                    "text": "Total",
                    "box": [
                        339,
                        299,
                        370,
                        312
                    ]
                },
                {
                    "text": "Area",
                    "box": [
                        369,
                        299,
                        398,
                        313
                    ]
                },
                {
                    "text": "Authorized",
                    "box": [
                        398,
                        300,
                        462,
                        311
                    ]
                }
            ]
        },
        {
            "text": "Field Start",
            "box": [
                78,
                330,
                140,
                344
            ],
            "linking": [],
            "label": "question",
            "words": [
                {
                    "text": "Field",
                    "box": [
                        78,
                        330,
                        106,
                        344
                    ]
                },
                {
                    "text": "Start",
                    "box": [
                        106,
                        330,
                        140,
                        343
                    ]
                }
            ]
        },
        {
            "text": "Current Balance Available",
            "box": [
                321,
                330,
                466,
                345
            ],
            "linking": [
                [
                    77,
                    28
                ]
            ],
            "label": "question",
            "words": [
                {
                    "text": "Current",
                    "box": [
                        321,
                        330,
                        367,
                        345
                    ]
                },
                {
                    "text": "Balance",
                    "box": [
                        367,
                        330,
                        412,
                        345
                    ]
                },
                {
                    "text": "Available",
                    "box": [
                        412,
                        331,
                        466,
                        344
                    ]
                }
            ]
        },
        {
            "text": "This Change:",
            "box": [
                392,
                360,
                464,
                377
            ],
            "linking": [
                [
                    78,
                    29
                ]
            ],
            "label": "question",
            "words": [
                {
                    "text": "This",
                    "box": [
                        392,
                        360,
                        416,
                        374
                    ]
                },
                {
                    "text": "Change:",
                    "box": [
                        419,
                        362,
                        464,
                        377
                    ]
                }
            ]
        },
        {
            "text": "(From Current Budget)",
            "box": [
                338,
                377,
                466,
                392
            ],
            "linking": [],
            "label": "question",
            "words": [
                {
                    "text": "(From",
                    "box": [
                        338,
                        377,
                        372,
                        391
                    ]
                },
                {
                    "text": "Current",
                    "box": [
                        376,
                        377,
                        419,
                        392
                    ]
                },
                {
                    "text": "Budget)",
                    "box": [
                        419,
                        378,
                        466,
                        391
                    ]
                }
            ]
        },
        {
            "text": "Field Complete",
            "box": [
                75,
                392,
                159,
                409
            ],
            "linking": [],
            "label": "question",
            "words": [
                {
                    "text": "Field",
                    "box": [
                        75,
                        392,
                        106,
                        409
                    ]
                },
                {
                    "text": "Complete",
                    "box": [
                        109,
                        394,
                        159,
                        409
                    ]
                }
            ]
        },
        {
            "text": "3/ 25/ 95",
            "box": [
                226,
                408,
                267,
                425
            ],
            "linking": [
                [
                    22,
                    81
                ]
            ],
            "label": "answer",
            "words": [
                {
                    "text": "3/",
                    "box": [
                        226,
                        408,
                        237,
                        425
                    ]
                },
                {
                    "text": "25/",
                    "box": [
                        237,
                        408,
                        254,
                        425
                    ]
                },
                {
                    "text": "95",
                    "box": [
                        254,
                        409,
                        267,
                        423
                    ]
                }
            ]
        },
        {
            "text": "3/ 20/ 95",
            "box": [
                225,
                346,
                267,
                359
            ],
            "linking": [
                [
                    21,
                    82
                ]
            ],
            "label": "answer",
            "words": [
                {
                    "text": "3/",
                    "box": [
                        225,
                        346,
                        238,
                        359
                    ]
                },
                {
                    "text": "20/",
                    "box": [
                        239,
                        346,
                        256,
                        359
                    ]
                },
                {
                    "text": "95",
                    "box": [
                        254,
                        346,
                        267,
                        357
                    ]
                }
            ]
        },
        {
            "text": "3/ 1/ 95",
            "box": [
                230,
                299,
                265,
                312
            ],
            "linking": [
                [
                    73,
                    83
                ]
            ],
            "label": "answer",
            "words": [
                {
                    "text": "3/",
                    "box": [
                        230,
                        299,
                        241,
                        312
                    ]
                },
                {
                    "text": "1/",
                    "box": [
                        239,
                        299,
                        253,
                        312
                    ]
                },
                {
                    "text": "95",
                    "box": [
                        250,
                        299,
                        265,
                        310
                    ]
                }
            ]
        },
        {
            "text": "New Balance:",
            "box": [
                390,
                455,
                466,
                472
            ],
            "linking": [
                [
                    84,
                    31
                ]
            ],
            "label": "question",
            "words": [
                {
                    "text": "New",
                    "box": [
                        390,
                        455,
                        417,
                        472
                    ]
                },
                {
                    "text": "Balance:",
                    "box": [
                        416,
                        457,
                        466,
                        471
                    ]
                }
            ]
        },
        {
            "text": "Committed to Date: (Current Year)",
            "box": [
                356,
                487,
                465,
                523
            ],
            "linking": [
                [
                    85,
                    32
                ]
            ],
            "label": "question",
            "words": [
                {
                    "text": "Committed",
                    "box": [
                        356,
                        487,
                        419,
                        504
                    ]
                },
                {
                    "text": "to",
                    "box": [
                        419,
                        489,
                        434,
                        503
                    ]
                },
                {
                    "text": "Date:",
                    "box": [
                        436,
                        490,
                        465,
                        501
                    ]
                },
                {
                    "text": "(Current",
                    "box": [
                        381,
                        506,
                        431,
                        523
                    ]
                },
                {
                    "text": "Year)",
                    "box": [
                        433,
                        506,
                        465,
                        520
                    ]
                }
            ]
        },
        {
            "text": "This amount: (From Next Year's Budget)",
            "box": [
                300,
                408,
                448,
                442
            ],
            "linking": [
                [
                    86,
                    30
                ]
            ],
            "label": "question",
            "words": [
                {
                    "text": "This",
                    "box": [
                        300,
                        408,
                        327,
                        423
                    ]
                },
                {
                    "text": "amount:",
                    "box": [
                        328,
                        411,
                        374,
                        421
                    ]
                },
                {
                    "text": "(From",
                    "box": [
                        302,
                        426,
                        338,
                        440
                    ]
                },
                {
                    "text": "Next",
                    "box": [
                        339,
                        425,
                        366,
                        442
                    ]
                },
                {
                    "text": "Year's",
                    "box": [
                        365,
                        426,
                        406,
                        440
                    ]
                },
                {
                    "text": "Budget)",
                    "box": [
                        405,
                        426,
                        448,
                        441
                    ]
                }
            ]
        },
        {
            "text": "Final Report Due (Supplier Rpt.)",
            "box": [
                75,
                455,
                173,
                487
            ],
            "linking": [],
            "label": "question",
            "words": [
                {
                    "text": "Final",
                    "box": [
                        75,
                        455,
                        107,
                        472
                    ]
                },
                {
                    "text": "Report",
                    "box": [
                        108,
                        457,
                        149,
                        472
                    ]
                },
                {
                    "text": "Due",
                    "box": [
                        152,
                        457,
                        173,
                        472
                    ]
                },
                {
                    "text": "(Supplier",
                    "box": [
                        78,
                        473,
                        128,
                        487
                    ]
                },
                {
                    "text": "Rpt.)",
                    "box": [
                        127,
                        473,
                        162,
                        487
                    ]
                }
            ]
        },
        {
            "text": "3/ 31/ 95",
            "box": [
                228,
                489,
                269,
                504
            ],
            "linking": [
                [
                    23,
                    88
                ]
            ],
            "label": "answer",
            "words": [
                {
                    "text": "3/",
                    "box": [
                        228,
                        490,
                        239,
                        501
                    ]
                },
                {
                    "text": "31/",
                    "box": [
                        237,
                        489,
                        254,
                        504
                    ]
                },
                {
                    "text": "95",
                    "box": [
                        254,
                        489,
                        269,
                        503
                    ]
                }
            ]
        },
        {
            "text": "Qualitative Research (Product Test, A & U etc.)",
            "box": [
                487,
                536,
                625,
                567
            ],
            "linking": [
                [
                    89,
                    91
                ]
            ],
            "label": "header",
            "words": [
                {
                    "text": "Qualitative",
                    "box": [
                        497,
                        536,
                        557,
                        550
                    ]
                },
                {
                    "text": "Research",
                    "box": [
                        559,
                        536,
                        608,
                        549
                    ]
                },
                {
                    "text": "(Product Test,",
                    "box": [
                        487,
                        550,
                        561,
                        567
                    ]
                },
                {
                    "text": "A",
                    "box": [
                        561,
                        552,
                        571,
                        566
                    ]
                },
                {
                    "text": "&",
                    "box": [
                        573,
                        552,
                        581,
                        566
                    ]
                },
                {
                    "text": "U",
                    "box": [
                        582,
                        553,
                        595,
                        567
                    ]
                },
                {
                    "text": "etc.)",
                    "box": [
                        598,
                        552,
                        625,
                        567
                    ]
                }
            ]
        },
        {
            "text": "Sample Size:",
            "box": [
                78,
                552,
                148,
                567
            ],
            "linking": [],
            "label": "question",
            "words": [
                {
                    "text": "Sample",
                    "box": [
                        78,
                        552,
                        119,
                        567
                    ]
                },
                {
                    "text": "Size:",
                    "box": [
                        120,
                        552,
                        148,
                        567
                    ]
                }
            ]
        },
        {
            "text": "Recommended Supplier:",
            "box": [
                78,
                568,
                209,
                583
            ],
            "linking": [
                [
                    89,
                    91
                ],
                [
                    91,
                    94
                ]
            ],
            "label": "question",
            "words": [
                {
                    "text": "Recommended",
                    "box": [
                        78,
                        568,
                        158,
                        581
                    ]
                },
                {
                    "text": "Supplier:",
                    "box": [
                        159,
                        570,
                        209,
                        583
                    ]
                }
            ]
        },
        {
            "text": "Reason(s) for Recommendation:",
            "box": [
                77,
                585,
                252,
                600
            ],
            "linking": [
                [
                    92,
                    93
                ]
            ],
            "label": "question",
            "words": [
                {
                    "text": "Reason(s)",
                    "box": [
                        77,
                        585,
                        131,
                        600
                    ]
                },
                {
                    "text": "for",
                    "box": [
                        133,
                        587,
                        151,
                        600
                    ]
                },
                {
                    "text": "Recommendation:",
                    "box": [
                        151,
                        585,
                        252,
                        599
                    ]
                }
            ]
        },
        {
            "text": "Lowest Bid",
            "box": [
                302,
                584,
                364,
                598
            ],
            "linking": [
                [
                    92,
                    93
                ]
            ],
            "label": "answer",
            "words": [
                {
                    "text": "Lowest",
                    "box": [
                        302,
                        584,
                        343,
                        598
                    ]
                },
                {
                    "text": "Bid",
                    "box": [
                        344,
                        584,
                        364,
                        597
                    ]
                }
            ]
        },
        {
            "text": "Analytic Insight, Inc.",
            "box": [
                302,
                567,
                409,
                583
            ],
            "linking": [
                [
                    91,
                    94
                ]
            ],
            "label": "answer",
            "words": [
                {
                    "text": "Analytic",
                    "box": [
                        302,
                        570,
                        347,
                        583
                    ]
                },
                {
                    "text": "Insight,",
                    "box": [
                        348,
                        568,
                        387,
                        583
                    ]
                },
                {
                    "text": "Inc.",
                    "box": [
                        388,
                        567,
                        409,
                        582
                    ]
                }
            ]
        },
        {
            "text": "Submitted By:",
            "box": [
                78,
                631,
                159,
                646
            ],
            "linking": [
                [
                    95,
                    45
                ]
            ],
            "label": "question",
            "words": [
                {
                    "text": "Submitted",
                    "box": [
                        78,
                        631,
                        135,
                        646
                    ]
                },
                {
                    "text": "By:",
                    "box": [
                        135,
                        631,
                        159,
                        646
                    ]
                }
            ]
        },
        {
            "text": "Approved By:",
            "box": [
                80,
                661,
                159,
                678
            ],
            "linking": [
                [
                    96,
                    44
                ]
            ],
            "label": "question",
            "words": [
                {
                    "text": "Approved",
                    "box": [
                        80,
                        661,
                        134,
                        678
                    ]
                },
                {
                    "text": "By:",
                    "box": [
                        134,
                        662,
                        159,
                        676
                    ]
                }
            ]
        },
        {
            "text": "Approved By:",
            "box": [
                77,
                693,
                159,
                708
            ],
            "linking": [
                [
                    97,
                    109
                ]
            ],
            "label": "header",
            "words": [
                {
                    "text": "Approved",
                    "box": [
                        77,
                        693,
                        134,
                        708
                    ]
                },
                {
                    "text": "By:",
                    "box": [
                        137,
                        694,
                        159,
                        707
                    ]
                }
            ]
        },
        {
            "text": "Approved By:",
            "box": [
                78,
                722,
                158,
                737
            ],
            "linking": [
                [
                    98,
                    108
                ],
                [
                    98,
                    43
                ]
            ],
            "label": "question",
            "words": [
                {
                    "text": "Approved",
                    "box": [
                        78,
                        722,
                        134,
                        737
                    ]
                },
                {
                    "text": "By:",
                    "box": [
                        137,
                        723,
                        158,
                        737
                    ]
                }
            ]
        },
        {
            "text": "Budget Check:",
            "box": [
                80,
                753,
                160,
                767
            ],
            "linking": [
                [
                    99,
                    110
                ],
                [
                    99,
                    41
                ]
            ],
            "label": "question",
            "words": [
                {
                    "text": "Budget",
                    "box": [
                        80,
                        753,
                        119,
                        766
                    ]
                },
                {
                    "text": "Check:",
                    "box": [
                        119,
                        753,
                        160,
                        767
                    ]
                }
            ]
        },
        {
            "text": "3433/ 3/ 95",
            "box": [
                497,
                620,
                579,
                651
            ],
            "linking": [
                [
                    47,
                    100
                ]
            ],
            "label": "answer",
            "words": [
                {
                    "text": "3433/",
                    "box": [
                        497,
                        622,
                        518,
                        651
                    ]
                },
                {
                    "text": "3/",
                    "box": [
                        518,
                        620,
                        543,
                        651
                    ]
                },
                {
                    "text": "95",
                    "box": [
                        541,
                        622,
                        579,
                        649
                    ]
                }
            ]
        },
        {
            "text": "3/ 3/ 95",
            "box": [
                510,
                640,
                584,
                682
            ],
            "linking": [
                [
                    48,
                    101
                ]
            ],
            "label": "answer",
            "words": [
                {
                    "text": "3/",
                    "box": [
                        510,
                        640,
                        548,
                        682
                    ]
                },
                {
                    "text": "3/",
                    "box": [
                        541,
                        641,
                        568,
                        680
                    ]
                },
                {
                    "text": "95",
                    "box": [
                        559,
                        648,
                        584,
                        675
                    ]
                }
            ]
        },
        {
            "text": "3/ 3/ 95",
            "box": [
                511,
                714,
                579,
                743
            ],
            "linking": [
                [
                    50,
                    102
                ]
            ],
            "label": "answer",
            "words": [
                {
                    "text": "3/",
                    "box": [
                        511,
                        714,
                        533,
                        742
                    ]
                },
                {
                    "text": "3/",
                    "box": [
                        531,
                        715,
                        552,
                        743
                    ]
                },
                {
                    "text": "95",
                    "box": [
                        550,
                        715,
                        579,
                        736
                    ]
                }
            ]
        },
        {
            "text": "Project No:",
            "box": [
                461,
                782,
                528,
                795
            ],
            "linking": [],
            "label": "question",
            "words": [
                {
                    "text": "Project",
                    "box": [
                        461,
                        782,
                        502,
                        795
                    ]
                },
                {
                    "text": "No:",
                    "box": [
                        503,
                        782,
                        528,
                        795
                    ]
                }
            ]
        },
        {
            "text": "Acct. Name:",
            "box": [
                461,
                796,
                531,
                810
            ],
            "linking": [],
            "label": "question",
            "words": [
                {
                    "text": "Acct.",
                    "box": [
                        461,
                        797,
                        489,
                        810
                    ]
                },
                {
                    "text": "Name:",
                    "box": [
                        490,
                        796,
                        531,
                        810
                    ]
                }
            ]
        },
        {
            "text": "H. Williams",
            "box": [
                131,
                841,
                190,
                855
            ],
            "linking": [
                [
                    54,
                    105
                ]
            ],
            "label": "answer",
            "words": [
                {
                    "text": "H.",
                    "box": [
                        131,
                        842,
                        142,
                        855
                    ]
                },
                {
                    "text": "Williams",
                    "box": [
                        147,
                        841,
                        190,
                        855
                    ]
                }
            ]
        },
        {
            "text": "Project File",
            "box": [
                130,
                827,
                188,
                841
            ],
            "linking": [
                [
                    53,
                    106
                ]
            ],
            "label": "answer",
            "words": [
                {
                    "text": "Project",
                    "box": [
                        130,
                        827,
                        165,
                        841
                    ]
                },
                {
                    "text": "File",
                    "box": [
                        168,
                        827,
                        188,
                        837
                    ]
                }
            ]
        },
        {
            "text": "466840246 PRODUCED FROM B & W WEB SITE",
            "box": [
                0,
                953,
                232,
                983
            ],
            "linking": [],
            "label": "other",
            "words": [
                {
                    "text": "466840246",
                    "box": [
                        1,
                        953,
                        82,
                        967
                    ]
                },
                {
                    "text": "PRODUCED",
                    "box": [
                        0,
                        968,
                        74,
                        983
                    ]
                },
                {
                    "text": "FROM",
                    "box": [
                        80,
                        969,
                        118,
                        982
                    ]
                },
                {
                    "text": "B",
                    "box": [
                        123,
                        968,
                        133,
                        982
                    ]
                },
                {
                    "text": "&",
                    "box": [
                        134,
                        969,
                        142,
                        982
                    ]
                },
                {
                    "text": "W",
                    "box": [
                        141,
                        969,
                        151,
                        980
                    ]
                },
                {
                    "text": "WEB",
                    "box": [
                        158,
                        969,
                        187,
                        982
                    ]
                },
                {
                    "text": "SITE",
                    "box": [
                        196,
                        969,
                        232,
                        980
                    ]
                }
            ]
        },
        {
            "text": "Senior VP Marketing (to $ 1,000,000)",
            "box": [
                203,
                736,
                397,
                754
            ],
            "linking": [
                [
                    98,
                    108
                ]
            ],
            "label": "question",
            "words": [
                {
                    "text": "Senior",
                    "box": [
                        203,
                        736,
                        238,
                        751
                    ]
                },
                {
                    "text": "VP",
                    "box": [
                        237,
                        736,
                        257,
                        750
                    ]
                },
                {
                    "text": "Marketing",
                    "box": [
                        256,
                        737,
                        309,
                        752
                    ]
                },
                {
                    "text": "(to",
                    "box": [
                        313,
                        736,
                        330,
                        753
                    ]
                },
                {
                    "text": "$",
                    "box": [
                        330,
                        736,
                        337,
                        754
                    ]
                },
                {
                    "text": "1,000,000)",
                    "box": [
                        337,
                        736,
                        397,
                        753
                    ]
                }
            ]
        },
        {
            "text": "Director Forecasting Mkt (to $ 250,000)",
            "box": [
                201,
                704,
                445,
                724
            ],
            "linking": [
                [
                    97,
                    109
                ]
            ],
            "label": "question",
            "words": [
                {
                    "text": "Director",
                    "box": [
                        201,
                        707,
                        244,
                        724
                    ]
                },
                {
                    "text": "Forecasting",
                    "box": [
                        247,
                        707,
                        308,
                        724
                    ]
                },
                {
                    "text": "",
                    "box": [
                        309,
                        708,
                        320,
                        721
                    ]
                },
                {
                    "text": "Mkt",
                    "box": [
                        321,
                        707,
                        346,
                        722
                    ]
                },
                {
                    "text": "",
                    "box": [
                        348,
                        704,
                        372,
                        718
                    ]
                },
                {
                    "text": "(to",
                    "box": [
                        376,
                        708,
                        390,
                        722
                    ]
                },
                {
                    "text": "$",
                    "box": [
                        392,
                        705,
                        398,
                        720
                    ]
                },
                {
                    "text": "250,000)",
                    "box": [
                        399,
                        707,
                        445,
                        721
                    ]
                }
            ]
        },
        {
            "text": "Vicki Clark",
            "box": [
                201,
                767,
                266,
                781
            ],
            "linking": [
                [
                    99,
                    110
                ]
            ],
            "label": "question",
            "words": [
                {
                    "text": "Vicki",
                    "box": [
                        201,
                        767,
                        232,
                        781
                    ]
                },
                {
                    "text": "Clark",
                    "box": [
                        232,
                        768,
                        266,
                        781
                    ]
                }
            ]
        }
    ]
}