{
    "form": [
        {
            "box": [
                88,
                154,
                117,
                169
            ],
            "text": "Date",
            "label": "question",
            "words": [
                {
                    "box": [
                        88,
                        154,
                        117,
                        169
                    ],
                    "text": "Date"
                }
            ],
            "linking": [
                [
                    0,
                    7
                ]
            ]
        },
        {
            "box": [
                130,
                267,
                177,
                280
            ],
            "text": "Number",
            "label": "question",
            "words": [
                {
                    "box": [
                        130,
                        267,
                        177,
                        280
                    ],
                    "text": "Number"
                }
            ],
            "linking": [
                [
                    1,
                    14
                ]
            ]
        },
        {
            "box": [
                85,
                267,
                126,
                282
            ],
            "text": "Project",
            "label": "question",
            "words": [
                {
                    "box": [
                        85,
                        267,
                        126,
                        282
                    ],
                    "text": "Project"
                }
            ],
            "linking": []
        },
        {
            "box": [
                176,
                401,
                186,
                416
            ],
            "text": "(s)",
            "label": "question",
            "words": [
                {
                    "box": [
                        176,
                        401,
                        186,
                        416
                    ],
                    "text": "(s)"
                }
            ],
            "linking": []
        },
        {
            "box": [
                561,
                560,
                575,
                573
            ],
            "text": "in",
            "label": "other",
            "words": [
                {
                    "box": [
                        561,
                        560,
                        575,
                        573
                    ],
                    "text": "in"
                }
            ],
            "linking": []
        },
        {
            "box": [
                196,
                497,
                207,
                510
            ],
            "text": "(s)",
            "label": "header",
            "words": [
                {
                    "box": [
                        196,
                        497,
                        207,
                        510
                    ],
                    "text": "(s)"
                }
            ],
            "linking": []
        },
        {
            "text": "Marketing Research - CPT Initiating Brief",
            "box": [
                201,
                84,
                509,
                104
            ],
            "linking": [],
            "label": "header",
            "words": [
                {
                    "text": "Marketing",
                    "box": [
                        201,
                        87,
                        279,
                        104
                    ]
                },
                {
                    "text": "Research",
                    "box": [
                        284,
                        85,
                        350,
                        100
                    ]
                },
                {
                    "text": "-",
                    "box": [
                        353,
                        87,
                        359,
                        101
                    ]
                },
                {
                    "text": "CPT",
                    "box": [
                        363,
                        84,
                        395,
                        102
                    ]
                },
                {
                    "text": "Initiating",
                    "box": [
                        399,
                        85,
                        466,
                        103
                    ]
                },
                {
                    "text": "Brief",
                    "box": [
                        471,
                        84,
                        509,
                        102
                    ]
                }
            ]
        },
        {
            "text": "15. 03. 2000",
            "box": [
                140,
                152,
                200,
                171
            ],
            "linking": [
                [
                    0,
                    7
                ]
            ],
            "label": "answer",
            "words": [
                {
                    "text": "15.",
                    "box": [
                        140,
                        152,
                        155,
                        167
                    ]
                },
                {
                    "text": "03.",
                    "box": [
                        155,
                        154,
                        172,
                        168
                    ]
                },
                {
                    "text": "2000",
                    "box": [
                        172,
                        154,
                        200,
                        171
                    ]
                }
            ]
        },
        {
            "text": "BAT Korea",
            "box": [
                184,
                186,
                253,
                201
            ],
            "linking": [
                [
                    9,
                    8
                ]
            ],
            "label": "answer",
            "words": [
                {
                    "text": "BAT",
                    "box": [
                        184,
                        186,
                        212,
                        201
                    ]
                },
                {
                    "text": "Korea",
                    "box": [
                        214,
                        186,
                        253,
                        200
                    ]
                }
            ]
        },
        {
            "text": "Client Group",
            "box": [
                89,
                184,
                164,
                201
            ],
            "linking": [
                [
                    9,
                    8
                ]
            ],
            "label": "question",
            "words": [
                {
                    "text": "Client",
                    "box": [
                        89,
                        184,
                        124,
                        201
                    ]
                },
                {
                    "text": "Group",
                    "box": [
                        126,
                        186,
                        164,
                        201
                    ]
                }
            ]
        },
        {
            "text": "Client Contact",
            "box": [
                89,
                216,
                172,
                232
            ],
            "linking": [
                [
                    10,
                    11
                ]
            ],
            "label": "question",
            "words": [
                {
                    "text": "Client",
                    "box": [
                        89,
                        216,
                        124,
                        231
                    ]
                },
                {
                    "text": "Contact",
                    "box": [
                        127,
                        218,
                        172,
                        232
                    ]
                }
            ]
        },
        {
            "text": "Alberto Marcheggiano Kyu Yeon Hwang",
            "box": [
                196,
                219,
                322,
                250
            ],
            "linking": [
                [
                    10,
                    11
                ]
            ],
            "label": "answer",
            "words": [
                {
                    "text": "Alberto",
                    "box": [
                        197,
                        221,
                        240,
                        234
                    ]
                },
                {
                    "text": "Marcheggiano",
                    "box": [
                        244,
                        219,
                        322,
                        234
                    ]
                },
                {
                    "text": "Kyu",
                    "box": [
                        196,
                        233,
                        221,
                        246
                    ]
                },
                {
                    "text": "Yeon",
                    "box": [
                        225,
                        236,
                        254,
                        249
                    ]
                },
                {
                    "text": "Hwang",
                    "box": [
                        257,
                        236,
                        298,
                        250
                    ]
                }
            ]
        },
        {
            "text": "Research Liaison",
            "box": [
                408,
                219,
                503,
                230
            ],
            "linking": [
                [
                    12,
                    13
                ]
            ],
            "label": "question",
            "words": [
                {
                    "text": "Research",
                    "box": [
                        408,
                        219,
                        458,
                        230
                    ]
                },
                {
                    "text": "Liaison",
                    "box": [
                        462,
                        219,
                        503,
                        230
                    ]
                }
            ]
        },
        {
            "text": "Subi. Jeong",
            "box": [
                527,
                218,
                591,
                233
            ],
            "linking": [
                [
                    12,
                    13
                ]
            ],
            "label": "answer",
            "words": [
                {
                    "text": "Subi.",
                    "box": [
                        527,
                        218,
                        556,
                        231
                    ]
                },
                {
                    "text": "Jeong",
                    "box": [
                        559,
                        218,
                        591,
                        233
                    ]
                }
            ]
        },
        {
            "text": "to be assigned by Brown & Williamson USA",
            "box": [
                180,
                265,
                425,
                282
            ],
            "linking": [
                [
                    1,
                    14
                ]
            ],
            "label": "answer",
            "words": [
                {
                    "text": "to",
                    "box": [
                        180,
                        268,
                        193,
                        281
                    ]
                },
                {
                    "text": "be",
                    "box": [
                        196,
                        267,
                        210,
                        281
                    ]
                },
                {
                    "text": "assigned",
                    "box": [
                        211,
                        267,
                        258,
                        282
                    ]
                },
                {
                    "text": "by",
                    "box": [
                        258,
                        267,
                        276,
                        281
                    ]
                },
                {
                    "text": "Brown",
                    "box": [
                        277,
                        267,
                        318,
                        281
                    ]
                },
                {
                    "text": "&",
                    "box": [
                        318,
                        267,
                        329,
                        282
                    ]
                },
                {
                    "text": "Williamson",
                    "box": [
                        332,
                        265,
                        395,
                        279
                    ]
                },
                {
                    "text": "USA",
                    "box": [
                        398,
                        265,
                        425,
                        280
                    ]
                }
            ]
        },
        {
            "text": "Dunhill Lights, CPT",
            "box": [
                243,
                300,
                355,
                315
            ],
            "linking": [
                [
                    16,
                    15
                ]
            ],
            "label": "answer",
            "words": [
                {
                    "text": "Dunhill",
                    "box": [
                        243,
                        300,
                        284,
                        315
                    ]
                },
                {
                    "text": "Lights,",
                    "box": [
                        288,
                        300,
                        327,
                        315
                    ]
                },
                {
                    "text": "CPT",
                    "box": [
                        328,
                        300,
                        355,
                        315
                    ]
                }
            ]
        },
        {
            "text": "Project Name/ Description:",
            "box": [
                84,
                299,
                240,
                317
            ],
            "linking": [
                [
                    16,
                    15
                ]
            ],
            "label": "question",
            "words": [
                {
                    "text": "Project",
                    "box": [
                        84,
                        300,
                        126,
                        317
                    ]
                },
                {
                    "text": "Name/",
                    "box": [
                        128,
                        300,
                        167,
                        317
                    ]
                },
                {
                    "text": "Description:",
                    "box": [
                        172,
                        299,
                        240,
                        316
                    ]
                }
            ]
        },
        {
            "text": "Market (s) / Zone (s)",
            "box": [
                85,
                332,
                193,
                352
            ],
            "linking": [
                [
                    17,
                    18
                ]
            ],
            "label": "question",
            "words": [
                {
                    "text": "Market",
                    "box": [
                        85,
                        334,
                        130,
                        349
                    ]
                },
                {
                    "text": "(s)",
                    "box": [
                        131,
                        335,
                        139,
                        350
                    ]
                },
                {
                    "text": "/",
                    "box": [
                        141,
                        335,
                        149,
                        348
                    ]
                },
                {
                    "text": "Zone",
                    "box": [
                        151,
                        332,
                        182,
                        350
                    ]
                },
                {
                    "text": "(s)",
                    "box": [
                        182,
                        334,
                        193,
                        352
                    ]
                }
            ]
        },
        {
            "text": "South Korea",
            "box": [
                85,
                366,
                151,
                382
            ],
            "linking": [
                [
                    17,
                    18
                ]
            ],
            "label": "answer",
            "words": [
                {
                    "text": "South",
                    "box": [
                        85,
                        366,
                        116,
                        380
                    ]
                },
                {
                    "text": "Korea",
                    "box": [
                        115,
                        369,
                        151,
                        382
                    ]
                }
            ]
        },
        {
            "text": "Referent Brand",
            "box": [
                85,
                401,
                174,
                416
            ],
            "linking": [
                [
                    19,
                    20
                ]
            ],
            "label": "question",
            "words": [
                {
                    "text": "Referent",
                    "box": [
                        85,
                        401,
                        132,
                        416
                    ]
                },
                {
                    "text": "Brand",
                    "box": [
                        135,
                        401,
                        174,
                        414
                    ]
                }
            ]
        },
        {
            "text": "Dunhill Lights Kent Super Lights Mild 7 This",
            "box": [
                82,
                432,
                261,
                478
            ],
            "linking": [
                [
                    19,
                    20
                ]
            ],
            "label": "answer",
            "words": [
                {
                    "text": "Dunhill",
                    "box": [
                        84,
                        432,
                        125,
                        447
                    ]
                },
                {
                    "text": "Lights",
                    "box": [
                        126,
                        433,
                        164,
                        448
                    ]
                },
                {
                    "text": "Kent",
                    "box": [
                        163,
                        432,
                        192,
                        445
                    ]
                },
                {
                    "text": "Super",
                    "box": [
                        193,
                        434,
                        228,
                        447
                    ]
                },
                {
                    "text": "Lights",
                    "box": [
                        230,
                        433,
                        261,
                        447
                    ]
                },
                {
                    "text": "Mild",
                    "box": [
                        82,
                        450,
                        110,
                        461
                    ]
                },
                {
                    "text": "7",
                    "box": [
                        110,
                        448,
                        121,
                        458
                    ]
                },
                {
                    "text": "This",
                    "box": [
                        82,
                        464,
                        109,
                        478
                    ]
                }
            ]
        },
        {
            "text": "Consumer Segment",
            "box": [
                84,
                496,
                196,
                512
            ],
            "linking": [],
            "label": "header",
            "words": [
                {
                    "text": "Consumer",
                    "box": [
                        84,
                        497,
                        144,
                        512
                    ]
                },
                {
                    "text": "Segment",
                    "box": [
                        144,
                        496,
                        196,
                        511
                    ]
                }
            ]
        },
        {
            "text": "Own Brand - Dunhill Smokers:",
            "box": [
                85,
                527,
                247,
                543
            ],
            "linking": [
                [
                    22,
                    23
                ]
            ],
            "label": "question",
            "words": [
                {
                    "text": "Own",
                    "box": [
                        85,
                        529,
                        110,
                        542
                    ]
                },
                {
                    "text": "Brand",
                    "box": [
                        112,
                        528,
                        146,
                        541
                    ]
                },
                {
                    "text": "-",
                    "box": [
                        147,
                        532,
                        153,
                        539
                    ]
                },
                {
                    "text": "Dunhill",
                    "box": [
                        154,
                        527,
                        196,
                        542
                    ]
                },
                {
                    "text": "Smokers:",
                    "box": [
                        198,
                        529,
                        247,
                        543
                    ]
                }
            ]
        },
        {
            "text": "150 Males, 25 ~ 39 years old, ABC+ who live Seoul/ Pusan",
            "box": [
                250,
                528,
                569,
                545
            ],
            "linking": [
                [
                    22,
                    23
                ]
            ],
            "label": "answer",
            "words": [
                {
                    "text": "150",
                    "box": [
                        250,
                        529,
                        270,
                        543
                    ]
                },
                {
                    "text": "Males,",
                    "box": [
                        272,
                        529,
                        307,
                        543
                    ]
                },
                {
                    "text": "25",
                    "box": [
                        310,
                        529,
                        324,
                        542
                    ]
                },
                {
                    "text": "~",
                    "box": [
                        327,
                        532,
                        337,
                        540
                    ]
                },
                {
                    "text": "39",
                    "box": [
                        337,
                        529,
                        352,
                        542
                    ]
                },
                {
                    "text": "years",
                    "box": [
                        352,
                        531,
                        383,
                        545
                    ]
                },
                {
                    "text": "old,",
                    "box": [
                        384,
                        528,
                        402,
                        543
                    ]
                },
                {
                    "text": "ABC+",
                    "box": [
                        405,
                        528,
                        439,
                        542
                    ]
                },
                {
                    "text": "who",
                    "box": [
                        443,
                        529,
                        465,
                        543
                    ]
                },
                {
                    "text": "live",
                    "box": [
                        466,
                        529,
                        488,
                        542
                    ]
                },
                {
                    "text": "",
                    "box": [
                        490,
                        531,
                        501,
                        542
                    ]
                },
                {
                    "text": "Seoul/",
                    "box": [
                        506,
                        528,
                        538,
                        541
                    ]
                },
                {
                    "text": "Pusan",
                    "box": [
                        541,
                        528,
                        569,
                        543
                    ]
                }
            ]
        },
        {
            "text": "Competitors Brands - Mild7 Lights Smokers",
            "box": [
                84,
                559,
                320,
                576
            ],
            "linking": [
                [
                    24,
                    25
                ]
            ],
            "label": "question",
            "words": [
                {
                    "text": "Competitors",
                    "box": [
                        84,
                        559,
                        148,
                        576
                    ]
                },
                {
                    "text": "Brands",
                    "box": [
                        151,
                        559,
                        189,
                        573
                    ]
                },
                {
                    "text": "-",
                    "box": [
                        191,
                        563,
                        198,
                        570
                    ]
                },
                {
                    "text": "Mild7",
                    "box": [
                        197,
                        560,
                        232,
                        573
                    ]
                },
                {
                    "text": "Lights",
                    "box": [
                        233,
                        559,
                        267,
                        574
                    ]
                },
                {
                    "text": "Smokers",
                    "box": [
                        271,
                        560,
                        320,
                        571
                    ]
                }
            ]
        },
        {
            "text": "150 Males, 25 ~ 39 years old, ABC+ who live",
            "box": [
                323,
                559,
                561,
                575
            ],
            "linking": [
                [
                    24,
                    25
                ]
            ],
            "label": "answer",
            "words": [
                {
                    "text": "150",
                    "box": [
                        323,
                        559,
                        343,
                        574
                    ]
                },
                {
                    "text": "Males,",
                    "box": [
                        345,
                        559,
                        380,
                        573
                    ]
                },
                {
                    "text": "25",
                    "box": [
                        383,
                        560,
                        397,
                        573
                    ]
                },
                {
                    "text": "~",
                    "box": [
                        398,
                        561,
                        406,
                        569
                    ]
                },
                {
                    "text": "39",
                    "box": [
                        408,
                        559,
                        423,
                        573
                    ]
                },
                {
                    "text": "years",
                    "box": [
                        425,
                        561,
                        453,
                        575
                    ]
                },
                {
                    "text": "old,",
                    "box": [
                        455,
                        560,
                        476,
                        573
                    ]
                },
                {
                    "text": "ABC+",
                    "box": [
                        478,
                        559,
                        509,
                        573
                    ]
                },
                {
                    "text": "who",
                    "box": [
                        515,
                        560,
                        537,
                        571
                    ]
                },
                {
                    "text": "live",
                    "box": [
                        539,
                        560,
                        561,
                        573
                    ]
                }
            ]
        },
        {
            "text": "Source of Business - This:",
            "box": [
                84,
                603,
                222,
                621
            ],
            "linking": [
                [
                    26,
                    27
                ],
                [
                    26,
                    28
                ]
            ],
            "label": "question",
            "words": [
                {
                    "text": "Source",
                    "box": [
                        84,
                        603,
                        118,
                        618
                    ]
                },
                {
                    "text": "of",
                    "box": [
                        124,
                        605,
                        135,
                        619
                    ]
                },
                {
                    "text": "Business",
                    "box": [
                        137,
                        606,
                        182,
                        621
                    ]
                },
                {
                    "text": "-",
                    "box": [
                        186,
                        608,
                        192,
                        619
                    ]
                },
                {
                    "text": "This:",
                    "box": [
                        194,
                        605,
                        222,
                        619
                    ]
                }
            ]
        },
        {
            "text": "250 Males, (100 smokers 25 ~ 29 years old, 150 smokers, 30 ~ 39 years old)",
            "box": [
                223,
                605,
                627,
                622
            ],
            "linking": [
                [
                    26,
                    27
                ]
            ],
            "label": "answer",
            "words": [
                {
                    "text": "250",
                    "box": [
                        223,
                        605,
                        244,
                        619
                    ]
                },
                {
                    "text": "Males,",
                    "box": [
                        246,
                        606,
                        282,
                        620
                    ]
                },
                {
                    "text": "(100",
                    "box": [
                        285,
                        606,
                        309,
                        621
                    ]
                },
                {
                    "text": "smokers",
                    "box": [
                        311,
                        608,
                        356,
                        622
                    ]
                },
                {
                    "text": "25",
                    "box": [
                        360,
                        606,
                        374,
                        617
                    ]
                },
                {
                    "text": "~",
                    "box": [
                        376,
                        610,
                        384,
                        616
                    ]
                },
                {
                    "text": "29",
                    "box": [
                        387,
                        605,
                        400,
                        619
                    ]
                },
                {
                    "text": "years",
                    "box": [
                        402,
                        606,
                        431,
                        619
                    ]
                },
                {
                    "text": "old,",
                    "box": [
                        434,
                        605,
                        454,
                        619
                    ]
                },
                {
                    "text": "150",
                    "box": [
                        457,
                        605,
                        478,
                        620
                    ]
                },
                {
                    "text": "smokers,",
                    "box": [
                        476,
                        606,
                        525,
                        620
                    ]
                },
                {
                    "text": "30",
                    "box": [
                        528,
                        605,
                        542,
                        619
                    ]
                },
                {
                    "text": "~",
                    "box": [
                        543,
                        609,
                        553,
                        615
                    ]
                },
                {
                    "text": "39",
                    "box": [
                        554,
                        605,
                        568,
                        619
                    ]
                },
                {
                    "text": "years",
                    "box": [
                        573,
                        608,
                        600,
                        621
                    ]
                },
                {
                    "text": "old)",
                    "box": [
                        605,
                        605,
                        627,
                        620
                    ]
                }
            ]
        },
        {
            "text": "ABC+ who are not rejectors of imported cigarette and live in Seoul/ Pusan",
            "box": [
                85,
                620,
                471,
                636
            ],
            "linking": [
                [
                    26,
                    28
                ]
            ],
            "label": "answer",
            "words": [
                {
                    "text": "ABC+",
                    "box": [
                        85,
                        622,
                        119,
                        636
                    ]
                },
                {
                    "text": "who",
                    "box": [
                        122,
                        623,
                        147,
                        634
                    ]
                },
                {
                    "text": "are",
                    "box": [
                        148,
                        623,
                        163,
                        633
                    ]
                },
                {
                    "text": "not",
                    "box": [
                        165,
                        623,
                        183,
                        631
                    ]
                },
                {
                    "text": "rejectors",
                    "box": [
                        186,
                        622,
                        232,
                        636
                    ]
                },
                {
                    "text": "of",
                    "box": [
                        233,
                        622,
                        247,
                        636
                    ]
                },
                {
                    "text": "imported",
                    "box": [
                        246,
                        620,
                        296,
                        635
                    ]
                },
                {
                    "text": "cigarette",
                    "box": [
                        297,
                        623,
                        342,
                        636
                    ]
                },
                {
                    "text": "and",
                    "box": [
                        345,
                        622,
                        365,
                        633
                    ]
                },
                {
                    "text": "live",
                    "box": [
                        367,
                        620,
                        387,
                        634
                    ]
                },
                {
                    "text": "in",
                    "box": [
                        391,
                        623,
                        402,
                        633
                    ]
                },
                {
                    "text": "Seoul/",
                    "box": [
                        404,
                        622,
                        435,
                        633
                    ]
                },
                {
                    "text": "Pusan",
                    "box": [
                        436,
                        622,
                        471,
                        633
                    ]
                }
            ]
        },
        {
            "text": "Source of Business - Local Premium KS Smokers",
            "box": [
                84,
                651,
                348,
                666
            ],
            "linking": [
                [
                    29,
                    30
                ],
                [
                    29,
                    31
                ]
            ],
            "label": "question",
            "words": [
                {
                    "text": "Source",
                    "box": [
                        84,
                        651,
                        120,
                        666
                    ]
                },
                {
                    "text": "of",
                    "box": [
                        123,
                        651,
                        136,
                        666
                    ]
                },
                {
                    "text": "Business",
                    "box": [
                        137,
                        651,
                        182,
                        666
                    ]
                },
                {
                    "text": "-",
                    "box": [
                        186,
                        655,
                        192,
                        666
                    ]
                },
                {
                    "text": "Local",
                    "box": [
                        193,
                        652,
                        225,
                        663
                    ]
                },
                {
                    "text": "Premium",
                    "box": [
                        228,
                        654,
                        275,
                        665
                    ]
                },
                {
                    "text": "KS",
                    "box": [
                        279,
                        651,
                        294,
                        666
                    ]
                },
                {
                    "text": "Smokers",
                    "box": [
                        295,
                        651,
                        348,
                        665
                    ]
                }
            ]
        },
        {
            "text": "250 Males (100 smokers, 25 ~ 29 years old, 150",
            "box": [
                348,
                649,
                604,
                666
            ],
            "linking": [
                [
                    29,
                    30
                ]
            ],
            "label": "answer",
            "words": [
                {
                    "text": "250",
                    "box": [
                        348,
                        649,
                        369,
                        666
                    ]
                },
                {
                    "text": "Males",
                    "box": [
                        372,
                        652,
                        408,
                        666
                    ]
                },
                {
                    "text": "(100",
                    "box": [
                        409,
                        652,
                        433,
                        666
                    ]
                },
                {
                    "text": "smokers,",
                    "box": [
                        436,
                        652,
                        482,
                        666
                    ]
                },
                {
                    "text": "25",
                    "box": [
                        485,
                        651,
                        499,
                        665
                    ]
                },
                {
                    "text": "~",
                    "box": [
                        499,
                        656,
                        509,
                        662
                    ]
                },
                {
                    "text": "29",
                    "box": [
                        510,
                        652,
                        525,
                        666
                    ]
                },
                {
                    "text": "years",
                    "box": [
                        527,
                        654,
                        556,
                        665
                    ]
                },
                {
                    "text": "old,",
                    "box": [
                        559,
                        652,
                        580,
                        665
                    ]
                },
                {
                    "text": "150",
                    "box": [
                        582,
                        651,
                        604,
                        665
                    ]
                }
            ]
        },
        {
            "text": "smokers, 30 ~ 39 years old ABC+ who are not rejectors of imported cigarette and live in Seoul/ Pusan",
            "box": [
                84,
                666,
                617,
                682
            ],
            "linking": [
                [
                    29,
                    31
                ]
            ],
            "label": "answer",
            "words": [
                {
                    "text": "smokers,",
                    "box": [
                        84,
                        668,
                        131,
                        682
                    ]
                },
                {
                    "text": "30",
                    "box": [
                        134,
                        668,
                        149,
                        682
                    ]
                },
                {
                    "text": "~",
                    "box": [
                        149,
                        672,
                        159,
                        678
                    ]
                },
                {
                    "text": "39",
                    "box": [
                        161,
                        668,
                        175,
                        681
                    ]
                },
                {
                    "text": "years",
                    "box": [
                        176,
                        669,
                        204,
                        680
                    ]
                },
                {
                    "text": "old",
                    "box": [
                        207,
                        666,
                        229,
                        681
                    ]
                },
                {
                    "text": "ABC+",
                    "box": [
                        232,
                        668,
                        267,
                        681
                    ]
                },
                {
                    "text": "who",
                    "box": [
                        268,
                        668,
                        293,
                        681
                    ]
                },
                {
                    "text": "are",
                    "box": [
                        292,
                        669,
                        312,
                        682
                    ]
                },
                {
                    "text": "not",
                    "box": [
                        311,
                        668,
                        332,
                        682
                    ]
                },
                {
                    "text": "rejectors",
                    "box": [
                        332,
                        668,
                        377,
                        682
                    ]
                },
                {
                    "text": "of",
                    "box": [
                        378,
                        669,
                        393,
                        680
                    ]
                },
                {
                    "text": "imported",
                    "box": [
                        392,
                        669,
                        444,
                        680
                    ]
                },
                {
                    "text": "cigarette",
                    "box": [
                        443,
                        668,
                        492,
                        682
                    ]
                },
                {
                    "text": "and",
                    "box": [
                        493,
                        668,
                        513,
                        682
                    ]
                },
                {
                    "text": "live",
                    "box": [
                        514,
                        668,
                        535,
                        681
                    ]
                },
                {
                    "text": "in",
                    "box": [
                        535,
                        666,
                        548,
                        679
                    ]
                },
                {
                    "text": "Seoul/",
                    "box": [
                        550,
                        666,
                        585,
                        679
                    ]
                },
                {
                    "text": "Pusan",
                    "box": [
                        585,
                        668,
                        617,
                        681
                    ]
                }
            ]
        },
        {
            "text": "Background / Problem Definition",
            "box": [
                84,
                700,
                270,
                714
            ],
            "linking": [
                [
                    32,
                    33
                ],
                [
                    32,
                    34
                ],
                [
                    32,
                    35
                ]
            ],
            "label": "question",
            "words": [
                {
                    "text": "Background",
                    "box": [
                        84,
                        700,
                        152,
                        714
                    ]
                },
                {
                    "text": "/",
                    "box": [
                        155,
                        701,
                        161,
                        714
                    ]
                },
                {
                    "text": "Problem",
                    "box": [
                        163,
                        701,
                        209,
                        712
                    ]
                },
                {
                    "text": "Definition",
                    "box": [
                        214,
                        700,
                        270,
                        714
                    ]
                }
            ]
        },
        {
            "text": "1999 showed that imported cigarettes are recovering from the 1997 / 1998 economic crisis and we forecasted continuos growth over the company's plan period.",
            "box": [
                105,
                732,
                589,
                762
            ],
            "linking": [
                [
                    32,
                    33
                ]
            ],
            "label": "answer",
            "words": [
                {
                    "text": "1999",
                    "box": [
                        106,
                        733,
                        130,
                        746
                    ]
                },
                {
                    "text": "showed",
                    "box": [
                        133,
                        733,
                        169,
                        747
                    ]
                },
                {
                    "text": "that",
                    "box": [
                        172,
                        733,
                        192,
                        743
                    ]
                },
                {
                    "text": "imported",
                    "box": [
                        194,
                        732,
                        241,
                        745
                    ]
                },
                {
                    "text": "cigarettes",
                    "box": [
                        243,
                        733,
                        293,
                        746
                    ]
                },
                {
                    "text": "are",
                    "box": [
                        295,
                        735,
                        309,
                        746
                    ]
                },
                {
                    "text": "recovering",
                    "box": [
                        313,
                        732,
                        366,
                        749
                    ]
                },
                {
                    "text": "from",
                    "box": [
                        367,
                        733,
                        392,
                        746
                    ]
                },
                {
                    "text": "the",
                    "box": [
                        395,
                        733,
                        412,
                        746
                    ]
                },
                {
                    "text": "1997",
                    "box": [
                        415,
                        732,
                        439,
                        746
                    ]
                },
                {
                    "text": "/",
                    "box": [
                        437,
                        732,
                        444,
                        746
                    ]
                },
                {
                    "text": "1998",
                    "box": [
                        446,
                        732,
                        467,
                        746
                    ]
                },
                {
                    "text": "economic",
                    "box": [
                        469,
                        732,
                        519,
                        746
                    ]
                },
                {
                    "text": "crisis",
                    "box": [
                        518,
                        732,
                        547,
                        746
                    ]
                },
                {
                    "text": "and",
                    "box": [
                        552,
                        733,
                        573,
                        744
                    ]
                },
                {
                    "text": "we",
                    "box": [
                        574,
                        735,
                        589,
                        745
                    ]
                },
                {
                    "text": "forecasted",
                    "box": [
                        105,
                        747,
                        157,
                        761
                    ]
                },
                {
                    "text": "continuos",
                    "box": [
                        158,
                        749,
                        207,
                        762
                    ]
                },
                {
                    "text": "growth",
                    "box": [
                        211,
                        749,
                        249,
                        762
                    ]
                },
                {
                    "text": "over",
                    "box": [
                        250,
                        750,
                        272,
                        760
                    ]
                },
                {
                    "text": "the",
                    "box": [
                        274,
                        747,
                        288,
                        761
                    ]
                },
                {
                    "text": "company's",
                    "box": [
                        292,
                        749,
                        346,
                        762
                    ]
                },
                {
                    "text": "plan",
                    "box": [
                        349,
                        747,
                        370,
                        761
                    ]
                },
                {
                    "text": "period.",
                    "box": [
                        373,
                        749,
                        408,
                        762
                    ]
                }
            ]
        },
        {
            "text": "BAT objective is to substantially increase its market share with growth coming primarily from its first priority brand: Dunhill Lights",
            "box": [
                103,
                761,
                616,
                791
            ],
            "linking": [
                [
                    32,
                    34
                ]
            ],
            "label": "answer",
            "words": [
                {
                    "text": "BAT",
                    "box": [
                        105,
                        763,
                        130,
                        777
                    ]
                },
                {
                    "text": "objective",
                    "box": [
                        131,
                        761,
                        177,
                        775
                    ]
                },
                {
                    "text": "is",
                    "box": [
                        179,
                        764,
                        189,
                        775
                    ]
                },
                {
                    "text": "to",
                    "box": [
                        191,
                        765,
                        201,
                        773
                    ]
                },
                {
                    "text": "substantially",
                    "box": [
                        205,
                        763,
                        269,
                        777
                    ]
                },
                {
                    "text": "increase",
                    "box": [
                        272,
                        764,
                        313,
                        774
                    ]
                },
                {
                    "text": "its",
                    "box": [
                        314,
                        763,
                        328,
                        774
                    ]
                },
                {
                    "text": "market",
                    "box": [
                        331,
                        764,
                        366,
                        774
                    ]
                },
                {
                    "text": "share",
                    "box": [
                        367,
                        763,
                        395,
                        776
                    ]
                },
                {
                    "text": "with",
                    "box": [
                        398,
                        761,
                        419,
                        776
                    ]
                },
                {
                    "text": "growth",
                    "box": [
                        422,
                        763,
                        458,
                        777
                    ]
                },
                {
                    "text": "coming",
                    "box": [
                        459,
                        763,
                        498,
                        778
                    ]
                },
                {
                    "text": "primarily",
                    "box": [
                        500,
                        761,
                        546,
                        776
                    ]
                },
                {
                    "text": "from",
                    "box": [
                        549,
                        763,
                        576,
                        774
                    ]
                },
                {
                    "text": "its",
                    "box": [
                        578,
                        763,
                        591,
                        774
                    ]
                },
                {
                    "text": "first",
                    "box": [
                        594,
                        763,
                        616,
                        773
                    ]
                },
                {
                    "text": "priority",
                    "box": [
                        103,
                        777,
                        142,
                        791
                    ]
                },
                {
                    "text": "brand:",
                    "box": [
                        144,
                        777,
                        180,
                        790
                    ]
                },
                {
                    "text": "Dunhill",
                    "box": [
                        184,
                        777,
                        223,
                        790
                    ]
                },
                {
                    "text": "Lights",
                    "box": [
                        223,
                        777,
                        258,
                        790
                    ]
                }
            ]
        },
        {
            "text": "To achieve growth we consider fundamental to have a superior product in terms of acceptability among potential source of business as well as for our current franchise",
            "box": [
                105,
                791,
                622,
                821
            ],
            "linking": [
                [
                    32,
                    35
                ]
            ],
            "label": "answer",
            "words": [
                {
                    "text": "To",
                    "box": [
                        106,
                        791,
                        121,
                        805
                    ]
                },
                {
                    "text": "achieve",
                    "box": [
                        122,
                        791,
                        161,
                        804
                    ]
                },
                {
                    "text": "growth",
                    "box": [
                        163,
                        792,
                        198,
                        806
                    ]
                },
                {
                    "text": "we",
                    "box": [
                        201,
                        793,
                        215,
                        803
                    ]
                },
                {
                    "text": "consider",
                    "box": [
                        218,
                        793,
                        263,
                        804
                    ]
                },
                {
                    "text": "fundamental",
                    "box": [
                        264,
                        791,
                        328,
                        805
                    ]
                },
                {
                    "text": "to",
                    "box": [
                        330,
                        791,
                        340,
                        804
                    ]
                },
                {
                    "text": "have",
                    "box": [
                        342,
                        792,
                        364,
                        805
                    ]
                },
                {
                    "text": "a",
                    "box": [
                        367,
                        795,
                        374,
                        803
                    ]
                },
                {
                    "text": "superior",
                    "box": [
                        377,
                        792,
                        419,
                        806
                    ]
                },
                {
                    "text": "product",
                    "box": [
                        420,
                        792,
                        459,
                        807
                    ]
                },
                {
                    "text": "in",
                    "box": [
                        461,
                        792,
                        471,
                        803
                    ]
                },
                {
                    "text": "terms",
                    "box": [
                        473,
                        793,
                        502,
                        803
                    ]
                },
                {
                    "text": "of",
                    "box": [
                        506,
                        791,
                        516,
                        805
                    ]
                },
                {
                    "text": "acceptability",
                    "box": [
                        518,
                        792,
                        582,
                        806
                    ]
                },
                {
                    "text": "among",
                    "box": [
                        587,
                        792,
                        622,
                        805
                    ]
                },
                {
                    "text": "potential",
                    "box": [
                        105,
                        806,
                        150,
                        821
                    ]
                },
                {
                    "text": "source",
                    "box": [
                        151,
                        806,
                        183,
                        819
                    ]
                },
                {
                    "text": "of",
                    "box": [
                        187,
                        807,
                        200,
                        818
                    ]
                },
                {
                    "text": "business",
                    "box": [
                        201,
                        807,
                        243,
                        820
                    ]
                },
                {
                    "text": "as",
                    "box": [
                        247,
                        809,
                        258,
                        819
                    ]
                },
                {
                    "text": "well",
                    "box": [
                        260,
                        806,
                        282,
                        820
                    ]
                },
                {
                    "text": "as",
                    "box": [
                        285,
                        807,
                        295,
                        818
                    ]
                },
                {
                    "text": "for",
                    "box": [
                        297,
                        806,
                        311,
                        817
                    ]
                },
                {
                    "text": "our",
                    "box": [
                        314,
                        807,
                        332,
                        817
                    ]
                },
                {
                    "text": "current",
                    "box": [
                        334,
                        807,
                        372,
                        817
                    ]
                },
                {
                    "text": "franchise",
                    "box": [
                        373,
                        806,
                        419,
                        819
                    ]
                }
            ]
        },
        {
            "text": "597133637 PRODUCED FROM B&W WEB SITE",
            "box": [
                0,
                950,
                230,
                983
            ],
            "linking": [],
            "label": "other",
            "words": [
                {
                    "text": "597133637",
                    "box": [
                        0,
                        950,
                        80,
                        968
                    ]
                },
                {
                    "text": "PRODUCED",
                    "box": [
                        0,
                        969,
                        71,
                        982
                    ]
                },
                {
                    "text": "FROM",
                    "box": [
                        81,
                        966,
                        116,
                        981
                    ]
                },
                {
                    "text": "B&W",
                    "box": [
                        124,
                        968,
                        151,
                        983
                    ]
                },
                {
                    "text": "WEB",
                    "box": [
                        159,
                        969,
                        187,
                        982
                    ]
                },
                {
                    "text": "SITE",
                    "box": [
                        194,
                        966,
                        230,
                        983
                    ]
                }
            ]
        }
    ]
}