{
    "form": [
        {
            "box": [
                73,
                205,
                130,
                219
            ],
            "text": "MARKET:",
            "label": "question",
            "words": [
                {
                    "box": [
                        73,
                        205,
                        130,
                        219
                    ],
                    "text": "MARKET:"
                }
            ],
            "linking": [
                [
                    0,
                    7
                ]
            ]
        },
        {
            "box": [
                73,
                257,
                137,
                274
            ],
            "text": "PRODUCT:",
            "label": "question",
            "words": [
                {
                    "box": [
                        73,
                        257,
                        137,
                        274
                    ],
                    "text": "PRODUCT:"
                }
            ],
            "linking": [
                [
                    1,
                    10
                ]
            ]
        },
        {
            "box": [
                68,
                447,
                162,
                461
            ],
            "text": "QUANTITIES:",
            "label": "question",
            "words": [
                {
                    "box": [
                        68,
                        447,
                        162,
                        461
                    ],
                    "text": "QUANTITIES:"
                }
            ],
            "linking": [
                [
                    2,
                    15
                ]
            ]
        },
        {
            "box": [
                201,
                658,
                250,
                671
            ],
            "text": "Date:",
            "label": "question",
            "words": [
                {
                    "box": [
                        201,
                        658,
                        250,
                        671
                    ],
                    "text": "Date:"
                }
            ],
            "linking": [
                [
                    3,
                    20
                ],
                [
                    19,
                    3
                ]
            ]
        },
        {
            "box": [
                201,
                686,
                248,
                697
            ],
            "text": "Place:",
            "label": "question",
            "words": [
                {
                    "box": [
                        201,
                        686,
                        248,
                        697
                    ],
                    "text": "Place:"
                }
            ],
            "linking": [
                [
                    4,
                    22
                ],
                [
                    19,
                    4
                ]
            ]
        },
        {
            "box": [
                203,
                670,
                249,
                683
            ],
            "text": "Time:",
            "label": "question",
            "words": [
                {
                    "box": [
                        203,
                        670,
                        249,
                        683
                    ],
                    "text": "Time:"
                }
            ],
            "linking": [
                [
                    5,
                    21
                ],
                [
                    19,
                    5
                ]
            ]
        },
        {
            "box": [
                215,
                588,
                222,
                598
            ],
            "text": "3",
            "label": "answer",
            "words": [
                {
                    "box": [
                        215,
                        588,
                        222,
                        598
                    ],
                    "text": "3"
                }
            ],
            "linking": [
                [
                    18,
                    6
                ]
            ]
        },
        {
            "box": [
                218,
                203,
                259,
                216
            ],
            "text": "Boston",
            "label": "answer",
            "words": [
                {
                    "box": [
                        218,
                        203,
                        259,
                        216
                    ],
                    "text": "Boston"
                }
            ],
            "linking": [
                [
                    0,
                    7
                ]
            ]
        },
        {
            "box": [
                577,
                789,
                597,
                871
            ],
            "text": "80718412",
            "label": "other",
            "words": [
                {
                    "box": [
                        577,
                        789,
                        597,
                        871
                    ],
                    "text": "80718412"
                }
            ],
            "linking": []
        },
        {
            "text": "FEDERAL DISTRIBUTING CORPORATION CIGARETTE SAMPLING PROGRAM",
            "box": [
                203,
                102,
                468,
                164
            ],
            "linking": [],
            "label": "header",
            "words": [
                {
                    "text": "FEDERAL",
                    "box": [
                        203,
                        105,
                        263,
                        120
                    ]
                },
                {
                    "text": "DISTRIBUTING",
                    "box": [
                        268,
                        103,
                        370,
                        120
                    ]
                },
                {
                    "text": "CORPORATION",
                    "box": [
                        374,
                        102,
                        468,
                        119
                    ]
                },
                {
                    "text": "CIGARETTE",
                    "box": [
                        228,
                        147,
                        305,
                        164
                    ]
                },
                {
                    "text": "SAMPLING",
                    "box": [
                        310,
                        147,
                        377,
                        161
                    ]
                },
                {
                    "text": "PROGRAM",
                    "box": [
                        385,
                        145,
                        442,
                        163
                    ]
                }
            ]
        },
        {
            "text": "Old Gold Lights",
            "box": [
                216,
                256,
                319,
                269
            ],
            "linking": [
                [
                    1,
                    10
                ]
            ],
            "label": "answer",
            "words": [
                {
                    "text": "Old",
                    "box": [
                        216,
                        256,
                        238,
                        269
                    ]
                },
                {
                    "text": "Gold",
                    "box": [
                        243,
                        256,
                        272,
                        269
                    ]
                },
                {
                    "text": "Lights",
                    "box": [
                        278,
                        256,
                        319,
                        269
                    ]
                }
            ]
        },
        {
            "text": "October 3 through October 5",
            "box": [
                216,
                323,
                399,
                337
            ],
            "linking": [
                [
                    12,
                    11
                ]
            ],
            "label": "answer",
            "words": [
                {
                    "text": "October",
                    "box": [
                        216,
                        324,
                        263,
                        337
                    ]
                },
                {
                    "text": "3",
                    "box": [
                        271,
                        323,
                        279,
                        334
                    ]
                },
                {
                    "text": "through",
                    "box": [
                        284,
                        323,
                        333,
                        334
                    ]
                },
                {
                    "text": "October",
                    "box": [
                        337,
                        323,
                        384,
                        336
                    ]
                },
                {
                    "text": "5",
                    "box": [
                        391,
                        323,
                        399,
                        333
                    ]
                }
            ]
        },
        {
            "text": "SAMPLING DATES: *",
            "box": [
                74,
                310,
                141,
                339
            ],
            "linking": [
                [
                    12,
                    11
                ]
            ],
            "label": "question",
            "words": [
                {
                    "text": "SAMPLING",
                    "box": [
                        74,
                        310,
                        138,
                        324
                    ]
                },
                {
                    "text": "DATES:",
                    "box": [
                        81,
                        325,
                        128,
                        339
                    ]
                },
                {
                    "text": "*",
                    "box": [
                        130,
                        325,
                        141,
                        333
                    ]
                }
            ]
        },
        {
            "text": "SAMPLING HOURS: *",
            "box": [
                71,
                378,
                139,
                406
            ],
            "linking": [
                [
                    13,
                    14
                ]
            ],
            "label": "question",
            "words": [
                {
                    "text": "SAMPLING",
                    "box": [
                        71,
                        378,
                        139,
                        391
                    ]
                },
                {
                    "text": "HOURS:",
                    "box": [
                        80,
                        392,
                        127,
                        406
                    ]
                },
                {
                    "text": "*",
                    "box": [
                        130,
                        392,
                        138,
                        402
                    ]
                }
            ]
        },
        {
            "text": "9: 30 a. m. - 5: 30 p. m.",
            "box": [
                216,
                388,
                359,
                404
            ],
            "linking": [
                [
                    13,
                    14
                ]
            ],
            "label": "answer",
            "words": [
                {
                    "text": "9:",
                    "box": [
                        216,
                        390,
                        229,
                        401
                    ]
                },
                {
                    "text": "30",
                    "box": [
                        230,
                        388,
                        244,
                        401
                    ]
                },
                {
                    "text": "a.",
                    "box": [
                        250,
                        392,
                        263,
                        400
                    ]
                },
                {
                    "text": "m.",
                    "box": [
                        264,
                        392,
                        277,
                        400
                    ]
                },
                {
                    "text": "-",
                    "box": [
                        284,
                        392,
                        292,
                        399
                    ]
                },
                {
                    "text": "5:",
                    "box": [
                        297,
                        390,
                        310,
                        403
                    ]
                },
                {
                    "text": "30",
                    "box": [
                        311,
                        390,
                        324,
                        404
                    ]
                },
                {
                    "text": "p.",
                    "box": [
                        330,
                        390,
                        343,
                        404
                    ]
                },
                {
                    "text": "m.",
                    "box": [
                        344,
                        391,
                        359,
                        404
                    ]
                }
            ]
        },
        {
            "text": "270, 000",
            "box": [
                216,
                443,
                264,
                457
            ],
            "linking": [
                [
                    2,
                    15
                ]
            ],
            "label": "answer",
            "words": [
                {
                    "text": "270,",
                    "box": [
                        216,
                        444,
                        241,
                        457
                    ]
                },
                {
                    "text": "000",
                    "box": [
                        243,
                        443,
                        264,
                        456
                    ]
                }
            ]
        },
        {
            "text": "NUMBER OF SAMPLING PERSONNEL:",
            "box": [
                71,
                499,
                153,
                540
            ],
            "linking": [
                [
                    16,
                    17
                ]
            ],
            "label": "question",
            "words": [
                {
                    "text": "NUMBER",
                    "box": [
                        71,
                        500,
                        123,
                        510
                    ]
                },
                {
                    "text": "OF",
                    "box": [
                        128,
                        499,
                        146,
                        510
                    ]
                },
                {
                    "text": "SAMPLING",
                    "box": [
                        73,
                        513,
                        139,
                        524
                    ]
                },
                {
                    "text": "PERSONNEL:",
                    "box": [
                        73,
                        527,
                        153,
                        540
                    ]
                }
            ]
        },
        {
            "text": "24 per day",
            "box": [
                215,
                522,
                283,
                534
            ],
            "linking": [
                [
                    16,
                    17
                ]
            ],
            "label": "answer",
            "words": [
                {
                    "text": "24",
                    "box": [
                        215,
                        522,
                        230,
                        533
                    ]
                },
                {
                    "text": "per",
                    "box": [
                        235,
                        524,
                        256,
                        534
                    ]
                },
                {
                    "text": "day",
                    "box": [
                        261,
                        522,
                        283,
                        533
                    ]
                }
            ]
        },
        {
            "text": "NUMBER OF SUPERVISORS:",
            "box": [
                70,
                577,
                168,
                605
            ],
            "linking": [
                [
                    18,
                    6
                ]
            ],
            "label": "question",
            "words": [
                {
                    "text": "NUMBER",
                    "box": [
                        70,
                        578,
                        120,
                        589
                    ]
                },
                {
                    "text": "OF",
                    "box": [
                        127,
                        577,
                        155,
                        590
                    ]
                },
                {
                    "text": "SUPERVISORS:",
                    "box": [
                        70,
                        591,
                        168,
                        605
                    ]
                }
            ]
        },
        {
            "text": "ORIENTATION MEETING:",
            "box": [
                70,
                644,
                159,
                671
            ],
            "linking": [
                [
                    19,
                    3
                ],
                [
                    19,
                    5
                ],
                [
                    19,
                    4
                ]
            ],
            "label": "header",
            "words": [
                {
                    "text": "ORIENTATION",
                    "box": [
                        70,
                        644,
                        159,
                        657
                    ]
                },
                {
                    "text": "MEETING:",
                    "box": [
                        85,
                        658,
                        153,
                        671
                    ]
                }
            ]
        },
        {
            "text": "October 3rd",
            "box": [
                267,
                658,
                343,
                669
            ],
            "linking": [
                [
                    3,
                    20
                ]
            ],
            "label": "answer",
            "words": [
                {
                    "text": "October",
                    "box": [
                        267,
                        659,
                        316,
                        669
                    ]
                },
                {
                    "text": "3rd",
                    "box": [
                        323,
                        658,
                        343,
                        669
                    ]
                }
            ]
        },
        {
            "text": "9: 30 a. m.",
            "box": [
                268,
                673,
                328,
                683
            ],
            "linking": [
                [
                    5,
                    21
                ]
            ],
            "label": "answer",
            "words": [
                {
                    "text": "9:",
                    "box": [
                        268,
                        673,
                        279,
                        683
                    ]
                },
                {
                    "text": "30",
                    "box": [
                        282,
                        673,
                        296,
                        683
                    ]
                },
                {
                    "text": "a.",
                    "box": [
                        302,
                        675,
                        313,
                        683
                    ]
                },
                {
                    "text": "m.",
                    "box": [
                        313,
                        675,
                        328,
                        683
                    ]
                }
            ]
        },
        {
            "text": "Boston Park Plaza Room 412 64 Arlington Street Boston, Mass 02117 617/ 426- 2000",
            "box": [
                268,
                684,
                493,
                736
            ],
            "linking": [
                [
                    4,
                    22
                ]
            ],
            "label": "answer",
            "words": [
                {
                    "text": "Boston",
                    "box": [
                        268,
                        686,
                        309,
                        696
                    ]
                },
                {
                    "text": "Park",
                    "box": [
                        316,
                        686,
                        343,
                        696
                    ]
                },
                {
                    "text": "Plaza",
                    "box": [
                        349,
                        686,
                        385,
                        697
                    ]
                },
                {
                    "text": "Room",
                    "box": [
                        436,
                        686,
                        467,
                        696
                    ]
                },
                {
                    "text": "412",
                    "box": [
                        469,
                        684,
                        493,
                        694
                    ]
                },
                {
                    "text": "64",
                    "box": [
                        268,
                        698,
                        283,
                        709
                    ]
                },
                {
                    "text": "Arlington",
                    "box": [
                        289,
                        698,
                        349,
                        711
                    ]
                },
                {
                    "text": "Street",
                    "box": [
                        355,
                        700,
                        396,
                        710
                    ]
                },
                {
                    "text": "Boston,",
                    "box": [
                        268,
                        712,
                        313,
                        723
                    ]
                },
                {
                    "text": "Mass",
                    "box": [
                        320,
                        712,
                        355,
                        723
                    ]
                },
                {
                    "text": "02117",
                    "box": [
                        369,
                        712,
                        404,
                        722
                    ]
                },
                {
                    "text": "617/",
                    "box": [
                        268,
                        725,
                        295,
                        736
                    ]
                },
                {
                    "text": "426-",
                    "box": [
                        295,
                        725,
                        323,
                        736
                    ]
                },
                {
                    "text": "2000",
                    "box": [
                        324,
                        723,
                        351,
                        736
                    ]
                }
            ]
        },
        {
            "text": "Tony Anari",
            "box": [
                214,
                791,
                281,
                805
            ],
            "linking": [
                [
                    24,
                    23
                ]
            ],
            "label": "answer",
            "words": [
                {
                    "text": "Tony",
                    "box": [
                        214,
                        792,
                        243,
                        805
                    ]
                },
                {
                    "text": "Anari",
                    "box": [
                        247,
                        791,
                        281,
                        804
                    ]
                }
            ]
        },
        {
            "text": "FDC REPRESENTATIVES:",
            "box": [
                71,
                778,
                202,
                803
            ],
            "linking": [
                [
                    24,
                    23
                ]
            ],
            "label": "question",
            "words": [
                {
                    "text": "FDC",
                    "box": [
                        71,
                        778,
                        96,
                        791
                    ]
                },
                {
                    "text": "REPRESENTATIVES:",
                    "box": [
                        71,
                        792,
                        202,
                        803
                    ]
                }
            ]
        },
        {
            "text": "*Subject to change due to local conditions",
            "box": [
                73,
                845,
                414,
                860
            ],
            "linking": [],
            "label": "other",
            "words": [
                {
                    "text": "*Subject",
                    "box": [
                        73,
                        845,
                        136,
                        860
                    ]
                },
                {
                    "text": "to",
                    "box": [
                        144,
                        845,
                        161,
                        859
                    ]
                },
                {
                    "text": "change",
                    "box": [
                        169,
                        846,
                        219,
                        857
                    ]
                },
                {
                    "text": "due",
                    "box": [
                        225,
                        845,
                        250,
                        858
                    ]
                },
                {
                    "text": "to",
                    "box": [
                        257,
                        846,
                        274,
                        857
                    ]
                },
                {
                    "text": "local",
                    "box": [
                        282,
                        845,
                        324,
                        856
                    ]
                },
                {
                    "text": "conditions",
                    "box": [
                        330,
                        845,
                        414,
                        859
                    ]
                }
            ]
        }
    ]
}