{
    "form": [
        {
            "box": [
                623,
                145,
                658,
                158
            ],
            "text": "6692",
            "label": "answer",
            "words": [
                {
                    "box": [
                        623,
                        145,
                        658,
                        158
                    ],
                    "text": "6692"
                }
            ],
            "linking": [
                [
                    7,
                    0
                ]
            ]
        },
        {
            "box": [
                225,
                145,
                250,
                156
            ],
            "text": "B83",
            "label": "answer",
            "words": [
                {
                    "box": [
                        225,
                        145,
                        250,
                        156
                    ],
                    "text": "B83"
                }
            ],
            "linking": [
                [
                    8,
                    1
                ]
            ]
        },
        {
            "box": [
                250,
                341,
                289,
                354
            ],
            "text": "test",
            "label": "other",
            "words": [
                {
                    "box": [
                        250,
                        341,
                        289,
                        354
                    ],
                    "text": "test"
                }
            ],
            "linking": []
        },
        {
            "box": [
                103,
                683,
                130,
                697
            ],
            "text": "Misc",
            "label": "other",
            "words": [
                {
                    "box": [
                        103,
                        683,
                        130,
                        697
                    ],
                    "text": "Misc"
                }
            ],
            "linking": []
        },
        {
            "box": [
                662,
                786,
                684,
                889
            ],
            "text": "81310636",
            "label": "other",
            "words": [
                {
                    "box": [
                        662,
                        786,
                        684,
                        889
                    ],
                    "text": "81310636"
                }
            ],
            "linking": []
        },
        {
            "text": "COMPOUND STRUCTURE",
            "box": [
                314,
                78,
                499,
                101
            ],
            "linking": [],
            "label": "header",
            "words": [
                {
                    "text": "COMPOUND",
                    "box": [
                        314,
                        78,
                        408,
                        100
                    ]
                },
                {
                    "text": "STRUCTURE",
                    "box": [
                        412,
                        80,
                        499,
                        101
                    ]
                }
            ]
        },
        {
            "text": "Litton Bionetics",
            "box": [
                514,
                127,
                659,
                144
            ],
            "linking": [],
            "label": "other",
            "words": [
                {
                    "text": "Litton",
                    "box": [
                        514,
                        130,
                        568,
                        144
                    ]
                },
                {
                    "text": "Bionetics",
                    "box": [
                        577,
                        127,
                        659,
                        144
                    ]
                }
            ]
        },
        {
            "text": "Genetic Assay No.",
            "box": [
                517,
                147,
                613,
                161
            ],
            "linking": [
                [
                    7,
                    0
                ]
            ],
            "label": "question",
            "words": [
                {
                    "text": "Genetic",
                    "box": [
                        517,
                        147,
                        558,
                        160
                    ]
                },
                {
                    "text": "Assay",
                    "box": [
                        561,
                        147,
                        589,
                        161
                    ]
                },
                {
                    "text": "No.",
                    "box": [
                        592,
                        147,
                        613,
                        160
                    ]
                }
            ]
        },
        {
            "text": "COMPOUND CODE",
            "box": [
                110,
                144,
                217,
                159
            ],
            "linking": [
                [
                    8,
                    1
                ]
            ],
            "label": "question",
            "words": [
                {
                    "text": "COMPOUND",
                    "box": [
                        110,
                        144,
                        180,
                        159
                    ]
                },
                {
                    "text": "CODE",
                    "box": [
                        183,
                        144,
                        217,
                        158
                    ]
                }
            ]
        },
        {
            "text": "Chem Abstr#",
            "box": [
                110,
                176,
                183,
                190
            ],
            "linking": [
                [
                    9,
                    10
                ]
            ],
            "label": "question",
            "words": [
                {
                    "text": "Chem",
                    "box": [
                        110,
                        176,
                        144,
                        190
                    ]
                },
                {
                    "text": "Abstr#",
                    "box": [
                        145,
                        176,
                        183,
                        189
                    ]
                }
            ]
        },
        {
            "text": "N/ A",
            "box": [
                187,
                175,
                213,
                188
            ],
            "linking": [
                [
                    9,
                    10
                ]
            ],
            "label": "answer",
            "words": [
                {
                    "text": "N/",
                    "box": [
                        187,
                        175,
                        204,
                        188
                    ]
                },
                {
                    "text": "A",
                    "box": [
                        205,
                        175,
                        213,
                        186
                    ]
                }
            ]
        },
        {
            "text": "Proprietary Mixture",
            "box": [
                226,
                200,
                399,
                217
            ],
            "linking": [
                [
                    12,
                    11
                ]
            ],
            "label": "answer",
            "words": [
                {
                    "text": "Proprietary",
                    "box": [
                        226,
                        203,
                        327,
                        217
                    ]
                },
                {
                    "text": "Mixture",
                    "box": [
                        335,
                        200,
                        399,
                        217
                    ]
                }
            ]
        },
        {
            "text": "Compound Name",
            "box": [
                110,
                204,
                209,
                221
            ],
            "linking": [
                [
                    12,
                    11
                ]
            ],
            "label": "question",
            "words": [
                {
                    "text": "Compound",
                    "box": [
                        110,
                        204,
                        169,
                        221
                    ]
                },
                {
                    "text": "Name",
                    "box": [
                        177,
                        205,
                        209,
                        219
                    ]
                }
            ]
        },
        {
            "text": "ASSAY RESULT",
            "box": [
                110,
                271,
                190,
                285
            ],
            "linking": [
                [
                    13,
                    14
                ]
            ],
            "label": "question",
            "words": [
                {
                    "text": "ASSAY",
                    "box": [
                        110,
                        271,
                        146,
                        284
                    ]
                },
                {
                    "text": "RESULT",
                    "box": [
                        149,
                        271,
                        190,
                        285
                    ]
                }
            ]
        },
        {
            "text": "M. Lymph: negative with S9 activation, positive without S9 activation; Rerun: negative without S9 activation, border- line positive with S9 activation -Technical problems with the",
            "box": [
                186,
                263,
                741,
                341
            ],
            "linking": [
                [
                    13,
                    14
                ]
            ],
            "label": "answer",
            "words": [
                {
                    "text": "M.",
                    "box": [
                        223,
                        265,
                        238,
                        278
                    ]
                },
                {
                    "text": "Lymph:",
                    "box": [
                        251,
                        264,
                        303,
                        278
                    ]
                },
                {
                    "text": "negative",
                    "box": [
                        313,
                        264,
                        386,
                        281
                    ]
                },
                {
                    "text": "with",
                    "box": [
                        392,
                        265,
                        431,
                        279
                    ]
                },
                {
                    "text": "S9",
                    "box": [
                        439,
                        263,
                        459,
                        280
                    ]
                },
                {
                    "text": "activation,",
                    "box": [
                        468,
                        264,
                        566,
                        281
                    ]
                },
                {
                    "text": "positive",
                    "box": [
                        577,
                        264,
                        650,
                        282
                    ]
                },
                {
                    "text": "without",
                    "box": [
                        658,
                        263,
                        724,
                        277
                    ]
                },
                {
                    "text": "S9",
                    "box": [
                        186,
                        295,
                        204,
                        308
                    ]
                },
                {
                    "text": "activation;",
                    "box": [
                        214,
                        295,
                        312,
                        310
                    ]
                },
                {
                    "text": "Rerun:",
                    "box": [
                        323,
                        295,
                        375,
                        308
                    ]
                },
                {
                    "text": "negative",
                    "box": [
                        384,
                        295,
                        458,
                        310
                    ]
                },
                {
                    "text": "without",
                    "box": [
                        466,
                        293,
                        532,
                        308
                    ]
                },
                {
                    "text": "S9",
                    "box": [
                        541,
                        295,
                        559,
                        308
                    ]
                },
                {
                    "text": "activation,",
                    "box": [
                        567,
                        295,
                        666,
                        309
                    ]
                },
                {
                    "text": "border-",
                    "box": [
                        677,
                        291,
                        740,
                        309
                    ]
                },
                {
                    "text": "line",
                    "box": [
                        186,
                        324,
                        221,
                        337
                    ]
                },
                {
                    "text": "positive",
                    "box": [
                        232,
                        324,
                        303,
                        337
                    ]
                },
                {
                    "text": "with",
                    "box": [
                        310,
                        325,
                        349,
                        338
                    ]
                },
                {
                    "text": "S9",
                    "box": [
                        356,
                        324,
                        377,
                        338
                    ]
                },
                {
                    "text": "activation",
                    "box": [
                        384,
                        323,
                        475,
                        340
                    ]
                },
                {
                    "text": "-Technical",
                    "box": [
                        485,
                        323,
                        576,
                        340
                    ]
                },
                {
                    "text": "problems",
                    "box": [
                        587,
                        323,
                        658,
                        341
                    ]
                },
                {
                    "text": "with",
                    "box": [
                        666,
                        320,
                        704,
                        338
                    ]
                },
                {
                    "text": "the",
                    "box": [
                        714,
                        324,
                        741,
                        337
                    ]
                }
            ]
        },
        {
            "text": "COMPOUND STRUCTURE",
            "box": [
                109,
                330,
                251,
                345
            ],
            "linking": [],
            "label": "other",
            "words": [
                {
                    "text": "COMPOUND",
                    "box": [
                        109,
                        330,
                        180,
                        345
                    ]
                },
                {
                    "text": "STRUCTURE",
                    "box": [
                        184,
                        331,
                        251,
                        345
                    ]
                }
            ]
        },
        {
            "text": "Unknown Mixture",
            "box": [
                117,
                411,
                256,
                426
            ],
            "linking": [],
            "label": "other",
            "words": [
                {
                    "text": "Unknown",
                    "box": [
                        117,
                        411,
                        180,
                        426
                    ]
                },
                {
                    "text": "Mixture",
                    "box": [
                        190,
                        411,
                        256,
                        426
                    ]
                }
            ]
        },
        {
            "text": "PH (CALCULATED 50%)",
            "box": [
                105,
                490,
                232,
                507
            ],
            "linking": [
                [
                    17,
                    18
                ]
            ],
            "label": "question",
            "words": [
                {
                    "text": "PH",
                    "box": [
                        105,
                        493,
                        123,
                        507
                    ]
                },
                {
                    "text": "(CALCULATED",
                    "box": [
                        126,
                        490,
                        203,
                        505
                    ]
                },
                {
                    "text": "50%)",
                    "box": [
                        205,
                        492,
                        232,
                        506
                    ]
                }
            ]
        },
        {
            "text": "5. 26",
            "box": [
                249,
                485,
                284,
                503
            ],
            "linking": [
                [
                    17,
                    18
                ]
            ],
            "label": "answer",
            "words": [
                {
                    "text": "5.",
                    "box": [
                        249,
                        486,
                        266,
                        503
                    ]
                },
                {
                    "text": "26",
                    "box": [
                        267,
                        485,
                        284,
                        502
                    ]
                }
            ]
        },
        {
            "text": "Yellow liquid",
            "box": [
                247,
                546,
                365,
                561
            ],
            "linking": [
                [
                    20,
                    19
                ]
            ],
            "label": "answer",
            "words": [
                {
                    "text": "Yellow",
                    "box": [
                        247,
                        546,
                        304,
                        559
                    ]
                },
                {
                    "text": "liquid",
                    "box": [
                        311,
                        547,
                        365,
                        561
                    ]
                }
            ]
        },
        {
            "text": "PHYSICAL APPEARANCE",
            "box": [
                103,
                547,
                241,
                564
            ],
            "linking": [
                [
                    20,
                    19
                ]
            ],
            "label": "question",
            "words": [
                {
                    "text": "PHYSICAL",
                    "box": [
                        103,
                        547,
                        160,
                        564
                    ]
                },
                {
                    "text": "APPEARANCE",
                    "box": [
                        168,
                        549,
                        241,
                        563
                    ]
                }
            ]
        },
        {
            "text": "bp/mp ",
            "box": [
                123,
                578,
                159,
                594
            ],
            "linking": [
                [
                    21,
                    22
                ]
            ],
            "label": "question",
            "words": [
                {
                    "text": "bp/mp",
                    "box": [
                        123,
                        578,
                        144,
                        592
                    ]
                },
                {
                    "text": "",
                    "box": [
                        144,
                        580,
                        159,
                        594
                    ]
                }
            ]
        },
        {
            "text": "N/ A",
            "box": [
                182,
                574,
                213,
                591
            ],
            "linking": [
                [
                    21,
                    22
                ]
            ],
            "label": "answer",
            "words": [
                {
                    "text": "N/",
                    "box": [
                        182,
                        574,
                        202,
                        591
                    ]
                },
                {
                    "text": "A",
                    "box": [
                        203,
                        575,
                        213,
                        590
                    ]
                }
            ]
        },
        {
            "text": "C @",
            "box": [
                254,
                577,
                281,
                594
            ],
            "linking": [],
            "label": "question",
            "words": [
                {
                    "text": "C",
                    "box": [
                        254,
                        577,
                        267,
                        594
                    ]
                },
                {
                    "text": "@",
                    "box": [
                        268,
                        580,
                        281,
                        594
                    ]
                }
            ]
        },
        {
            "text": "mm Hg",
            "box": [
                320,
                577,
                363,
                592
            ],
            "linking": [],
            "label": "question",
            "words": [
                {
                    "text": "mm",
                    "box": [
                        320,
                        577,
                        344,
                        592
                    ]
                },
                {
                    "text": "Hg",
                    "box": [
                        345,
                        577,
                        363,
                        592
                    ]
                }
            ]
        },
        {
            "text": "REGULATORY STATUS",
            "box": [
                102,
                620,
                225,
                644
            ],
            "linking": [
                [
                    25,
                    26
                ]
            ],
            "label": "question",
            "words": [
                {
                    "text": "REGULATORY",
                    "box": [
                        102,
                        620,
                        177,
                        644
                    ]
                },
                {
                    "text": "STATUS",
                    "box": [
                        182,
                        624,
                        225,
                        641
                    ]
                }
            ]
        },
        {
            "text": "N/ A",
            "box": [
                246,
                619,
                279,
                639
            ],
            "linking": [
                [
                    25,
                    26
                ]
            ],
            "label": "answer",
            "words": [
                {
                    "text": "N/",
                    "box": [
                        246,
                        619,
                        266,
                        637
                    ]
                },
                {
                    "text": "A",
                    "box": [
                        265,
                        619,
                        279,
                        639
                    ]
                }
            ]
        },
        {
            "text": "",
            "box": [
                637,
                948,
                696,
                967
            ],
            "linking": [],
            "label": "other",
            "words": [
                {
                    "text": "",
                    "box": [
                        637,
                        950,
                        673,
                        967
                    ]
                },
                {
                    "text": "",
                    "box": [
                        679,
                        948,
                        696,
                        965
                    ]
                }
            ]
        }
    ]
}