{
    "form": [
        {
            "box": [
                485,
                32,
                526,
                49
            ],
            "text": "Date:",
            "label": "question",
            "words": [
                {
                    "box": [
                        485,
                        32,
                        526,
                        49
                    ],
                    "text": "Date:"
                }
            ],
            "linking": [
                [
                    0,
                    1
                ]
            ]
        },
        {
            "box": [
                531,
                32,
                585,
                49
            ],
            "text": "3/27/84",
            "label": "answer",
            "words": [
                {
                    "box": [
                        531,
                        32,
                        585,
                        49
                    ],
                    "text": "3/27/84"
                }
            ],
            "linking": [
                [
                    0,
                    1
                ]
            ]
        },
        {
            "box": [
                634,
                34,
                683,
                48
            ],
            "text": "84-C-7",
            "label": "other",
            "words": [
                {
                    "box": [
                        634,
                        34,
                        683,
                        48
                    ],
                    "text": "84-C-7"
                }
            ],
            "linking": []
        },
        {
            "box": [
                31,
                218,
                111,
                236
            ],
            "text": "Cicarettes",
            "label": "header",
            "words": [
                {
                    "box": [
                        31,
                        218,
                        111,
                        236
                    ],
                    "text": "Cicarettes"
                }
            ],
            "linking": [
                [
                    3,
                    12
                ],
                [
                    3,
                    13
                ],
                [
                    3,
                    15
                ],
                [
                    3,
                    16
                ],
                [
                    3,
                    17
                ],
                [
                    3,
                    18
                ],
                [
                    3,
                    68
                ],
                [
                    3,
                    69
                ],
                [
                    3,
                    70
                ],
                [
                    3,
                    71
                ]
            ]
        },
        {
            "box": [
                320,
                221,
                377,
                238
            ],
            "text": "Filters",
            "label": "other",
            "words": [
                {
                    "box": [
                        320,
                        221,
                        377,
                        238
                    ],
                    "text": "Filters"
                }
            ],
            "linking": []
        },
        {
            "box": [
                34,
                173,
                73,
                187
            ],
            "text": "BLEND",
            "label": "question",
            "words": [
                {
                    "box": [
                        34,
                        173,
                        73,
                        187
                    ],
                    "text": "BLEND"
                }
            ],
            "linking": [
                [
                    5,
                    8
                ]
            ]
        },
        {
            "box": [
                144,
                173,
                196,
                187
            ],
            "text": "CASING",
            "label": "question",
            "words": [
                {
                    "box": [
                        144,
                        173,
                        196,
                        187
                    ],
                    "text": "CASING"
                }
            ],
            "linking": [
                [
                    6,
                    9
                ]
            ]
        },
        {
            "box": [
                267,
                173,
                328,
                190
            ],
            "text": "RECASING",
            "label": "question",
            "words": [
                {
                    "box": [
                        267,
                        173,
                        328,
                        190
                    ],
                    "text": "RECASING"
                }
            ],
            "linking": [
                [
                    7,
                    10
                ]
            ]
        },
        {
            "box": [
                34,
                189,
                87,
                203
            ],
            "text": "1077-84",
            "label": "answer",
            "words": [
                {
                    "box": [
                        34,
                        189,
                        87,
                        203
                    ],
                    "text": "1077-84"
                }
            ],
            "linking": [
                [
                    5,
                    8
                ]
            ]
        },
        {
            "box": [
                144,
                187,
                179,
                207
            ],
            "text": "7773",
            "label": "answer",
            "words": [
                {
                    "box": [
                        144,
                        187,
                        179,
                        207
                    ],
                    "text": "7773"
                }
            ],
            "linking": [
                [
                    6,
                    9
                ]
            ]
        },
        {
            "box": [
                268,
                190,
                300,
                205
            ],
            "text": "7774",
            "label": "answer",
            "words": [
                {
                    "box": [
                        268,
                        190,
                        300,
                        205
                    ],
                    "text": "7774"
                }
            ],
            "linking": [
                [
                    7,
                    10
                ]
            ]
        },
        {
            "box": [
                392,
                191,
                456,
                208
            ],
            "text": "attached",
            "label": "answer",
            "words": [
                {
                    "box": [
                        392,
                        191,
                        456,
                        208
                    ],
                    "text": "attached"
                }
            ],
            "linking": [
                [
                    59,
                    11
                ]
            ]
        },
        {
            "box": [
                52,
                250,
                95,
                264
            ],
            "text": "Maker",
            "label": "question",
            "words": [
                {
                    "box": [
                        52,
                        250,
                        95,
                        264
                    ],
                    "text": "Maker"
                }
            ],
            "linking": [
                [
                    12,
                    60
                ],
                [
                    3,
                    12
                ]
            ]
        },
        {
            "box": [
                52,
                274,
                104,
                287
            ],
            "text": "Length",
            "label": "question",
            "words": [
                {
                    "box": [
                        52,
                        274,
                        104,
                        287
                    ],
                    "text": "Length"
                }
            ],
            "linking": [
                [
                    13,
                    61
                ],
                [
                    3,
                    13
                ]
            ]
        },
        {
            "box": [
                54,
                295,
                100,
                310
            ],
            "text": "Filter",
            "label": "question",
            "words": [
                {
                    "box": [
                        54,
                        295,
                        100,
                        310
                    ],
                    "text": "Filter"
                }
            ],
            "linking": []
        },
        {
            "box": [
                106,
                295,
                153,
                310
            ],
            "text": "Length",
            "label": "question",
            "words": [
                {
                    "box": [
                        106,
                        295,
                        153,
                        310
                    ],
                    "text": "Length"
                }
            ],
            "linking": [
                [
                    15,
                    62
                ],
                [
                    3,
                    15
                ]
            ]
        },
        {
            "box": [
                50,
                317,
                155,
                331
            ],
            "text": "Circumference",
            "label": "question",
            "words": [
                {
                    "box": [
                        50,
                        317,
                        155,
                        331
                    ],
                    "text": "Circumference"
                }
            ],
            "linking": [
                [
                    16,
                    63
                ],
                [
                    3,
                    16
                ]
            ]
        },
        {
            "box": [
                50,
                341,
                102,
                356
            ],
            "text": "Weight",
            "label": "question",
            "words": [
                {
                    "box": [
                        50,
                        341,
                        102,
                        356
                    ],
                    "text": "Weight"
                }
            ],
            "linking": [
                [
                    17,
                    64
                ],
                [
                    3,
                    17
                ]
            ]
        },
        {
            "box": [
                52,
                363,
                97,
                374
            ],
            "text": "Paper",
            "label": "question",
            "words": [
                {
                    "box": [
                        52,
                        363,
                        97,
                        374
                    ],
                    "text": "Paper"
                }
            ],
            "linking": [
                [
                    18,
                    65
                ],
                [
                    3,
                    18
                ]
            ]
        },
        {
            "box": [
                556,
                177,
                613,
                192
            ],
            "text": "MENTHOL",
            "label": "question",
            "words": [
                {
                    "box": [
                        556,
                        177,
                        613,
                        192
                    ],
                    "text": "MENTHOL"
                }
            ],
            "linking": [
                [
                    19,
                    20
                ]
            ]
        },
        {
            "box": [
                556,
                193,
                595,
                208
            ],
            "text": "8098",
            "label": "answer",
            "words": [
                {
                    "box": [
                        556,
                        193,
                        595,
                        208
                    ],
                    "text": "8098"
                }
            ],
            "linking": [
                [
                    19,
                    20
                ]
            ]
        },
        {
            "box": [
                585,
                281,
                605,
                291
            ],
            "text": "mm",
            "label": "answer",
            "words": [
                {
                    "box": [
                        585,
                        281,
                        605,
                        291
                    ],
                    "text": "mm"
                }
            ],
            "linking": [
                [
                    74,
                    21
                ]
            ]
        },
        {
            "box": [
                480,
                366,
                523,
                381
            ],
            "text": "370mm",
            "label": "answer",
            "words": [
                {
                    "box": [
                        480,
                        366,
                        523,
                        381
                    ],
                    "text": "370mm"
                }
            ],
            "linking": [
                [
                    73,
                    22
                ],
                [
                    81,
                    22
                ]
            ]
        },
        {
            "box": [
                482,
                390,
                531,
                405
            ],
            "text": "24.7mm",
            "label": "answer",
            "words": [
                {
                    "box": [
                        482,
                        390,
                        531,
                        405
                    ],
                    "text": "24.7mm"
                }
            ],
            "linking": [
                [
                    73,
                    23
                ],
                [
                    49,
                    23
                ]
            ]
        },
        {
            "box": [
                479,
                457,
                496,
                472
            ],
            "text": "E-",
            "label": "other",
            "words": [
                {
                    "box": [
                        479,
                        457,
                        496,
                        472
                    ],
                    "text": "E-"
                }
            ],
            "linking": []
        },
        {
            "box": [
                494,
                458,
                519,
                472
            ],
            "text": "626",
            "label": "answer",
            "words": [
                {
                    "box": [
                        494,
                        458,
                        519,
                        472
                    ],
                    "text": "626"
                }
            ],
            "linking": [
                [
                    73,
                    25
                ],
                [
                    82,
                    25
                ]
            ]
        },
        {
            "box": [
                480,
                482,
                519,
                493
            ],
            "text": "1509C",
            "label": "answer",
            "words": [
                {
                    "box": [
                        480,
                        482,
                        519,
                        493
                    ],
                    "text": "1509C"
                }
            ],
            "linking": [
                [
                    73,
                    26
                ],
                [
                    83,
                    26
                ]
            ]
        },
        {
            "box": [
                689,
                730,
                706,
                822
            ],
            "text": "81574683",
            "label": "other",
            "words": [
                {
                    "box": [
                        689,
                        730,
                        706,
                        822
                    ],
                    "text": "81574683"
                }
            ],
            "linking": []
        },
        {
            "box": [
                27,
                552,
                93,
                569
            ],
            "text": "Wrapping",
            "label": "header",
            "words": [
                {
                    "box": [
                        27,
                        552,
                        93,
                        569
                    ],
                    "text": "Wrapping"
                }
            ],
            "linking": [
                [
                    28,
                    29
                ],
                [
                    28,
                    30
                ],
                [
                    28,
                    95
                ],
                [
                    28,
                    31
                ],
                [
                    28,
                    32
                ]
            ]
        },
        {
            "box": [
                47,
                575,
                104,
                590
            ],
            "text": "Labels",
            "label": "question",
            "words": [
                {
                    "box": [
                        47,
                        575,
                        104,
                        590
                    ],
                    "text": "Labels"
                }
            ],
            "linking": [
                [
                    28,
                    29
                ],
                [
                    29,
                    33
                ]
            ]
        },
        {
            "box": [
                50,
                595,
                113,
                613
            ],
            "text": "Closures",
            "label": "question",
            "words": [
                {
                    "box": [
                        50,
                        595,
                        113,
                        613
                    ],
                    "text": "Closures"
                }
            ],
            "linking": [
                [
                    28,
                    30
                ],
                [
                    30,
                    34
                ]
            ]
        },
        {
            "box": [
                46,
                641,
                103,
                656
            ],
            "text": "Cartons",
            "label": "question",
            "words": [
                {
                    "box": [
                        46,
                        641,
                        103,
                        656
                    ],
                    "text": "Cartons"
                }
            ],
            "linking": [
                [
                    28,
                    31
                ],
                [
                    31,
                    36
                ]
            ]
        },
        {
            "box": [
                49,
                665,
                112,
                679
            ],
            "text": "Markings",
            "label": "question",
            "words": [
                {
                    "box": [
                        49,
                        665,
                        112,
                        679
                    ],
                    "text": "Markings"
                }
            ],
            "linking": [
                [
                    28,
                    32
                ],
                [
                    32,
                    94
                ]
            ]
        },
        {
            "box": [
                198,
                571,
                243,
                589
            ],
            "text": "white",
            "label": "answer",
            "words": [
                {
                    "box": [
                        198,
                        571,
                        243,
                        589
                    ],
                    "text": "white"
                }
            ],
            "linking": [
                [
                    29,
                    33
                ]
            ]
        },
        {
            "box": [
                197,
                595,
                231,
                612
            ],
            "text": "blue",
            "label": "answer",
            "words": [
                {
                    "box": [
                        197,
                        595,
                        231,
                        612
                    ],
                    "text": "blue"
                }
            ],
            "linking": [
                [
                    30,
                    34
                ]
            ]
        },
        {
            "box": [
                197,
                623,
                242,
                637
            ],
            "text": "white",
            "label": "answer",
            "words": [
                {
                    "box": [
                        197,
                        623,
                        242,
                        637
                    ],
                    "text": "white"
                }
            ],
            "linking": [
                [
                    95,
                    35
                ]
            ]
        },
        {
            "box": [
                198,
                644,
                236,
                658
            ],
            "text": "white",
            "label": "answer",
            "words": [
                {
                    "box": [
                        198,
                        644,
                        236,
                        658
                    ],
                    "text": "white"
                }
            ],
            "linking": [
                [
                    31,
                    36
                ]
            ]
        },
        {
            "box": [
                313,
                553,
                421,
                570
            ],
            "text": "Responsibility",
            "label": "header",
            "words": [
                {
                    "box": [
                        313,
                        553,
                        421,
                        570
                    ],
                    "text": "Responsibility"
                }
            ],
            "linking": [
                [
                    37,
                    86
                ],
                [
                    37,
                    87
                ],
                [
                    37,
                    88
                ],
                [
                    37,
                    38
                ],
                [
                    37,
                    89
                ]
            ]
        },
        {
            "box": [
                331,
                645,
                398,
                659
            ],
            "text": "Shipping",
            "label": "question",
            "words": [
                {
                    "box": [
                        331,
                        645,
                        398,
                        659
                    ],
                    "text": "Shipping"
                }
            ],
            "linking": [
                [
                    37,
                    38
                ],
                [
                    38,
                    92
                ]
            ]
        },
        {
            "box": [
                45,
                754,
                87,
                769
            ],
            "text": "Other",
            "label": "question",
            "words": [
                {
                    "box": [
                        45,
                        754,
                        87,
                        769
                    ],
                    "text": "Other"
                }
            ],
            "linking": [
                [
                    39,
                    98
                ]
            ]
        },
        {
            "box": [
                503,
                891,
                525,
                906
            ],
            "text": "",
            "label": "other",
            "words": [
                {
                    "box": [
                        503,
                        891,
                        525,
                        906
                    ],
                    "text": ""
                }
            ],
            "linking": []
        },
        {
            "box": [
                528,
                895,
                577,
                908
            ],
            "text": "Newan",
            "label": "other",
            "words": [
                {
                    "box": [
                        528,
                        895,
                        577,
                        908
                    ],
                    "text": "Newan"
                }
            ],
            "linking": []
        },
        {
            "box": [
                577,
                894,
                622,
                909
            ],
            "text": "Stein,",
            "label": "other",
            "words": [
                {
                    "box": [
                        577,
                        894,
                        622,
                        909
                    ],
                    "text": "Stein,"
                }
            ],
            "linking": []
        },
        {
            "box": [
                479,
                599,
                557,
                613
            ],
            "text": "production",
            "label": "answer",
            "words": [
                {
                    "box": [
                        479,
                        599,
                        557,
                        613
                    ],
                    "text": "production"
                }
            ],
            "linking": [
                [
                    87,
                    43
                ]
            ]
        },
        {
            "box": [
                201,
                433,
                233,
                448
            ],
            "text": "4260",
            "label": "answer",
            "words": [
                {
                    "box": [
                        201,
                        433,
                        233,
                        448
                    ],
                    "text": "4260"
                }
            ],
            "linking": [
                [
                    69,
                    44
                ]
            ]
        },
        {
            "box": [
                198,
                476,
                220,
                494
            ],
            "text": "NA",
            "label": "answer",
            "words": [
                {
                    "box": [
                        198,
                        476,
                        220,
                        494
                    ],
                    "text": "NA"
                }
            ],
            "linking": [
                [
                    71,
                    45
                ]
            ]
        },
        {
            "box": [
                338,
                295,
                373,
                310
            ],
            "text": "Kind",
            "label": "question",
            "words": [
                {
                    "box": [
                        338,
                        295,
                        373,
                        310
                    ],
                    "text": "Kind"
                }
            ],
            "linking": [
                [
                    46,
                    76
                ]
            ]
        },
        {
            "box": [
                339,
                344,
                363,
                355
            ],
            "text": "Rod",
            "label": "question",
            "words": [
                {
                    "box": [
                        339,
                        344,
                        363,
                        355
                    ],
                    "text": "Rod"
                }
            ],
            "linking": []
        },
        {
            "box": [
                369,
                342,
                416,
                356
            ],
            "text": "Length",
            "label": "question",
            "words": [
                {
                    "box": [
                        369,
                        342,
                        416,
                        356
                    ],
                    "text": "Length"
                }
            ],
            "linking": [
                [
                    48,
                    78
                ]
            ]
        },
        {
            "box": [
                335,
                387,
                436,
                404
            ],
            "text": "Circunference",
            "label": "question",
            "words": [
                {
                    "box": [
                        335,
                        387,
                        436,
                        404
                    ],
                    "text": "Circunference"
                }
            ],
            "linking": [
                [
                    49,
                    23
                ]
            ]
        },
        {
            "box": [
                334,
                412,
                381,
                423
            ],
            "text": "Weight",
            "label": "question",
            "words": [
                {
                    "box": [
                        334,
                        412,
                        381,
                        423
                    ],
                    "text": "Weight"
                }
            ],
            "linking": [
                [
                    50,
                    79
                ]
            ]
        },
        {
            "box": [
                335,
                433,
                381,
                446
            ],
            "text": "Plast.",
            "label": "question",
            "words": [
                {
                    "box": [
                        335,
                        433,
                        381,
                        446
                    ],
                    "text": "Plast."
                }
            ],
            "linking": [
                [
                    51,
                    80
                ]
            ]
        },
        {
            "text": "Sample No. 1078-84 Type of Cigarette NP Control 85 Batch Size As needed",
            "box": [
                277,
                45,
                507,
                91
            ],
            "linking": [],
            "label": "header",
            "words": [
                {
                    "text": "Sample",
                    "box": [
                        318,
                        45,
                        367,
                        60
                    ]
                },
                {
                    "text": "No.",
                    "box": [
                        370,
                        46,
                        395,
                        60
                    ]
                },
                {
                    "text": "1078-84",
                    "box": [
                        401,
                        46,
                        461,
                        61
                    ]
                },
                {
                    "text": "Type",
                    "box": [
                        277,
                        61,
                        311,
                        75
                    ]
                },
                {
                    "text": "of",
                    "box": [
                        311,
                        59,
                        329,
                        76
                    ]
                },
                {
                    "text": "Cigarette",
                    "box": [
                        335,
                        63,
                        403,
                        78
                    ]
                },
                {
                    "text": "NP",
                    "box": [
                        405,
                        64,
                        426,
                        75
                    ]
                },
                {
                    "text": "Control",
                    "box": [
                        429,
                        63,
                        486,
                        77
                    ]
                },
                {
                    "text": "85",
                    "box": [
                        493,
                        60,
                        507,
                        80
                    ]
                },
                {
                    "text": "Batch",
                    "box": [
                        311,
                        75,
                        353,
                        90
                    ]
                },
                {
                    "text": "Size",
                    "box": [
                        353,
                        78,
                        389,
                        91
                    ]
                },
                {
                    "text": "As",
                    "box": [
                        391,
                        78,
                        413,
                        91
                    ]
                },
                {
                    "text": "needed",
                    "box": [
                        415,
                        80,
                        464,
                        91
                    ]
                }
            ]
        },
        {
            "text": "ginal Request Made By",
            "box": [
                49,
                96,
                215,
                113
            ],
            "linking": [
                [
                    53,
                    54
                ]
            ],
            "label": "question",
            "words": [
                {
                    "text": "ginal",
                    "box": [
                        49,
                        98,
                        95,
                        111
                    ]
                },
                {
                    "text": "Request",
                    "box": [
                        101,
                        96,
                        157,
                        110
                    ]
                },
                {
                    "text": "Made",
                    "box": [
                        159,
                        96,
                        195,
                        113
                    ]
                },
                {
                    "text": "By",
                    "box": [
                        197,
                        99,
                        215,
                        113
                    ]
                }
            ]
        },
        {
            "text": "T. Jessup on 2/13/84",
            "box": [
                221,
                98,
                375,
                116
            ],
            "linking": [
                [
                    53,
                    54
                ]
            ],
            "label": "answer",
            "words": [
                {
                    "text": "T.",
                    "box": [
                        221,
                        99,
                        239,
                        116
                    ]
                },
                {
                    "text": "Jessup",
                    "box": [
                        244,
                        102,
                        291,
                        115
                    ]
                },
                {
                    "text": "on",
                    "box": [
                        295,
                        98,
                        315,
                        116
                    ]
                },
                {
                    "text": "2/13/84",
                    "box": [
                        318,
                        99,
                        375,
                        116
                    ]
                }
            ]
        },
        {
            "text": "Purpose of Sample",
            "box": [
                31,
                116,
                163,
                135
            ],
            "linking": [
                [
                    55,
                    56
                ]
            ],
            "label": "question",
            "words": [
                {
                    "text": "Purpose",
                    "box": [
                        31,
                        119,
                        92,
                        132
                    ]
                },
                {
                    "text": "of",
                    "box": [
                        94,
                        116,
                        112,
                        133
                    ]
                },
                {
                    "text": "Sample",
                    "box": [
                        116,
                        120,
                        163,
                        135
                    ]
                }
            ]
        },
        {
            "text": "Mkt. Research Newport",
            "box": [
                165,
                119,
                332,
                139
            ],
            "linking": [
                [
                    55,
                    56
                ]
            ],
            "label": "answer",
            "words": [
                {
                    "text": "Mkt.",
                    "box": [
                        165,
                        119,
                        199,
                        133
                    ]
                },
                {
                    "text": "Research",
                    "box": [
                        205,
                        120,
                        269,
                        135
                    ]
                },
                {
                    "text": "Newport",
                    "box": [
                        272,
                        122,
                        332,
                        139
                    ]
                }
            ]
        },
        {
            "text": "W. Barnes",
            "box": [
                281,
                144,
                353,
                162
            ],
            "linking": [
                [
                    58,
                    57
                ]
            ],
            "label": "answer",
            "words": [
                {
                    "text": "W.",
                    "box": [
                        281,
                        144,
                        299,
                        159
                    ]
                },
                {
                    "text": "Barnes",
                    "box": [
                        303,
                        145,
                        353,
                        162
                    ]
                }
            ]
        },
        {
            "text": "Sample Specifications Written By",
            "box": [
                32,
                141,
                277,
                158
            ],
            "linking": [
                [
                    58,
                    57
                ]
            ],
            "label": "question",
            "words": [
                {
                    "text": "Sample",
                    "box": [
                        32,
                        141,
                        88,
                        154
                    ]
                },
                {
                    "text": "Specifications",
                    "box": [
                        87,
                        144,
                        189,
                        157
                    ]
                },
                {
                    "text": "Written",
                    "box": [
                        198,
                        144,
                        254,
                        158
                    ]
                },
                {
                    "text": "By",
                    "box": [
                        257,
                        142,
                        277,
                        157
                    ]
                }
            ]
        },
        {
            "text": "FINAL FLAVOR",
            "box": [
                394,
                176,
                488,
                191
            ],
            "linking": [
                [
                    59,
                    11
                ]
            ],
            "label": "question",
            "words": [
                {
                    "text": "FINAL",
                    "box": [
                        394,
                        176,
                        436,
                        191
                    ]
                },
                {
                    "text": "FLAVOR",
                    "box": [
                        439,
                        176,
                        488,
                        191
                    ]
                }
            ]
        },
        {
            "text": "MK 9",
            "box": [
                203,
                246,
                239,
                264
            ],
            "linking": [
                [
                    12,
                    60
                ]
            ],
            "label": "answer",
            "words": [
                {
                    "text": "MK",
                    "box": [
                        203,
                        246,
                        224,
                        264
                    ]
                },
                {
                    "text": "9",
                    "box": [
                        228,
                        249,
                        239,
                        264
                    ]
                }
            ]
        },
        {
            "text": "84.0 cm",
            "box": [
                203,
                271,
                252,
                291
            ],
            "linking": [
                [
                    13,
                    61
                ]
            ],
            "label": "answer",
            "words": [
                {
                    "text": "84.0",
                    "box": [
                        203,
                        271,
                        235,
                        291
                    ]
                },
                {
                    "text": "cm",
                    "box": [
                        235,
                        275,
                        252,
                        288
                    ]
                }
            ]
        },
        {
            "text": "21.0 mm",
            "box": [
                204,
                295,
                255,
                313
            ],
            "linking": [
                [
                    15,
                    62
                ]
            ],
            "label": "answer",
            "words": [
                {
                    "text": "21.0",
                    "box": [
                        204,
                        295,
                        236,
                        313
                    ]
                },
                {
                    "text": "mm",
                    "box": [
                        237,
                        296,
                        255,
                        311
                    ]
                }
            ]
        },
        {
            "text": "24.8 mm",
            "box": [
                204,
                320,
                250,
                333
            ],
            "linking": [
                [
                    16,
                    63
                ]
            ],
            "label": "answer",
            "words": [
                {
                    "text": "24.8",
                    "box": [
                        204,
                        320,
                        235,
                        333
                    ]
                },
                {
                    "text": "mm",
                    "box": [
                        235,
                        320,
                        250,
                        331
                    ]
                }
            ]
        },
        {
            "text": "96.0 g/100",
            "box": [
                204,
                341,
                280,
                358
            ],
            "linking": [
                [
                    17,
                    64
                ]
            ],
            "label": "answer",
            "words": [
                {
                    "text": "96.0",
                    "box": [
                        204,
                        341,
                        236,
                        355
                    ]
                },
                {
                    "text": "g/100",
                    "box": [
                        242,
                        341,
                        280,
                        358
                    ]
                }
            ]
        },
        {
            "text": "E- 554",
            "box": [
                203,
                363,
                243,
                378
            ],
            "linking": [
                [
                    18,
                    65
                ]
            ],
            "label": "answer",
            "words": [
                {
                    "text": "E-",
                    "box": [
                        203,
                        365,
                        220,
                        378
                    ]
                },
                {
                    "text": "554",
                    "box": [
                        221,
                        363,
                        243,
                        378
                    ]
                }
            ]
        },
        {
            "text": "51mm cork- Ecusta",
            "box": [
                173,
                385,
                305,
                404
            ],
            "linking": [
                [
                    68,
                    66
                ]
            ],
            "label": "answer",
            "words": [
                {
                    "text": "51mm",
                    "box": [
                        173,
                        387,
                        202,
                        401
                    ]
                },
                {
                    "text": "cork-",
                    "box": [
                        209,
                        387,
                        251,
                        404
                    ]
                },
                {
                    "text": "Ecusta",
                    "box": [
                        256,
                        385,
                        305,
                        402
                    ]
                }
            ]
        },
        {
            "text": "TOD 01042-4 lines perf.",
            "box": [
                133,
                409,
                306,
                425
            ],
            "linking": [
                [
                    68,
                    67
                ]
            ],
            "label": "answer",
            "words": [
                {
                    "text": "TOD",
                    "box": [
                        133,
                        409,
                        160,
                        423
                    ]
                },
                {
                    "text": "01042-4",
                    "box": [
                        163,
                        409,
                        219,
                        424
                    ]
                },
                {
                    "text": "lines",
                    "box": [
                        225,
                        409,
                        261,
                        424
                    ]
                },
                {
                    "text": "perf.",
                    "box": [
                        268,
                        412,
                        306,
                        425
                    ]
                }
            ]
        },
        {
            "text": "Tip. Paper",
            "box": [
                50,
                385,
                127,
                399
            ],
            "linking": [
                [
                    68,
                    66
                ],
                [
                    68,
                    67
                ],
                [
                    3,
                    68
                ]
            ],
            "label": "question",
            "words": [
                {
                    "text": "Tip.",
                    "box": [
                        50,
                        385,
                        82,
                        399
                    ]
                },
                {
                    "text": "Paper",
                    "box": [
                        89,
                        385,
                        127,
                        399
                    ]
                }
            ]
        },
        {
            "text": "Tip. Paper Por.",
            "box": [
                50,
                430,
                165,
                450
            ],
            "linking": [
                [
                    69,
                    44
                ],
                [
                    3,
                    69
                ]
            ],
            "label": "question",
            "words": [
                {
                    "text": "Tip.",
                    "box": [
                        50,
                        432,
                        79,
                        449
                    ]
                },
                {
                    "text": "Paper",
                    "box": [
                        87,
                        432,
                        129,
                        447
                    ]
                },
                {
                    "text": "Por.",
                    "box": [
                        131,
                        430,
                        165,
                        450
                    ]
                }
            ]
        },
        {
            "text": "Glue Roller",
            "box": [
                49,
                454,
                136,
                469
            ],
            "linking": [
                [
                    70,
                    72
                ],
                [
                    3,
                    70
                ]
            ],
            "label": "question",
            "words": [
                {
                    "text": "Glue",
                    "box": [
                        49,
                        454,
                        84,
                        469
                    ]
                },
                {
                    "text": "Roller",
                    "box": [
                        87,
                        457,
                        136,
                        465
                    ]
                }
            ]
        },
        {
            "text": "Air Dilution",
            "box": [
                47,
                475,
                146,
                493
            ],
            "linking": [
                [
                    71,
                    45
                ],
                [
                    3,
                    71
                ]
            ],
            "label": "question",
            "words": [
                {
                    "text": "Air",
                    "box": [
                        47,
                        476,
                        78,
                        491
                    ]
                },
                {
                    "text": "Dilution",
                    "box": [
                        80,
                        475,
                        146,
                        493
                    ]
                }
            ]
        },
        {
            "text": "Mk II 85",
            "box": [
                197,
                453,
                262,
                471
            ],
            "linking": [
                [
                    70,
                    72
                ]
            ],
            "label": "answer",
            "words": [
                {
                    "text": "Mk",
                    "box": [
                        197,
                        454,
                        221,
                        468
                    ]
                },
                {
                    "text": "II",
                    "box": [
                        223,
                        453,
                        240,
                        467
                    ]
                },
                {
                    "text": "85",
                    "box": [
                        244,
                        454,
                        262,
                        471
                    ]
                }
            ]
        },
        {
            "text": "Section A",
            "box": [
                478,
                253,
                554,
                270
            ],
            "linking": [
                [
                    73,
                    75
                ],
                [
                    73,
                    76
                ],
                [
                    73,
                    77
                ],
                [
                    73,
                    78
                ],
                [
                    73,
                    22
                ],
                [
                    73,
                    23
                ],
                [
                    73,
                    79
                ],
                [
                    73,
                    80
                ],
                [
                    73,
                    25
                ],
                [
                    73,
                    26
                ]
            ],
            "label": "question",
            "words": [
                {
                    "text": "Section",
                    "box": [
                        478,
                        253,
                        538,
                        270
                    ]
                },
                {
                    "text": "A",
                    "box": [
                        539,
                        253,
                        554,
                        270
                    ]
                }
            ]
        },
        {
            "text": "Section B",
            "box": [
                585,
                251,
                659,
                271
            ],
            "linking": [
                [
                    74,
                    21
                ]
            ],
            "label": "question",
            "words": [
                {
                    "text": "Section",
                    "box": [
                        585,
                        251,
                        642,
                        269
                    ]
                },
                {
                    "text": "B",
                    "box": [
                        644,
                        254,
                        659,
                        271
                    ]
                }
            ]
        },
        {
            "text": "21mm",
            "box": [
                482,
                275,
                520,
                292
            ],
            "linking": [
                [
                    73,
                    75
                ]
            ],
            "label": "answer",
            "words": [
                {
                    "text": "21mm",
                    "box": [
                        482,
                        275,
                        520,
                        292
                    ]
                }
            ]
        },
        {
            "text": "3.3 35,000y",
            "box": [
                480,
                299,
                565,
                316
            ],
            "linking": [
                [
                    73,
                    76
                ],
                [
                    46,
                    76
                ]
            ],
            "label": "answer",
            "words": [
                {
                    "text": "3.3",
                    "box": [
                        480,
                        300,
                        511,
                        313
                    ]
                },
                {
                    "text": "35,000y",
                    "box": [
                        513,
                        299,
                        565,
                        316
                    ]
                }
            ]
        },
        {
            "text": "RE- 2218",
            "box": [
                475,
                323,
                529,
                337
            ],
            "linking": [
                [
                    73,
                    77
                ]
            ],
            "label": "answer",
            "words": [
                {
                    "text": "RE-",
                    "box": [
                        475,
                        323,
                        497,
                        337
                    ]
                },
                {
                    "text": "2218",
                    "box": [
                        497,
                        323,
                        529,
                        337
                    ]
                }
            ]
        },
        {
            "text": "126 mm",
            "box": [
                482,
                344,
                529,
                360
            ],
            "linking": [
                [
                    73,
                    78
                ],
                [
                    48,
                    78
                ]
            ],
            "label": "answer",
            "words": [
                {
                    "text": "126",
                    "box": [
                        482,
                        344,
                        503,
                        359
                    ]
                },
                {
                    "text": "mm",
                    "box": [
                        508,
                        345,
                        529,
                        360
                    ]
                }
            ]
        },
        {
            "text": "81.0 g/100",
            "box": [
                480,
                412,
                558,
                427
            ],
            "linking": [
                [
                    73,
                    79
                ],
                [
                    50,
                    79
                ]
            ],
            "label": "answer",
            "words": [
                {
                    "text": "81.0",
                    "box": [
                        480,
                        412,
                        511,
                        426
                    ]
                },
                {
                    "text": "g/100",
                    "box": [
                        515,
                        413,
                        558,
                        427
                    ]
                }
            ]
        },
        {
            "text": "7% Kent",
            "box": [
                480,
                433,
                537,
                450
            ],
            "linking": [
                [
                    73,
                    80
                ],
                [
                    51,
                    80
                ]
            ],
            "label": "answer",
            "words": [
                {
                    "text": "7%",
                    "box": [
                        480,
                        433,
                        497,
                        450
                    ]
                },
                {
                    "text": "Kent",
                    "box": [
                        503,
                        437,
                        537,
                        448
                    ]
                }
            ]
        },
        {
            "text": "Pressure Drop",
            "box": [
                335,
                366,
                439,
                380
            ],
            "linking": [
                [
                    81,
                    22
                ]
            ],
            "label": "question",
            "words": [
                {
                    "text": "Pressure",
                    "box": [
                        335,
                        366,
                        398,
                        380
                    ]
                },
                {
                    "text": "Drop",
                    "box": [
                        405,
                        366,
                        439,
                        379
                    ]
                }
            ]
        },
        {
            "text": "Plug Wrap",
            "box": [
                337,
                455,
                408,
                471
            ],
            "linking": [
                [
                    82,
                    25
                ]
            ],
            "label": "question",
            "words": [
                {
                    "text": "Plug",
                    "box": [
                        337,
                        455,
                        368,
                        470
                    ]
                },
                {
                    "text": "Wrap",
                    "box": [
                        373,
                        457,
                        408,
                        471
                    ]
                }
            ]
        },
        {
            "text": "Plug Wrap Por.",
            "box": [
                334,
                478,
                443,
                496
            ],
            "linking": [
                [
                    83,
                    26
                ]
            ],
            "label": "question",
            "words": [
                {
                    "text": "Plug",
                    "box": [
                        334,
                        478,
                        369,
                        495
                    ]
                },
                {
                    "text": "Wrap",
                    "box": [
                        372,
                        479,
                        406,
                        492
                    ]
                },
                {
                    "text": "Por.",
                    "box": [
                        409,
                        479,
                        443,
                        496
                    ]
                }
            ]
        },
        {
            "text": "Comb. Wrap",
            "box": [
                337,
                500,
                415,
                517
            ],
            "linking": [],
            "label": "question",
            "words": [
                {
                    "text": "Comb.",
                    "box": [
                        337,
                        500,
                        372,
                        517
                    ]
                },
                {
                    "text": "Wrap",
                    "box": [
                        380,
                        501,
                        415,
                        512
                    ]
                }
            ]
        },
        {
            "text": "Comb. Wrap Por.",
            "box": [
                337,
                524,
                447,
                539
            ],
            "linking": [],
            "label": "question",
            "words": [
                {
                    "text": "Comb.",
                    "box": [
                        337,
                        525,
                        372,
                        539
                    ]
                },
                {
                    "text": "Wrap",
                    "box": [
                        378,
                        524,
                        412,
                        537
                    ]
                },
                {
                    "text": "Por.",
                    "box": [
                        420,
                        527,
                        447,
                        538
                    ]
                }
            ]
        },
        {
            "text": "Tobacco Blend",
            "box": [
                335,
                575,
                439,
                592
            ],
            "linking": [
                [
                    37,
                    86
                ],
                [
                    86,
                    90
                ]
            ],
            "label": "question",
            "words": [
                {
                    "text": "Tobacco",
                    "box": [
                        335,
                        577,
                        391,
                        592
                    ]
                },
                {
                    "text": "Blend",
                    "box": [
                        394,
                        575,
                        439,
                        590
                    ]
                }
            ]
        },
        {
            "text": "Filter Production",
            "box": [
                334,
                601,
                465,
                616
            ],
            "linking": [
                [
                    37,
                    87
                ],
                [
                    87,
                    43
                ]
            ],
            "label": "question",
            "words": [
                {
                    "text": "Filter",
                    "box": [
                        334,
                        601,
                        386,
                        616
                    ]
                },
                {
                    "text": "Production",
                    "box": [
                        388,
                        601,
                        465,
                        616
                    ]
                }
            ]
        },
        {
            "text": "Making & Packing",
            "box": [
                331,
                623,
                458,
                638
            ],
            "linking": [
                [
                    37,
                    88
                ],
                [
                    88,
                    91
                ]
            ],
            "label": "question",
            "words": [
                {
                    "text": "Making",
                    "box": [
                        331,
                        623,
                        385,
                        637
                    ]
                },
                {
                    "text": "&",
                    "box": [
                        387,
                        623,
                        397,
                        638
                    ]
                },
                {
                    "text": "Packing",
                    "box": [
                        404,
                        623,
                        458,
                        638
                    ]
                }
            ]
        },
        {
            "text": "Sample Requistion",
            "box": [
                332,
                666,
                465,
                682
            ],
            "linking": [
                [
                    37,
                    89
                ],
                [
                    89,
                    93
                ]
            ],
            "label": "question",
            "words": [
                {
                    "text": "Sample",
                    "box": [
                        332,
                        666,
                        381,
                        680
                    ]
                },
                {
                    "text": "Requistion",
                    "box": [
                        381,
                        669,
                        465,
                        682
                    ]
                }
            ]
        },
        {
            "text": "production, Barnes",
            "box": [
                473,
                577,
                619,
                593
            ],
            "linking": [
                [
                    86,
                    90
                ]
            ],
            "label": "answer",
            "words": [
                {
                    "text": "production,",
                    "box": [
                        473,
                        577,
                        560,
                        592
                    ]
                },
                {
                    "text": "Barnes",
                    "box": [
                        567,
                        578,
                        619,
                        593
                    ]
                }
            ]
        },
        {
            "text": "Barnes, Fernald",
            "box": [
                476,
                623,
                593,
                638
            ],
            "linking": [
                [
                    88,
                    91
                ]
            ],
            "label": "answer",
            "words": [
                {
                    "text": "Barnes,",
                    "box": [
                        476,
                        624,
                        529,
                        638
                    ]
                },
                {
                    "text": "Fernald",
                    "box": [
                        536,
                        623,
                        593,
                        637
                    ]
                }
            ]
        },
        {
            "text": "- -",
            "box": [
                472,
                648,
                489,
                664
            ],
            "linking": [
                [
                    38,
                    92
                ]
            ],
            "label": "answer",
            "words": [
                {
                    "text": "-",
                    "box": [
                        473,
                        648,
                        487,
                        656
                    ]
                },
                {
                    "text": "-",
                    "box": [
                        472,
                        656,
                        489,
                        664
                    ]
                }
            ]
        },
        {
            "text": "T. Skinner",
            "box": [
                475,
                668,
                555,
                682
            ],
            "linking": [
                [
                    89,
                    93
                ]
            ],
            "label": "answer",
            "words": [
                {
                    "text": "T.",
                    "box": [
                        475,
                        668,
                        495,
                        682
                    ]
                },
                {
                    "text": "Skinner",
                    "box": [
                        499,
                        669,
                        555,
                        682
                    ]
                }
            ]
        },
        {
            "text": "code #1746",
            "box": [
                198,
                662,
                269,
                678
            ],
            "linking": [
                [
                    32,
                    94
                ]
            ],
            "label": "answer",
            "words": [
                {
                    "text": "code",
                    "box": [
                        198,
                        662,
                        227,
                        677
                    ]
                },
                {
                    "text": "#1746",
                    "box": [
                        240,
                        665,
                        269,
                        678
                    ]
                }
            ]
        },
        {
            "text": "Tear Tape",
            "box": [
                50,
                619,
                120,
                634
            ],
            "linking": [
                [
                    28,
                    95
                ],
                [
                    95,
                    35
                ]
            ],
            "label": "question",
            "words": [
                {
                    "text": "Tear",
                    "box": [
                        50,
                        619,
                        81,
                        634
                    ]
                },
                {
                    "text": "Tape",
                    "box": [
                        84,
                        619,
                        120,
                        634
                    ]
                }
            ]
        },
        {
            "text": "Requirements Laboratory",
            "box": [
                28,
                718,
                127,
                748
            ],
            "linking": [
                [
                    96,
                    97
                ]
            ],
            "label": "question",
            "words": [
                {
                    "text": "Requirements",
                    "box": [
                        28,
                        718,
                        120,
                        733
                    ]
                },
                {
                    "text": "Laboratory",
                    "box": [
                        43,
                        735,
                        127,
                        748
                    ]
                }
            ]
        },
        {
            "text": "30 ctns.",
            "box": [
                198,
                732,
                257,
                749
            ],
            "linking": [
                [
                    96,
                    97
                ]
            ],
            "label": "answer",
            "words": [
                {
                    "text": "30",
                    "box": [
                        198,
                        732,
                        216,
                        749
                    ]
                },
                {
                    "text": "ctns.",
                    "box": [
                        218,
                        732,
                        257,
                        747
                    ]
                }
            ]
        },
        {
            "text": "1100 pks.",
            "box": [
                179,
                753,
                248,
                771
            ],
            "linking": [
                [
                    39,
                    98
                ]
            ],
            "label": "answer",
            "words": [
                {
                    "text": "1100",
                    "box": [
                        179,
                        753,
                        211,
                        771
                    ]
                },
                {
                    "text": "pks.",
                    "box": [
                        216,
                        756,
                        248,
                        769
                    ]
                }
            ]
        },
        {
            "text": "Laboratory Analysis:",
            "box": [
                310,
                716,
                460,
                733
            ],
            "linking": [
                [
                    99,
                    100
                ]
            ],
            "label": "question",
            "words": [
                {
                    "text": "Laboratory",
                    "box": [
                        310,
                        718,
                        385,
                        732
                    ]
                },
                {
                    "text": "Analysis:",
                    "box": [
                        392,
                        716,
                        460,
                        733
                    ]
                }
            ]
        },
        {
            "text": "Moisture analysis Menthol analysis Tar & nicotine analysis",
            "box": [
                328,
                735,
                509,
                794
            ],
            "linking": [
                [
                    99,
                    100
                ]
            ],
            "label": "answer",
            "words": [
                {
                    "text": "Moisture",
                    "box": [
                        331,
                        735,
                        397,
                        748
                    ]
                },
                {
                    "text": "analysis",
                    "box": [
                        397,
                        736,
                        465,
                        749
                    ]
                },
                {
                    "text": "Menthol",
                    "box": [
                        331,
                        756,
                        385,
                        770
                    ]
                },
                {
                    "text": "analysis",
                    "box": [
                        390,
                        757,
                        457,
                        771
                    ]
                },
                {
                    "text": "Tar",
                    "box": [
                        328,
                        778,
                        359,
                        792
                    ]
                },
                {
                    "text": "&",
                    "box": [
                        362,
                        778,
                        373,
                        791
                    ]
                },
                {
                    "text": "nicotine",
                    "box": [
                        376,
                        777,
                        442,
                        794
                    ]
                },
                {
                    "text": "analysis",
                    "box": [
                        446,
                        777,
                        509,
                        794
                    ]
                }
            ]
        },
        {
            "text": "Special Requirements",
            "box": [
                303,
                799,
                455,
                817
            ],
            "linking": [
                [
                    101,
                    102
                ],
                [
                    101,
                    103
                ]
            ],
            "label": "question",
            "words": [
                {
                    "text": "Special",
                    "box": [
                        303,
                        799,
                        355,
                        817
                    ]
                },
                {
                    "text": "Requirements",
                    "box": [
                        360,
                        802,
                        455,
                        816
                    ]
                }
            ]
        },
        {
            "text": "1. Cigts. to be packed in white labels printed with \"20 Class A. ATF Auth. #47 sample not for sale, all applicable state taxes paid, and code No. 746.\"",
            "box": [
                22,
                817,
                566,
                881
            ],
            "linking": [
                [
                    101,
                    102
                ]
            ],
            "label": "answer",
            "words": [
                {
                    "text": "1.",
                    "box": [
                        22,
                        817,
                        37,
                        839
                    ]
                },
                {
                    "text": "Cigts.",
                    "box": [
                        53,
                        818,
                        98,
                        836
                    ]
                },
                {
                    "text": "to",
                    "box": [
                        108,
                        820,
                        121,
                        833
                    ]
                },
                {
                    "text": "be",
                    "box": [
                        127,
                        821,
                        147,
                        835
                    ]
                },
                {
                    "text": "packed",
                    "box": [
                        149,
                        821,
                        199,
                        835
                    ]
                },
                {
                    "text": "in",
                    "box": [
                        205,
                        823,
                        225,
                        837
                    ]
                },
                {
                    "text": "white",
                    "box": [
                        223,
                        821,
                        265,
                        836
                    ]
                },
                {
                    "text": "labels",
                    "box": [
                        272,
                        821,
                        321,
                        836
                    ]
                },
                {
                    "text": "printed",
                    "box": [
                        321,
                        821,
                        380,
                        835
                    ]
                },
                {
                    "text": "with",
                    "box": [
                        381,
                        821,
                        419,
                        836
                    ]
                },
                {
                    "text": "\"20",
                    "box": [
                        423,
                        823,
                        448,
                        838
                    ]
                },
                {
                    "text": "Class",
                    "box": [
                        453,
                        823,
                        494,
                        838
                    ]
                },
                {
                    "text": "A.",
                    "box": [
                        496,
                        827,
                        514,
                        838
                    ]
                },
                {
                    "text": "ATF",
                    "box": [
                        52,
                        842,
                        79,
                        856
                    ]
                },
                {
                    "text": "Auth.",
                    "box": [
                        99,
                        851,
                        121,
                        857
                    ]
                },
                {
                    "text": "#47",
                    "box": [
                        130,
                        844,
                        158,
                        859
                    ]
                },
                {
                    "text": "sample",
                    "box": [
                        166,
                        845,
                        213,
                        862
                    ]
                },
                {
                    "text": "not",
                    "box": [
                        218,
                        845,
                        247,
                        859
                    ]
                },
                {
                    "text": "for",
                    "box": [
                        250,
                        844,
                        274,
                        861
                    ]
                },
                {
                    "text": "sale,",
                    "box": [
                        279,
                        845,
                        318,
                        858
                    ]
                },
                {
                    "text": "all",
                    "box": [
                        321,
                        842,
                        348,
                        857
                    ]
                },
                {
                    "text": "applicable",
                    "box": [
                        355,
                        845,
                        433,
                        860
                    ]
                },
                {
                    "text": "state",
                    "box": [
                        437,
                        846,
                        476,
                        861
                    ]
                },
                {
                    "text": "taxes",
                    "box": [
                        483,
                        848,
                        522,
                        862
                    ]
                },
                {
                    "text": "paid,",
                    "box": [
                        527,
                        849,
                        566,
                        866
                    ]
                },
                {
                    "text": "and",
                    "box": [
                        54,
                        867,
                        81,
                        880
                    ]
                },
                {
                    "text": "code",
                    "box": [
                        82,
                        866,
                        116,
                        879
                    ]
                },
                {
                    "text": "No.",
                    "box": [
                        119,
                        867,
                        143,
                        880
                    ]
                },
                {
                    "text": "746.\"",
                    "box": [
                        149,
                        866,
                        191,
                        881
                    ]
                }
            ]
        },
        {
            "text": "2. Cigts. to be inspected, placed in pk. mailers and shipped Inc., for Mkt. Rsh. Study.",
            "box": [
                21,
                885,
                500,
                928
            ],
            "linking": [
                [
                    101,
                    103
                ]
            ],
            "label": "answer",
            "words": [
                {
                    "text": "2.",
                    "box": [
                        21,
                        888,
                        39,
                        902
                    ]
                },
                {
                    "text": "Cigts.",
                    "box": [
                        50,
                        885,
                        100,
                        903
                    ]
                },
                {
                    "text": "to",
                    "box": [
                        105,
                        890,
                        123,
                        904
                    ]
                },
                {
                    "text": "be",
                    "box": [
                        126,
                        888,
                        144,
                        902
                    ]
                },
                {
                    "text": "inspected,",
                    "box": [
                        151,
                        890,
                        226,
                        904
                    ]
                },
                {
                    "text": "placed",
                    "box": [
                        232,
                        891,
                        282,
                        904
                    ]
                },
                {
                    "text": "in",
                    "box": [
                        286,
                        891,
                        303,
                        905
                    ]
                },
                {
                    "text": "",
                    "box": [
                        307,
                        891,
                        318,
                        902
                    ]
                },
                {
                    "text": "pk.",
                    "box": [
                        320,
                        892,
                        347,
                        906
                    ]
                },
                {
                    "text": "mailers",
                    "box": [
                        351,
                        891,
                        410,
                        906
                    ]
                },
                {
                    "text": "and",
                    "box": [
                        412,
                        892,
                        441,
                        906
                    ]
                },
                {
                    "text": "shipped",
                    "box": [
                        444,
                        891,
                        500,
                        906
                    ]
                },
                {
                    "text": "Inc.,",
                    "box": [
                        54,
                        909,
                        88,
                        926
                    ]
                },
                {
                    "text": "for",
                    "box": [
                        98,
                        912,
                        120,
                        926
                    ]
                },
                {
                    "text": "Mkt.",
                    "box": [
                        124,
                        912,
                        158,
                        926
                    ]
                },
                {
                    "text": "Rsh.",
                    "box": [
                        165,
                        911,
                        196,
                        928
                    ]
                },
                {
                    "text": "Study.",
                    "box": [
                        201,
                        912,
                        250,
                        927
                    ]
                }
            ]
        },
        {
            "text": "Director, Product Development",
            "box": [
                459,
                880,
                729,
                959
            ],
            "linking": [],
            "label": "other",
            "words": [
                {
                    "text": "",
                    "box": [
                        459,
                        880,
                        729,
                        944
                    ]
                },
                {
                    "text": "Director,",
                    "box": [
                        489,
                        944,
                        557,
                        959
                    ]
                },
                {
                    "text": "Product",
                    "box": [
                        561,
                        944,
                        618,
                        958
                    ]
                },
                {
                    "text": "Development",
                    "box": [
                        619,
                        944,
                        710,
                        959
                    ]
                }
            ]
        }
    ]
}