{
    "form": [
        {
            "box": [
                67,
                108,
                89,
                122
            ],
            "text": "ΤO:",
            "label": "question",
            "words": [
                {
                    "box": [
                        67,
                        108,
                        89,
                        122
                    ],
                    "text": "ΤO:"
                }
            ],
            "linking": [
                [
                    0,
                    19
                ]
            ]
        },
        {
            "box": [
                68,
                138,
                108,
                153
            ],
            "text": "FROM:",
            "label": "question",
            "words": [
                {
                    "box": [
                        68,
                        138,
                        108,
                        153
                    ],
                    "text": "FROM:"
                }
            ],
            "linking": [
                [
                    1,
                    21
                ]
            ]
        },
        {
            "box": [
                450,
                171,
                464,
                184
            ],
            "text": "x",
            "label": "answer",
            "words": [
                {
                    "box": [
                        450,
                        171,
                        464,
                        184
                    ],
                    "text": "x"
                }
            ],
            "linking": [
                [
                    23,
                    2
                ]
            ]
        },
        {
            "box": [
                166,
                237,
                243,
                250
            ],
            "text": "GEOGRAPHY",
            "label": "question",
            "words": [
                {
                    "box": [
                        166,
                        237,
                        243,
                        250
                    ],
                    "text": "GEOGRAPHY"
                }
            ],
            "linking": []
        },
        {
            "box": [
                67,
                263,
                125,
                276
            ],
            "text": "REGION:",
            "label": "header",
            "words": [
                {
                    "box": [
                        67,
                        263,
                        125,
                        276
                    ],
                    "text": "REGION:"
                }
            ],
            "linking": [
                [
                    4,
                    5
                ],
                [
                    4,
                    6
                ]
            ]
        },
        {
            "box": [
                298,
                262,
                330,
                275
            ],
            "text": "FULL",
            "label": "question",
            "words": [
                {
                    "box": [
                        298,
                        262,
                        330,
                        275
                    ],
                    "text": "FULL"
                }
            ],
            "linking": [
                [
                    4,
                    5
                ]
            ]
        },
        {
            "box": [
                508,
                263,
                553,
                275
            ],
            "text": "PARTIAL",
            "label": "question",
            "words": [
                {
                    "box": [
                        508,
                        263,
                        553,
                        275
                    ],
                    "text": "PARTIAL"
                }
            ],
            "linking": [
                [
                    4,
                    6
                ]
            ]
        },
        {
            "box": [
                508,
                312,
                555,
                324
            ],
            "text": "PARTIAL",
            "label": "question",
            "words": [
                {
                    "box": [
                        508,
                        312,
                        555,
                        324
                    ],
                    "text": "PARTIAL"
                }
            ],
            "linking": []
        },
        {
            "box": [
                298,
                311,
                332,
                325
            ],
            "text": "FULL",
            "label": "question",
            "words": [
                {
                    "box": [
                        298,
                        311,
                        332,
                        325
                    ],
                    "text": "FULL"
                }
            ],
            "linking": [
                [
                    8,
                    14
                ]
            ]
        },
        {
            "box": [
                69,
                311,
                128,
                325
            ],
            "text": "DIVISION:",
            "label": "question",
            "words": [
                {
                    "box": [
                        69,
                        311,
                        128,
                        325
                    ],
                    "text": "DIVISION:"
                }
            ],
            "linking": []
        },
        {
            "box": [
                68,
                203,
                126,
                216
            ],
            "text": "SUBJECT:",
            "label": "question",
            "words": [
                {
                    "box": [
                        68,
                        203,
                        126,
                        216
                    ],
                    "text": "SUBJECT:"
                }
            ],
            "linking": [
                [
                    10,
                    26
                ]
            ]
        },
        {
            "box": [
                584,
                336,
                599,
                349
            ],
            "text": "12",
            "label": "answer",
            "words": [
                {
                    "box": [
                        584,
                        336,
                        599,
                        349
                    ],
                    "text": "12"
                }
            ],
            "linking": [
                [
                    39,
                    11
                ]
            ]
        },
        {
            "box": [
                583,
                356,
                597,
                373
            ],
            "text": "13",
            "label": "answer",
            "words": [
                {
                    "box": [
                        583,
                        356,
                        597,
                        373
                    ],
                    "text": "13"
                }
            ],
            "linking": [
                [
                    40,
                    12
                ]
            ]
        },
        {
            "box": [
                585,
                380,
                597,
                394
            ],
            "text": "7",
            "label": "answer",
            "words": [
                {
                    "box": [
                        585,
                        380,
                        597,
                        394
                    ],
                    "text": "7"
                }
            ],
            "linking": [
                [
                    41,
                    13
                ]
            ]
        },
        {
            "box": [
                365,
                311,
                376,
                323
            ],
            "text": "X",
            "label": "answer",
            "words": [
                {
                    "box": [
                        365,
                        311,
                        376,
                        323
                    ],
                    "text": "X"
                }
            ],
            "linking": [
                [
                    8,
                    14
                ]
            ]
        },
        {
            "box": [
                156,
                416,
                253,
                431
            ],
            "text": "DISTRIBUTION",
            "label": "question",
            "words": [
                {
                    "box": [
                        156,
                        416,
                        253,
                        431
                    ],
                    "text": "DISTRIBUTION"
                }
            ],
            "linking": []
        },
        {
            "box": [
                297,
                509,
                311,
                524
            ],
            "text": "70",
            "label": "answer",
            "words": [
                {
                    "box": [
                        297,
                        509,
                        311,
                        524
                    ],
                    "text": "70"
                }
            ],
            "linking": [
                [
                    45,
                    16
                ]
            ]
        },
        {
            "box": [
                294,
                528,
                313,
                543
            ],
            "text": "121",
            "label": "answer",
            "words": [
                {
                    "box": [
                        294,
                        528,
                        313,
                        543
                    ],
                    "text": "121"
                }
            ],
            "linking": [
                [
                    45,
                    17
                ]
            ]
        },
        {
            "box": [
                660,
                809,
                682,
                911
            ],
            "text": "81619486",
            "label": "other",
            "words": [
                {
                    "box": [
                        660,
                        809,
                        682,
                        911
                    ],
                    "text": "81619486"
                }
            ],
            "linking": []
        },
        {
            "text": "S. P. ZOLOT",
            "box": [
                140,
                108,
                205,
                121
            ],
            "linking": [
                [
                    0,
                    19
                ]
            ],
            "label": "answer",
            "words": [
                {
                    "text": "S.",
                    "box": [
                        140,
                        108,
                        152,
                        121
                    ]
                },
                {
                    "text": "P.",
                    "box": [
                        152,
                        108,
                        165,
                        121
                    ]
                },
                {
                    "text": "ZOLOT",
                    "box": [
                        166,
                        108,
                        205,
                        121
                    ]
                }
            ]
        },
        {
            "text": "SUBMISSION DATE",
            "box": [
                447,
                109,
                559,
                123
            ],
            "linking": [
                [
                    20,
                    22
                ],
                [
                    20,
                    24
                ],
                [
                    20,
                    25
                ],
                [
                    20,
                    23
                ]
            ],
            "label": "header",
            "words": [
                {
                    "text": "SUBMISSION",
                    "box": [
                        447,
                        109,
                        523,
                        123
                    ]
                },
                {
                    "text": "DATE",
                    "box": [
                        525,
                        109,
                        559,
                        123
                    ]
                }
            ]
        },
        {
            "text": "R. W. Richardson",
            "box": [
                141,
                138,
                229,
                156
            ],
            "linking": [
                [
                    1,
                    21
                ]
            ],
            "label": "answer",
            "words": [
                {
                    "text": "R.",
                    "box": [
                        141,
                        140,
                        152,
                        153
                    ]
                },
                {
                    "text": "W.",
                    "box": [
                        153,
                        138,
                        170,
                        153
                    ]
                },
                {
                    "text": "Richardson",
                    "box": [
                        170,
                        139,
                        229,
                        156
                    ]
                }
            ]
        },
        {
            "text": "JUNE 29",
            "box": [
                376,
                139,
                422,
                153
            ],
            "linking": [
                [
                    20,
                    22
                ]
            ],
            "label": "question",
            "words": [
                {
                    "text": "JUNE",
                    "box": [
                        376,
                        139,
                        407,
                        153
                    ]
                },
                {
                    "text": "29",
                    "box": [
                        407,
                        140,
                        422,
                        152
                    ]
                }
            ]
        },
        {
            "text": "AUG 10",
            "box": [
                379,
                169,
                419,
                183
            ],
            "linking": [
                [
                    20,
                    23
                ],
                [
                    23,
                    2
                ]
            ],
            "label": "question",
            "words": [
                {
                    "text": "AUG",
                    "box": [
                        379,
                        169,
                        403,
                        183
                    ]
                },
                {
                    "text": "10",
                    "box": [
                        407,
                        169,
                        419,
                        181
                    ]
                }
            ]
        },
        {
            "text": "SEPT 21",
            "box": [
                525,
                140,
                571,
                153
            ],
            "linking": [
                [
                    20,
                    24
                ]
            ],
            "label": "question",
            "words": [
                {
                    "text": "SEPT",
                    "box": [
                        525,
                        140,
                        555,
                        153
                    ]
                },
                {
                    "text": "21",
                    "box": [
                        556,
                        140,
                        571,
                        153
                    ]
                }
            ]
        },
        {
            "text": "NOV 9",
            "box": [
                529,
                169,
                567,
                184
            ],
            "linking": [
                [
                    20,
                    25
                ]
            ],
            "label": "question",
            "words": [
                {
                    "text": "NOV",
                    "box": [
                        529,
                        171,
                        557,
                        184
                    ]
                },
                {
                    "text": "9",
                    "box": [
                        556,
                        169,
                        567,
                        184
                    ]
                }
            ]
        },
        {
            "text": "MAVERICK SPECIALS EXPANSION MARKETS PROGRESS REPORT",
            "box": [
                137,
                199,
                525,
                215
            ],
            "linking": [
                [
                    10,
                    26
                ]
            ],
            "label": "answer",
            "words": [
                {
                    "text": "MAVERICK",
                    "box": [
                        137,
                        202,
                        209,
                        215
                    ]
                },
                {
                    "text": "SPECIALS",
                    "box": [
                        211,
                        199,
                        276,
                        214
                    ]
                },
                {
                    "text": "EXPANSION",
                    "box": [
                        280,
                        200,
                        347,
                        214
                    ]
                },
                {
                    "text": "MARKETS",
                    "box": [
                        355,
                        200,
                        409,
                        213
                    ]
                },
                {
                    "text": "PROGRESS",
                    "box": [
                        412,
                        200,
                        475,
                        214
                    ]
                },
                {
                    "text": "REPORT",
                    "box": [
                        478,
                        203,
                        525,
                        215
                    ]
                }
            ]
        },
        {
            "text": "(ONLY IF PARTIAL REGION, CONTINUE WITH DIVISION (S) SCOPE)",
            "box": [
                67,
                284,
                430,
                300
            ],
            "linking": [],
            "label": "other",
            "words": [
                {
                    "text": "(ONLY",
                    "box": [
                        67,
                        284,
                        102,
                        299
                    ]
                },
                {
                    "text": "IF",
                    "box": [
                        108,
                        284,
                        121,
                        299
                    ]
                },
                {
                    "text": "PARTIAL",
                    "box": [
                        120,
                        284,
                        170,
                        297
                    ]
                },
                {
                    "text": "REGION,",
                    "box": [
                        174,
                        285,
                        221,
                        299
                    ]
                },
                {
                    "text": "CONTINUE",
                    "box": [
                        225,
                        284,
                        284,
                        299
                    ]
                },
                {
                    "text": "WITH",
                    "box": [
                        287,
                        285,
                        319,
                        298
                    ]
                },
                {
                    "text": "DIVISION",
                    "box": [
                        322,
                        284,
                        373,
                        297
                    ]
                },
                {
                    "text": "(S)",
                    "box": [
                        374,
                        285,
                        387,
                        297
                    ]
                },
                {
                    "text": "SCOPE)",
                    "box": [
                        389,
                        285,
                        430,
                        300
                    ]
                }
            ]
        },
        {
            "text": "DIVISION NAME:",
            "box": [
                91,
                336,
                186,
                350
            ],
            "linking": [
                [
                    28,
                    29
                ]
            ],
            "label": "question",
            "words": [
                {
                    "text": "DIVISION",
                    "box": [
                        91,
                        336,
                        145,
                        349
                    ]
                },
                {
                    "text": "NAME:",
                    "box": [
                        146,
                        336,
                        186,
                        350
                    ]
                }
            ]
        },
        {
            "text": "Detroit North",
            "box": [
                186,
                338,
                255,
                350
            ],
            "linking": [
                [
                    28,
                    29
                ]
            ],
            "label": "answer",
            "words": [
                {
                    "text": "Detroit",
                    "box": [
                        186,
                        338,
                        222,
                        350
                    ]
                },
                {
                    "text": "North",
                    "box": [
                        226,
                        338,
                        255,
                        350
                    ]
                }
            ]
        },
        {
            "text": "Detroit South",
            "box": [
                189,
                358,
                258,
                372
            ],
            "linking": [
                [
                    32,
                    30
                ]
            ],
            "label": "answer",
            "words": [
                {
                    "text": "Detroit",
                    "box": [
                        189,
                        358,
                        223,
                        372
                    ]
                },
                {
                    "text": "South",
                    "box": [
                        226,
                        360,
                        258,
                        372
                    ]
                }
            ]
        },
        {
            "text": "Detroit Central",
            "box": [
                192,
                380,
                261,
                395
            ],
            "linking": [
                [
                    33,
                    31
                ]
            ],
            "label": "answer",
            "words": [
                {
                    "text": "Detroit",
                    "box": [
                        192,
                        381,
                        226,
                        395
                    ]
                },
                {
                    "text": "Central",
                    "box": [
                        226,
                        380,
                        261,
                        395
                    ]
                }
            ]
        },
        {
            "text": "DIVISION NAME:",
            "box": [
                91,
                358,
                187,
                376
            ],
            "linking": [
                [
                    32,
                    30
                ]
            ],
            "label": "question",
            "words": [
                {
                    "text": "DIVISION",
                    "box": [
                        91,
                        358,
                        146,
                        372
                    ]
                },
                {
                    "text": "NAME:",
                    "box": [
                        148,
                        359,
                        187,
                        376
                    ]
                }
            ]
        },
        {
            "text": "DIVISION NAME:",
            "box": [
                91,
                380,
                188,
                395
            ],
            "linking": [
                [
                    33,
                    31
                ]
            ],
            "label": "question",
            "words": [
                {
                    "text": "DIVISION",
                    "box": [
                        91,
                        380,
                        146,
                        394
                    ]
                },
                {
                    "text": "NAME:",
                    "box": [
                        148,
                        380,
                        188,
                        395
                    ]
                }
            ]
        },
        {
            "text": "DIVISION NAME:",
            "box": [
                298,
                338,
                391,
                350
            ],
            "linking": [
                [
                    34,
                    38
                ]
            ],
            "label": "question",
            "words": [
                {
                    "text": "DIVISION",
                    "box": [
                        298,
                        338,
                        346,
                        350
                    ]
                },
                {
                    "text": "NAME:",
                    "box": [
                        352,
                        338,
                        391,
                        350
                    ]
                }
            ]
        },
        {
            "text": "DIVISION NAME:",
            "box": [
                296,
                358,
                391,
                373
            ],
            "linking": [
                [
                    35,
                    37
                ]
            ],
            "label": "question",
            "words": [
                {
                    "text": "DIVISION",
                    "box": [
                        296,
                        359,
                        350,
                        373
                    ]
                },
                {
                    "text": "NAME:",
                    "box": [
                        354,
                        358,
                        391,
                        372
                    ]
                }
            ]
        },
        {
            "text": "DIVISION NAME:",
            "box": [
                297,
                379,
                393,
                394
            ],
            "linking": [],
            "label": "question",
            "words": [
                {
                    "text": "DIVISION",
                    "box": [
                        297,
                        379,
                        349,
                        394
                    ]
                },
                {
                    "text": "NAME:",
                    "box": [
                        352,
                        381,
                        393,
                        394
                    ]
                }
            ]
        },
        {
            "text": "Detroit East",
            "box": [
                393,
                361,
                456,
                373
            ],
            "linking": [
                [
                    35,
                    37
                ]
            ],
            "label": "answer",
            "words": [
                {
                    "text": "Detroit",
                    "box": [
                        393,
                        361,
                        430,
                        373
                    ]
                },
                {
                    "text": "East",
                    "box": [
                        434,
                        363,
                        456,
                        373
                    ]
                }
            ]
        },
        {
            "text": "Detroit West",
            "box": [
                398,
                337,
                460,
                351
            ],
            "linking": [
                [
                    34,
                    38
                ]
            ],
            "label": "answer",
            "words": [
                {
                    "text": "Detroit",
                    "box": [
                        398,
                        337,
                        433,
                        351
                    ]
                },
                {
                    "text": "West",
                    "box": [
                        435,
                        339,
                        460,
                        350
                    ]
                }
            ]
        },
        {
            "text": "# REPS:",
            "box": [
                503,
                336,
                545,
                351
            ],
            "linking": [
                [
                    39,
                    11
                ]
            ],
            "label": "question",
            "words": [
                {
                    "text": "#",
                    "box": [
                        503,
                        338,
                        511,
                        349
                    ]
                },
                {
                    "text": "REPS:",
                    "box": [
                        511,
                        336,
                        545,
                        351
                    ]
                }
            ]
        },
        {
            "text": "# REPS:",
            "box": [
                503,
                359,
                544,
                373
            ],
            "linking": [
                [
                    40,
                    12
                ]
            ],
            "label": "question",
            "words": [
                {
                    "text": "#",
                    "box": [
                        503,
                        360,
                        513,
                        372
                    ]
                },
                {
                    "text": "REPS:",
                    "box": [
                        514,
                        359,
                        544,
                        373
                    ]
                }
            ]
        },
        {
            "text": "# REPS:",
            "box": [
                501,
                382,
                544,
                395
            ],
            "linking": [
                [
                    41,
                    13
                ]
            ],
            "label": "question",
            "words": [
                {
                    "text": "#",
                    "box": [
                        501,
                        382,
                        513,
                        394
                    ]
                },
                {
                    "text": "REPS:",
                    "box": [
                        513,
                        382,
                        544,
                        395
                    ]
                }
            ]
        },
        {
            "text": "Direct Accounts and Chains Headquartered within the Region (15+ Stores) Stocking No Maverick Specials",
            "box": [
                67,
                443,
                380,
                469
            ],
            "linking": [],
            "label": "other",
            "words": [
                {
                    "text": "Direct",
                    "box": [
                        68,
                        446,
                        100,
                        456
                    ]
                },
                {
                    "text": "Accounts",
                    "box": [
                        104,
                        444,
                        151,
                        456
                    ]
                },
                {
                    "text": "and",
                    "box": [
                        153,
                        446,
                        174,
                        456
                    ]
                },
                {
                    "text": "Chains",
                    "box": [
                        173,
                        443,
                        213,
                        455
                    ]
                },
                {
                    "text": "Headquartered",
                    "box": [
                        213,
                        443,
                        289,
                        457
                    ]
                },
                {
                    "text": "within",
                    "box": [
                        291,
                        443,
                        325,
                        456
                    ]
                },
                {
                    "text": "the",
                    "box": [
                        326,
                        444,
                        343,
                        456
                    ]
                },
                {
                    "text": "Region",
                    "box": [
                        346,
                        443,
                        380,
                        457
                    ]
                },
                {
                    "text": "(15+",
                    "box": [
                        67,
                        457,
                        93,
                        468
                    ]
                },
                {
                    "text": "Stores)",
                    "box": [
                        96,
                        458,
                        130,
                        469
                    ]
                },
                {
                    "text": "Stocking",
                    "box": [
                        134,
                        456,
                        177,
                        468
                    ]
                },
                {
                    "text": "No",
                    "box": [
                        178,
                        457,
                        193,
                        468
                    ]
                },
                {
                    "text": "Maverick",
                    "box": [
                        195,
                        456,
                        245,
                        468
                    ]
                },
                {
                    "text": "Specials",
                    "box": [
                        248,
                        458,
                        290,
                        468
                    ]
                }
            ]
        },
        {
            "text": "Name of Account",
            "box": [
                80,
                482,
                173,
                497
            ],
            "linking": [
                [
                    43,
                    49
                ],
                [
                    43,
                    50
                ]
            ],
            "label": "question",
            "words": [
                {
                    "text": "Name",
                    "box": [
                        80,
                        485,
                        112,
                        495
                    ]
                },
                {
                    "text": "of",
                    "box": [
                        116,
                        482,
                        131,
                        493
                    ]
                },
                {
                    "text": "Account",
                    "box": [
                        131,
                        486,
                        173,
                        497
                    ]
                }
            ]
        },
        {
            "text": "Ind/ Lor Volume",
            "box": [
                206,
                478,
                249,
                505
            ],
            "linking": [
                [
                    44,
                    51
                ],
                [
                    44,
                    52
                ]
            ],
            "label": "question",
            "words": [
                {
                    "text": "Ind/",
                    "box": [
                        207,
                        478,
                        227,
                        487
                    ]
                },
                {
                    "text": "Lor",
                    "box": [
                        228,
                        479,
                        249,
                        488
                    ]
                },
                {
                    "text": "Volume",
                    "box": [
                        206,
                        492,
                        245,
                        505
                    ]
                }
            ]
        },
        {
            "text": "Number of Stores",
            "box": [
                272,
                475,
                331,
                505
            ],
            "linking": [
                [
                    45,
                    16
                ],
                [
                    45,
                    17
                ]
            ],
            "label": "question",
            "words": [
                {
                    "text": "Number",
                    "box": [
                        272,
                        475,
                        316,
                        488
                    ]
                },
                {
                    "text": "of",
                    "box": [
                        317,
                        478,
                        331,
                        488
                    ]
                },
                {
                    "text": "Stores",
                    "box": [
                        285,
                        494,
                        318,
                        505
                    ]
                }
            ]
        },
        {
            "text": "Name of Account",
            "box": [
                369,
                481,
                459,
                497
            ],
            "linking": [],
            "label": "question",
            "words": [
                {
                    "text": "Name",
                    "box": [
                        369,
                        481,
                        400,
                        496
                    ]
                },
                {
                    "text": "of",
                    "box": [
                        402,
                        481,
                        415,
                        494
                    ]
                },
                {
                    "text": "Account",
                    "box": [
                        419,
                        486,
                        459,
                        497
                    ]
                }
            ]
        },
        {
            "text": "Ind/ Lor Volume",
            "box": [
                494,
                472,
                537,
                503
            ],
            "linking": [],
            "label": "question",
            "words": [
                {
                    "text": "Ind/",
                    "box": [
                        494,
                        472,
                        517,
                        486
                    ]
                },
                {
                    "text": "Lor",
                    "box": [
                        517,
                        475,
                        537,
                        487
                    ]
                },
                {
                    "text": "Volume",
                    "box": [
                        499,
                        490,
                        533,
                        503
                    ]
                }
            ]
        },
        {
            "text": "Number of Stores",
            "box": [
                563,
                477,
                619,
                505
            ],
            "linking": [],
            "label": "question",
            "words": [
                {
                    "text": "Number",
                    "box": [
                        563,
                        477,
                        607,
                        488
                    ]
                },
                {
                    "text": "of",
                    "box": [
                        609,
                        477,
                        619,
                        487
                    ]
                },
                {
                    "text": "Stores",
                    "box": [
                        575,
                        492,
                        610,
                        505
                    ]
                }
            ]
        },
        {
            "text": "Meijer Gas",
            "box": [
                68,
                510,
                123,
                524
            ],
            "linking": [
                [
                    43,
                    49
                ]
            ],
            "label": "answer",
            "words": [
                {
                    "text": "Meijer",
                    "box": [
                        68,
                        510,
                        102,
                        521
                    ]
                },
                {
                    "text": "Gas",
                    "box": [
                        104,
                        510,
                        123,
                        524
                    ]
                }
            ]
        },
        {
            "text": "Ultra Diamond",
            "box": [
                69,
                531,
                141,
                544
            ],
            "linking": [
                [
                    43,
                    50
                ]
            ],
            "label": "answer",
            "words": [
                {
                    "text": "Ultra",
                    "box": [
                        69,
                        532,
                        94,
                        544
                    ]
                },
                {
                    "text": "Diamond",
                    "box": [
                        98,
                        531,
                        141,
                        544
                    ]
                }
            ]
        },
        {
            "text": "245/ 19",
            "box": [
                208,
                509,
                245,
                521
            ],
            "linking": [
                [
                    44,
                    51
                ]
            ],
            "label": "answer",
            "words": [
                {
                    "text": "245/",
                    "box": [
                        208,
                        509,
                        229,
                        520
                    ]
                },
                {
                    "text": "19",
                    "box": [
                        231,
                        509,
                        245,
                        521
                    ]
                }
            ]
        },
        {
            "text": "223/ 25",
            "box": [
                207,
                532,
                244,
                543
            ],
            "linking": [
                [
                    44,
                    52
                ]
            ],
            "label": "answer",
            "words": [
                {
                    "text": "223/",
                    "box": [
                        207,
                        532,
                        231,
                        543
                    ]
                },
                {
                    "text": "25",
                    "box": [
                        231,
                        532,
                        244,
                        541
                    ]
                }
            ]
        },
        {
            "text": "Direct Accounts and Chains Headquartered Outside the Region (15+ Stores Stocking No Maverick Specials",
            "box": [
                68,
                698,
                389,
                724
            ],
            "linking": [],
            "label": "other",
            "words": [
                {
                    "text": "Direct",
                    "box": [
                        69,
                        699,
                        102,
                        709
                    ]
                },
                {
                    "text": "Accounts",
                    "box": [
                        105,
                        700,
                        152,
                        710
                    ]
                },
                {
                    "text": "and",
                    "box": [
                        153,
                        702,
                        175,
                        710
                    ]
                },
                {
                    "text": "Chains",
                    "box": [
                        177,
                        698,
                        210,
                        709
                    ]
                },
                {
                    "text": "Headquartered",
                    "box": [
                        215,
                        698,
                        290,
                        710
                    ]
                },
                {
                    "text": "Outside",
                    "box": [
                        294,
                        700,
                        331,
                        709
                    ]
                },
                {
                    "text": "the",
                    "box": [
                        334,
                        700,
                        353,
                        710
                    ]
                },
                {
                    "text": "Region",
                    "box": [
                        355,
                        699,
                        389,
                        711
                    ]
                },
                {
                    "text": "(15+",
                    "box": [
                        68,
                        709,
                        93,
                        724
                    ]
                },
                {
                    "text": "Stores",
                    "box": [
                        96,
                        711,
                        131,
                        724
                    ]
                },
                {
                    "text": "Stocking",
                    "box": [
                        132,
                        711,
                        177,
                        722
                    ]
                },
                {
                    "text": "No",
                    "box": [
                        180,
                        711,
                        194,
                        722
                    ]
                },
                {
                    "text": "Maverick",
                    "box": [
                        196,
                        711,
                        244,
                        723
                    ]
                },
                {
                    "text": "Specials",
                    "box": [
                        249,
                        711,
                        289,
                        724
                    ]
                }
            ]
        },
        {
            "text": "Name of Account",
            "box": [
                84,
                739,
                173,
                750
            ],
            "linking": [],
            "label": "question",
            "words": [
                {
                    "text": "Name",
                    "box": [
                        84,
                        739,
                        117,
                        749
                    ]
                },
                {
                    "text": "of",
                    "box": [
                        119,
                        739,
                        131,
                        749
                    ]
                },
                {
                    "text": "Account",
                    "box": [
                        132,
                        740,
                        173,
                        750
                    ]
                }
            ]
        },
        {
            "text": "Ind/ Lor Volume",
            "box": [
                205,
                732,
                248,
                757
            ],
            "linking": [],
            "label": "question",
            "words": [
                {
                    "text": "Ind/",
                    "box": [
                        205,
                        732,
                        228,
                        742
                    ]
                },
                {
                    "text": "Lor",
                    "box": [
                        228,
                        733,
                        248,
                        743
                    ]
                },
                {
                    "text": "Volume",
                    "box": [
                        207,
                        746,
                        243,
                        757
                    ]
                }
            ]
        },
        {
            "text": "Number of Stores",
            "box": [
                273,
                731,
                331,
                760
            ],
            "linking": [],
            "label": "question",
            "words": [
                {
                    "text": "Number",
                    "box": [
                        273,
                        731,
                        315,
                        742
                    ]
                },
                {
                    "text": "of",
                    "box": [
                        318,
                        733,
                        331,
                        742
                    ]
                },
                {
                    "text": "Stores",
                    "box": [
                        289,
                        749,
                        321,
                        760
                    ]
                }
            ]
        },
        {
            "text": "Name of Account",
            "box": [
                373,
                738,
                460,
                749
            ],
            "linking": [],
            "label": "question",
            "words": [
                {
                    "text": "Name",
                    "box": [
                        373,
                        740,
                        403,
                        749
                    ]
                },
                {
                    "text": "of",
                    "box": [
                        404,
                        738,
                        415,
                        749
                    ]
                },
                {
                    "text": "Account",
                    "box": [
                        419,
                        741,
                        460,
                        749
                    ]
                }
            ]
        },
        {
            "text": "Ind/ Lor Volume",
            "box": [
                497,
                730,
                539,
                755
            ],
            "linking": [],
            "label": "question",
            "words": [
                {
                    "text": "Ind/",
                    "box": [
                        497,
                        730,
                        519,
                        742
                    ]
                },
                {
                    "text": "Lor",
                    "box": [
                        520,
                        733,
                        539,
                        742
                    ]
                },
                {
                    "text": "Volume",
                    "box": [
                        499,
                        744,
                        539,
                        755
                    ]
                }
            ]
        },
        {
            "text": "Number of Stores",
            "box": [
                563,
                731,
                620,
                756
            ],
            "linking": [],
            "label": "question",
            "words": [
                {
                    "text": "Number",
                    "box": [
                        563,
                        732,
                        605,
                        744
                    ]
                },
                {
                    "text": "of",
                    "box": [
                        607,
                        731,
                        620,
                        742
                    ]
                },
                {
                    "text": "Stores",
                    "box": [
                        574,
                        747,
                        608,
                        756
                    ]
                }
            ]
        },
        {
            "text": "",
            "box": [
                68,
                952,
                146,
                960
            ],
            "linking": [],
            "label": "other",
            "words": [
                {
                    "text": "",
                    "box": [
                        68,
                        952,
                        82,
                        960
                    ]
                },
                {
                    "text": "",
                    "box": [
                        85,
                        954,
                        117,
                        960
                    ]
                },
                {
                    "text": "",
                    "box": [
                        119,
                        952,
                        132,
                        960
                    ]
                },
                {
                    "text": "",
                    "box": [
                        131,
                        953,
                        146,
                        960
                    ]
                }
            ]
        },
        {
            "text": "Page 1 of 3",
            "box": [
                621,
                949,
                662,
                959
            ],
            "linking": [],
            "label": "other",
            "words": [
                {
                    "text": "Page",
                    "box": [
                        621,
                        950,
                        638,
                        959
                    ]
                },
                {
                    "text": "1",
                    "box": [
                        640,
                        949,
                        647,
                        959
                    ]
                },
                {
                    "text": "of",
                    "box": [
                        646,
                        952,
                        654,
                        959
                    ]
                },
                {
                    "text": "3",
                    "box": [
                        655,
                        949,
                        662,
                        958
                    ]
                }
            ]
        }
    ]
}