{
    "form": [
        {
            "box": [
                22,
                87,
                40,
                98
            ],
            "text": "TO:",
            "label": "question",
            "words": [
                {
                    "box": [
                        22,
                        87,
                        40,
                        98
                    ],
                    "text": "TO:"
                }
            ],
            "linking": [
                [
                    0,
                    2
                ]
            ]
        },
        {
            "box": [
                22,
                112,
                57,
                125
            ],
            "text": "FROM:",
            "label": "question",
            "words": [
                {
                    "box": [
                        22,
                        112,
                        57,
                        125
                    ],
                    "text": "FROM:"
                }
            ],
            "linking": [
                [
                    1,
                    3
                ]
            ]
        },
        {
            "box": [
                142,
                85,
                189,
                99
            ],
            "text": "S.P. Zolot",
            "label": "answer",
            "words": [
                {
                    "box": [
                        142,
                        85,
                        189,
                        99
                    ],
                    "text": "S.P. Zolot"
                }
            ],
            "linking": [
                [
                    0,
                    2
                ]
            ]
        },
        {
            "box": [
                142,
                112,
                192,
                125
            ],
            "text": "C.J. Leiker",
            "label": "answer",
            "words": [
                {
                    "box": [
                        142,
                        112,
                        192,
                        125
                    ],
                    "text": "C.J. Leiker"
                }
            ],
            "linking": [
                [
                    1,
                    3
                ]
            ]
        },
        {
            "box": [
                550,
                142,
                561,
                155
            ],
            "text": "☑",
            "label": "answer",
            "words": [
                {
                    "box": [
                        550,
                        142,
                        561,
                        155
                    ],
                    "text": "☑"
                }
            ],
            "linking": [
                [
                    34,
                    4
                ]
            ]
        },
        {
            "box": [
                22,
                165,
                72,
                178
            ],
            "text": "SUBJECT:",
            "label": "question",
            "words": [
                {
                    "box": [
                        22,
                        165,
                        72,
                        178
                    ],
                    "text": "SUBJECT:"
                }
            ],
            "linking": [
                [
                    5,
                    36
                ]
            ]
        },
        {
            "box": [
                122,
                191,
                189,
                204
            ],
            "text": "GEOGRAPHY",
            "label": "header",
            "words": [
                {
                    "box": [
                        122,
                        191,
                        189,
                        204
                    ],
                    "text": "GEOGRAPHY"
                }
            ],
            "linking": []
        },
        {
            "box": [
                21,
                216,
                67,
                229
            ],
            "text": "REGION:",
            "label": "header",
            "words": [
                {
                    "box": [
                        21,
                        216,
                        67,
                        229
                    ],
                    "text": "REGION:"
                }
            ],
            "linking": [
                [
                    7,
                    9
                ],
                [
                    7,
                    11
                ]
            ]
        },
        {
            "box": [
                22,
                268,
                71,
                281
            ],
            "text": "DIVISION:",
            "label": "header",
            "words": [
                {
                    "box": [
                        22,
                        268,
                        71,
                        281
                    ],
                    "text": "DIVISION:"
                }
            ],
            "linking": [
                [
                    8,
                    12
                ],
                [
                    8,
                    13
                ]
            ]
        },
        {
            "box": [
                215,
                216,
                242,
                229
            ],
            "text": "FULL",
            "label": "question",
            "words": [
                {
                    "box": [
                        215,
                        216,
                        242,
                        229
                    ],
                    "text": "FULL"
                }
            ],
            "linking": [
                [
                    9,
                    10
                ],
                [
                    7,
                    9
                ]
            ]
        },
        {
            "box": [
                264,
                216,
                274,
                227
            ],
            "text": "x",
            "label": "answer",
            "words": [
                {
                    "box": [
                        264,
                        216,
                        274,
                        227
                    ],
                    "text": "x"
                }
            ],
            "linking": [
                [
                    9,
                    10
                ]
            ]
        },
        {
            "box": [
                422,
                216,
                467,
                230
            ],
            "text": "PARTIAL",
            "label": "question",
            "words": [
                {
                    "box": [
                        422,
                        216,
                        467,
                        230
                    ],
                    "text": "PARTIAL"
                }
            ],
            "linking": [
                [
                    7,
                    11
                ]
            ]
        },
        {
            "box": [
                215,
                268,
                242,
                281
            ],
            "text": "FULL",
            "label": "question",
            "words": [
                {
                    "box": [
                        215,
                        268,
                        242,
                        281
                    ],
                    "text": "FULL"
                }
            ],
            "linking": [
                [
                    8,
                    12
                ]
            ]
        },
        {
            "box": [
                422,
                270,
                467,
                280
            ],
            "text": "PARTIAL",
            "label": "question",
            "words": [
                {
                    "box": [
                        422,
                        270,
                        467,
                        280
                    ],
                    "text": "PARTIAL"
                }
            ],
            "linking": [
                [
                    8,
                    13
                ]
            ]
        },
        {
            "box": [
                243,
                453,
                260,
                464
            ],
            "text": "23",
            "label": "answer",
            "words": [
                {
                    "box": [
                        243,
                        453,
                        260,
                        464
                    ],
                    "text": "23"
                }
            ],
            "linking": [
                [
                    50,
                    14
                ]
            ]
        },
        {
            "box": [
                244,
                472,
                257,
                483
            ],
            "text": "21",
            "label": "answer",
            "words": [
                {
                    "box": [
                        244,
                        472,
                        257,
                        483
                    ],
                    "text": "21"
                }
            ],
            "linking": [
                [
                    50,
                    15
                ]
            ]
        },
        {
            "box": [
                246,
                492,
                261,
                503
            ],
            "text": "15",
            "label": "answer",
            "words": [
                {
                    "box": [
                        246,
                        492,
                        261,
                        503
                    ],
                    "text": "15"
                }
            ],
            "linking": [
                [
                    50,
                    16
                ]
            ]
        },
        {
            "box": [
                246,
                510,
                260,
                520
            ],
            "text": "17",
            "label": "answer",
            "words": [
                {
                    "box": [
                        246,
                        510,
                        260,
                        520
                    ],
                    "text": "17"
                }
            ],
            "linking": [
                [
                    50,
                    17
                ]
            ]
        },
        {
            "box": [
                246,
                528,
                261,
                541
            ],
            "text": "82",
            "label": "answer",
            "words": [
                {
                    "box": [
                        246,
                        528,
                        261,
                        541
                    ],
                    "text": "82"
                }
            ],
            "linking": [
                [
                    50,
                    18
                ]
            ]
        },
        {
            "box": [
                514,
                684,
                528,
                695
            ],
            "text": "25",
            "label": "answer",
            "words": [
                {
                    "box": [
                        514,
                        684,
                        528,
                        695
                    ],
                    "text": "25"
                }
            ],
            "linking": [
                [
                    70,
                    19
                ]
            ]
        },
        {
            "box": [
                244,
                686,
                261,
                696
            ],
            "text": "31",
            "label": "answer",
            "words": [
                {
                    "box": [
                        244,
                        686,
                        261,
                        696
                    ],
                    "text": "31"
                }
            ],
            "linking": [
                [
                    67,
                    20
                ]
            ]
        },
        {
            "box": [
                246,
                704,
                261,
                715
            ],
            "text": "17",
            "label": "answer",
            "words": [
                {
                    "box": [
                        246,
                        704,
                        261,
                        715
                    ],
                    "text": "17"
                }
            ],
            "linking": [
                [
                    67,
                    21
                ]
            ]
        },
        {
            "box": [
                246,
                722,
                261,
                735
            ],
            "text": "15",
            "label": "answer",
            "words": [
                {
                    "box": [
                        246,
                        722,
                        261,
                        735
                    ],
                    "text": "15"
                }
            ],
            "linking": [
                [
                    67,
                    22
                ]
            ]
        },
        {
            "box": [
                244,
                742,
                262,
                753
            ],
            "text": "39",
            "label": "answer",
            "words": [
                {
                    "box": [
                        244,
                        742,
                        262,
                        753
                    ],
                    "text": "39"
                }
            ],
            "linking": [
                [
                    67,
                    23
                ]
            ]
        },
        {
            "box": [
                246,
                761,
                261,
                772
            ],
            "text": "25",
            "label": "answer",
            "words": [
                {
                    "box": [
                        246,
                        761,
                        261,
                        772
                    ],
                    "text": "25"
                }
            ],
            "linking": [
                [
                    67,
                    24
                ]
            ]
        },
        {
            "box": [
                244,
                779,
                264,
                790
            ],
            "text": "460",
            "label": "answer",
            "words": [
                {
                    "box": [
                        244,
                        779,
                        264,
                        790
                    ],
                    "text": "460"
                }
            ],
            "linking": [
                [
                    67,
                    25
                ]
            ]
        },
        {
            "box": [
                247,
                797,
                262,
                808
            ],
            "text": "79",
            "label": "answer",
            "words": [
                {
                    "box": [
                        247,
                        797,
                        262,
                        808
                    ],
                    "text": "79"
                }
            ],
            "linking": [
                [
                    67,
                    26
                ]
            ]
        },
        {
            "box": [
                247,
                817,
                261,
                828
            ],
            "text": "17",
            "label": "answer",
            "words": [
                {
                    "box": [
                        247,
                        817,
                        261,
                        828
                    ],
                    "text": "17"
                }
            ],
            "linking": [
                [
                    67,
                    27
                ]
            ]
        },
        {
            "box": [
                246,
                835,
                267,
                849
            ],
            "text": "112",
            "label": "answer",
            "words": [
                {
                    "box": [
                        246,
                        835,
                        267,
                        849
                    ],
                    "text": "112"
                }
            ],
            "linking": [
                [
                    67,
                    28
                ]
            ]
        },
        {
            "box": [
                45,
                930,
                108,
                943
            ],
            "text": "MAVPROG.XLS",
            "label": "other",
            "words": [
                {
                    "box": [
                        45,
                        930,
                        108,
                        943
                    ],
                    "text": "MAVPROG.XLS"
                }
            ],
            "linking": []
        },
        {
            "box": [
                677,
                781,
                697,
                889
            ],
            "text": "81619511",
            "label": "other",
            "words": [
                {
                    "box": [
                        677,
                        781,
                        697,
                        889
                    ],
                    "text": "81619511"
                }
            ],
            "linking": []
        },
        {
            "text": "SUBMISSION DATE",
            "box": [
                458,
                87,
                554,
                100
            ],
            "linking": [
                [
                    31,
                    32
                ],
                [
                    31,
                    35
                ],
                [
                    31,
                    33
                ],
                [
                    31,
                    34
                ]
            ],
            "label": "header",
            "words": [
                {
                    "text": "SUBMISSION",
                    "box": [
                        458,
                        87,
                        524,
                        100
                    ]
                },
                {
                    "text": "DATE",
                    "box": [
                        525,
                        88,
                        554,
                        99
                    ]
                }
            ]
        },
        {
            "text": "MAY 19",
            "box": [
                381,
                113,
                421,
                124
            ],
            "linking": [
                [
                    31,
                    32
                ]
            ],
            "label": "question",
            "words": [
                {
                    "text": "MAY",
                    "box": [
                        381,
                        113,
                        406,
                        124
                    ]
                },
                {
                    "text": "19",
                    "box": [
                        408,
                        113,
                        421,
                        124
                    ]
                }
            ]
        },
        {
            "text": "AUG 11",
            "box": [
                508,
                113,
                547,
                126
            ],
            "linking": [
                [
                    31,
                    33
                ]
            ],
            "label": "question",
            "words": [
                {
                    "text": "AUG",
                    "box": [
                        508,
                        113,
                        532,
                        126
                    ]
                },
                {
                    "text": "11",
                    "box": [
                        534,
                        113,
                        547,
                        124
                    ]
                }
            ]
        },
        {
            "text": "SEP 22",
            "box": [
                511,
                140,
                547,
                151
            ],
            "linking": [
                [
                    31,
                    34
                ],
                [
                    34,
                    4
                ]
            ],
            "label": "question",
            "words": [
                {
                    "text": "SEP",
                    "box": [
                        511,
                        140,
                        532,
                        150
                    ]
                },
                {
                    "text": "22",
                    "box": [
                        534,
                        140,
                        547,
                        151
                    ]
                }
            ]
        },
        {
            "text": "JUN 30",
            "box": [
                385,
                138,
                419,
                149
            ],
            "linking": [
                [
                    31,
                    35
                ]
            ],
            "label": "question",
            "words": [
                {
                    "text": "JUN",
                    "box": [
                        385,
                        138,
                        406,
                        149
                    ]
                },
                {
                    "text": "30",
                    "box": [
                        408,
                        138,
                        419,
                        149
                    ]
                }
            ]
        },
        {
            "text": "MAVERICK SPECIALS MENTHOL- PROGRESS REPORT",
            "box": [
                144,
                165,
                421,
                178
            ],
            "linking": [
                [
                    5,
                    36
                ]
            ],
            "label": "answer",
            "words": [
                {
                    "text": "MAVERICK",
                    "box": [
                        144,
                        165,
                        198,
                        178
                    ]
                },
                {
                    "text": "SPECIALS",
                    "box": [
                        198,
                        165,
                        250,
                        178
                    ]
                },
                {
                    "text": "MENTHOL-",
                    "box": [
                        250,
                        165,
                        313,
                        178
                    ]
                },
                {
                    "text": "PROGRESS",
                    "box": [
                        317,
                        165,
                        374,
                        178
                    ]
                },
                {
                    "text": "REPORT",
                    "box": [
                        376,
                        165,
                        421,
                        178
                    ]
                }
            ]
        },
        {
            "text": "(ONLY PARTIAL REGION CONTINUE WITH DIVISION(S) SCOPE)",
            "box": [
                22,
                242,
                341,
                256
            ],
            "linking": [],
            "label": "question",
            "words": [
                {
                    "text": "(ONLY",
                    "box": [
                        22,
                        243,
                        54,
                        254
                    ]
                },
                {
                    "text": "",
                    "box": [
                        56,
                        243,
                        67,
                        253
                    ]
                },
                {
                    "text": "PARTIAL",
                    "box": [
                        67,
                        243,
                        110,
                        254
                    ]
                },
                {
                    "text": "REGION",
                    "box": [
                        112,
                        243,
                        154,
                        256
                    ]
                },
                {
                    "text": "CONTINUE",
                    "box": [
                        155,
                        243,
                        208,
                        254
                    ]
                },
                {
                    "text": "WITH",
                    "box": [
                        209,
                        243,
                        237,
                        254
                    ]
                },
                {
                    "text": "DIVISION(S)",
                    "box": [
                        239,
                        242,
                        298,
                        256
                    ]
                },
                {
                    "text": "SCOPE)",
                    "box": [
                        299,
                        243,
                        341,
                        256
                    ]
                }
            ]
        },
        {
            "text": "DIVISION NAME:",
            "box": [
                36,
                293,
                118,
                308
            ],
            "linking": [],
            "label": "question",
            "words": [
                {
                    "text": "DIVISION",
                    "box": [
                        36,
                        293,
                        82,
                        306
                    ]
                },
                {
                    "text": "NAME:",
                    "box": [
                        84,
                        295,
                        118,
                        308
                    ]
                }
            ]
        },
        {
            "text": "DIVISION NAME:",
            "box": [
                38,
                321,
                118,
                332
            ],
            "linking": [],
            "label": "question",
            "words": [
                {
                    "text": "DIVISION",
                    "box": [
                        38,
                        321,
                        83,
                        332
                    ]
                },
                {
                    "text": "NAME:",
                    "box": [
                        84,
                        321,
                        118,
                        332
                    ]
                }
            ]
        },
        {
            "text": "DIVISION NAME:",
            "box": [
                38,
                348,
                117,
                358
            ],
            "linking": [],
            "label": "question",
            "words": [
                {
                    "text": "DIVISION",
                    "box": [
                        38,
                        348,
                        84,
                        358
                    ]
                },
                {
                    "text": "NAME:",
                    "box": [
                        85,
                        348,
                        117,
                        358
                    ]
                }
            ]
        },
        {
            "text": "DIVISION NAME:",
            "box": [
                215,
                295,
                295,
                308
            ],
            "linking": [],
            "label": "question",
            "words": [
                {
                    "text": "DIVISION",
                    "box": [
                        215,
                        295,
                        261,
                        306
                    ]
                },
                {
                    "text": "NAME:",
                    "box": [
                        263,
                        295,
                        295,
                        308
                    ]
                }
            ]
        },
        {
            "text": "DIVISION NAME:",
            "box": [
                214,
                321,
                296,
                332
            ],
            "linking": [],
            "label": "question",
            "words": [
                {
                    "text": "DIVISION",
                    "box": [
                        214,
                        321,
                        263,
                        332
                    ]
                },
                {
                    "text": "NAME:",
                    "box": [
                        261,
                        321,
                        296,
                        332
                    ]
                }
            ]
        },
        {
            "text": "DIVISION NAME:",
            "box": [
                215,
                346,
                297,
                359
            ],
            "linking": [],
            "label": "question",
            "words": [
                {
                    "text": "DIVISION",
                    "box": [
                        215,
                        348,
                        261,
                        359
                    ]
                },
                {
                    "text": "NAME:",
                    "box": [
                        263,
                        346,
                        297,
                        359
                    ]
                }
            ]
        },
        {
            "text": "# REPS",
            "box": [
                423,
                295,
                461,
                308
            ],
            "linking": [],
            "label": "question",
            "words": [
                {
                    "text": "#",
                    "box": [
                        423,
                        295,
                        430,
                        308
                    ]
                },
                {
                    "text": "REPS",
                    "box": [
                        432,
                        295,
                        461,
                        308
                    ]
                }
            ]
        },
        {
            "text": "# REPS",
            "box": [
                422,
                320,
                460,
                334
            ],
            "linking": [],
            "label": "question",
            "words": [
                {
                    "text": "#",
                    "box": [
                        422,
                        320,
                        430,
                        333
                    ]
                },
                {
                    "text": "REPS",
                    "box": [
                        432,
                        320,
                        460,
                        334
                    ]
                }
            ]
        },
        {
            "text": "# REPS",
            "box": [
                423,
                346,
                460,
                361
            ],
            "linking": [],
            "label": "question",
            "words": [
                {
                    "text": "#",
                    "box": [
                        423,
                        346,
                        430,
                        359
                    ]
                },
                {
                    "text": "REPS",
                    "box": [
                        432,
                        346,
                        460,
                        361
                    ]
                }
            ]
        },
        {
            "text": "DISTRIBUTION DIRECT ACCOUNTS AND CHAINS HEADQUARTERED WITHIN THE REGION (15+ STORES) STOCKING NO MAVERICK SPECIALS MENTHOL",
            "box": [
                22,
                374,
                388,
                422
            ],
            "linking": [],
            "label": "header",
            "words": [
                {
                    "text": "DISTRIBUTION",
                    "box": [
                        119,
                        374,
                        192,
                        385
                    ]
                },
                {
                    "text": "DIRECT",
                    "box": [
                        25,
                        395,
                        64,
                        405
                    ]
                },
                {
                    "text": "ACCOUNTS",
                    "box": [
                        66,
                        395,
                        125,
                        406
                    ]
                },
                {
                    "text": "AND",
                    "box": [
                        124,
                        395,
                        146,
                        408
                    ]
                },
                {
                    "text": "CHAINS",
                    "box": [
                        148,
                        394,
                        187,
                        408
                    ]
                },
                {
                    "text": "HEADQUARTERED",
                    "box": [
                        190,
                        394,
                        282,
                        408
                    ]
                },
                {
                    "text": "WITHIN",
                    "box": [
                        282,
                        394,
                        321,
                        408
                    ]
                },
                {
                    "text": "THE",
                    "box": [
                        323,
                        394,
                        344,
                        408
                    ]
                },
                {
                    "text": "REGION",
                    "box": [
                        346,
                        394,
                        388,
                        408
                    ]
                },
                {
                    "text": "(15+",
                    "box": [
                        22,
                        409,
                        44,
                        422
                    ]
                },
                {
                    "text": "STORES)",
                    "box": [
                        46,
                        408,
                        92,
                        422
                    ]
                },
                {
                    "text": "STOCKING",
                    "box": [
                        94,
                        408,
                        148,
                        421
                    ]
                },
                {
                    "text": "NO",
                    "box": [
                        148,
                        409,
                        165,
                        419
                    ]
                },
                {
                    "text": "MAVERICK",
                    "box": [
                        165,
                        408,
                        221,
                        421
                    ]
                },
                {
                    "text": "SPECIALS",
                    "box": [
                        221,
                        408,
                        273,
                        418
                    ]
                },
                {
                    "text": "MENTHOL",
                    "box": [
                        272,
                        408,
                        324,
                        422
                    ]
                }
            ]
        },
        {
            "text": "NAME OF ACCOUNT",
            "box": [
                31,
                433,
                134,
                447
            ],
            "linking": [
                [
                    48,
                    59
                ],
                [
                    48,
                    60
                ],
                [
                    48,
                    61
                ],
                [
                    48,
                    62
                ],
                [
                    48,
                    63
                ]
            ],
            "label": "question",
            "words": [
                {
                    "text": "NAME",
                    "box": [
                        31,
                        434,
                        63,
                        447
                    ]
                },
                {
                    "text": "OF",
                    "box": [
                        64,
                        433,
                        81,
                        446
                    ]
                },
                {
                    "text": "ACCOUNT",
                    "box": [
                        82,
                        433,
                        134,
                        447
                    ]
                }
            ]
        },
        {
            "text": "IND. LOR VOLUME",
            "box": [
                156,
                419,
                203,
                447
            ],
            "linking": [
                [
                    49,
                    54
                ],
                [
                    49,
                    55
                ],
                [
                    49,
                    56
                ],
                [
                    49,
                    57
                ],
                [
                    49,
                    58
                ]
            ],
            "label": "question",
            "words": [
                {
                    "text": "IND.",
                    "box": [
                        156,
                        422,
                        178,
                        433
                    ]
                },
                {
                    "text": "LOR",
                    "box": [
                        177,
                        419,
                        199,
                        433
                    ]
                },
                {
                    "text": "VOLUME",
                    "box": [
                        158,
                        434,
                        203,
                        447
                    ]
                }
            ]
        },
        {
            "text": "NO. OF STORES",
            "box": [
                222,
                422,
                267,
                447
            ],
            "linking": [
                [
                    50,
                    14
                ],
                [
                    50,
                    15
                ],
                [
                    50,
                    16
                ],
                [
                    50,
                    17
                ],
                [
                    50,
                    18
                ]
            ],
            "label": "question",
            "words": [
                {
                    "text": "NO.",
                    "box": [
                        222,
                        422,
                        243,
                        432
                    ]
                },
                {
                    "text": "OF",
                    "box": [
                        247,
                        422,
                        264,
                        432
                    ]
                },
                {
                    "text": "STORES",
                    "box": [
                        225,
                        434,
                        267,
                        447
                    ]
                }
            ]
        },
        {
            "text": "NAME OF ACCOUNT",
            "box": [
                304,
                433,
                408,
                448
            ],
            "linking": [],
            "label": "question",
            "words": [
                {
                    "text": "NAME",
                    "box": [
                        304,
                        433,
                        336,
                        448
                    ]
                },
                {
                    "text": "OF",
                    "box": [
                        337,
                        433,
                        352,
                        446
                    ]
                },
                {
                    "text": "ACCOUNT",
                    "box": [
                        355,
                        434,
                        408,
                        448
                    ]
                }
            ]
        },
        {
            "text": "IND VOLUME",
            "box": [
                432,
                420,
                478,
                447
            ],
            "linking": [],
            "label": "question",
            "words": [
                {
                    "text": "IND",
                    "box": [
                        434,
                        422,
                        455,
                        432
                    ]
                },
                {
                    "text": "",
                    "box": [
                        453,
                        420,
                        478,
                        433
                    ]
                },
                {
                    "text": "VOLUME",
                    "box": [
                        432,
                        434,
                        478,
                        447
                    ]
                }
            ]
        },
        {
            "text": "NO. OF STORES",
            "box": [
                497,
                422,
                542,
                447
            ],
            "linking": [],
            "label": "question",
            "words": [
                {
                    "text": "NO.",
                    "box": [
                        497,
                        422,
                        517,
                        433
                    ]
                },
                {
                    "text": "OF",
                    "box": [
                        521,
                        422,
                        539,
                        432
                    ]
                },
                {
                    "text": "STORES",
                    "box": [
                        497,
                        434,
                        542,
                        447
                    ]
                }
            ]
        },
        {
            "text": "139/ 27",
            "box": [
                161,
                453,
                198,
                466
            ],
            "linking": [
                [
                    49,
                    54
                ]
            ],
            "label": "answer",
            "words": [
                {
                    "text": "139/",
                    "box": [
                        161,
                        453,
                        183,
                        466
                    ]
                },
                {
                    "text": "27",
                    "box": [
                        184,
                        453,
                        198,
                        466
                    ]
                }
            ]
        },
        {
            "text": "202/ 22",
            "box": [
                163,
                472,
                196,
                485
            ],
            "linking": [
                [
                    49,
                    55
                ]
            ],
            "label": "answer",
            "words": [
                {
                    "text": "202/",
                    "box": [
                        163,
                        472,
                        183,
                        485
                    ]
                },
                {
                    "text": "22",
                    "box": [
                        182,
                        473,
                        196,
                        483
                    ]
                }
            ]
        },
        {
            "text": "126/ 26",
            "box": [
                161,
                492,
                198,
                505
            ],
            "linking": [
                [
                    49,
                    56
                ]
            ],
            "label": "answer",
            "words": [
                {
                    "text": "126/",
                    "box": [
                        161,
                        492,
                        185,
                        505
                    ]
                },
                {
                    "text": "26",
                    "box": [
                        184,
                        492,
                        198,
                        505
                    ]
                }
            ]
        },
        {
            "text": "176/ 13",
            "box": [
                161,
                508,
                199,
                522
            ],
            "linking": [
                [
                    49,
                    57
                ]
            ],
            "label": "answer",
            "words": [
                {
                    "text": "176/",
                    "box": [
                        161,
                        508,
                        185,
                        522
                    ]
                },
                {
                    "text": "13",
                    "box": [
                        186,
                        510,
                        199,
                        521
                    ]
                }
            ]
        },
        {
            "text": "98/ 17",
            "box": [
                163,
                528,
                197,
                542
            ],
            "linking": [
                [
                    49,
                    58
                ]
            ],
            "label": "answer",
            "words": [
                {
                    "text": "98/",
                    "box": [
                        163,
                        528,
                        181,
                        542
                    ]
                },
                {
                    "text": "17",
                    "box": [
                        183,
                        528,
                        197,
                        541
                    ]
                }
            ]
        },
        {
            "text": "Chatham Oil (311- 01)",
            "box": [
                22,
                453,
                121,
                467
            ],
            "linking": [
                [
                    48,
                    59
                ]
            ],
            "label": "answer",
            "words": [
                {
                    "text": "Chatham",
                    "box": [
                        22,
                        454,
                        65,
                        465
                    ]
                },
                {
                    "text": "Oil",
                    "box": [
                        67,
                        453,
                        81,
                        467
                    ]
                },
                {
                    "text": "(311-",
                    "box": [
                        82,
                        454,
                        106,
                        465
                    ]
                },
                {
                    "text": "01)",
                    "box": [
                        106,
                        454,
                        121,
                        465
                    ]
                }
            ]
        },
        {
            "text": "Express Stop (309- 30)",
            "box": [
                22,
                472,
                126,
                487
            ],
            "linking": [
                [
                    48,
                    60
                ]
            ],
            "label": "answer",
            "words": [
                {
                    "text": "Express",
                    "box": [
                        22,
                        472,
                        61,
                        486
                    ]
                },
                {
                    "text": "Stop",
                    "box": [
                        63,
                        472,
                        84,
                        486
                    ]
                },
                {
                    "text": "(309-",
                    "box": [
                        87,
                        472,
                        111,
                        487
                    ]
                },
                {
                    "text": "30)",
                    "box": [
                        109,
                        472,
                        126,
                        485
                    ]
                }
            ]
        },
        {
            "text": "Fowlers Oil (308 -21)",
            "box": [
                22,
                490,
                117,
                506
            ],
            "linking": [
                [
                    48,
                    61
                ]
            ],
            "label": "answer",
            "words": [
                {
                    "text": "Fowlers",
                    "box": [
                        22,
                        490,
                        60,
                        505
                    ]
                },
                {
                    "text": "Oil",
                    "box": [
                        61,
                        492,
                        76,
                        505
                    ]
                },
                {
                    "text": "(308",
                    "box": [
                        77,
                        492,
                        102,
                        506
                    ]
                },
                {
                    "text": "-21)",
                    "box": [
                        99,
                        492,
                        117,
                        503
                    ]
                }
            ]
        },
        {
            "text": "Petro Express (313- 07)",
            "box": [
                24,
                508,
                130,
                525
            ],
            "linking": [
                [
                    48,
                    62
                ]
            ],
            "label": "answer",
            "words": [
                {
                    "text": "Petro",
                    "box": [
                        24,
                        508,
                        48,
                        525
                    ]
                },
                {
                    "text": "Express",
                    "box": [
                        50,
                        510,
                        88,
                        525
                    ]
                },
                {
                    "text": "(313-",
                    "box": [
                        89,
                        510,
                        114,
                        523
                    ]
                },
                {
                    "text": "07)",
                    "box": [
                        112,
                        508,
                        130,
                        522
                    ]
                }
            ]
        },
        {
            "text": "Service Dist. (313- 12)",
            "box": [
                24,
                528,
                123,
                542
            ],
            "linking": [
                [
                    48,
                    63
                ]
            ],
            "label": "answer",
            "words": [
                {
                    "text": "Service",
                    "box": [
                        24,
                        528,
                        59,
                        539
                    ]
                },
                {
                    "text": "Dist.",
                    "box": [
                        60,
                        529,
                        81,
                        539
                    ]
                },
                {
                    "text": "(313-",
                    "box": [
                        82,
                        528,
                        107,
                        542
                    ]
                },
                {
                    "text": "12)",
                    "box": [
                        108,
                        529,
                        123,
                        542
                    ]
                }
            ]
        },
        {
            "text": "DIRECT ACCOUNTS AND CHAINS HEADQUARTERED OUTSIDE THE REGION (15+ STORES) STOCKING NO MAVERICK SPECIALS MENTHOL",
            "box": [
                22,
                623,
                401,
                653
            ],
            "linking": [],
            "label": "header",
            "words": [
                {
                    "text": "DIRECT",
                    "box": [
                        25,
                        624,
                        66,
                        639
                    ]
                },
                {
                    "text": "ACCOUNTS",
                    "box": [
                        66,
                        626,
                        125,
                        637
                    ]
                },
                {
                    "text": "AND",
                    "box": [
                        124,
                        626,
                        149,
                        641
                    ]
                },
                {
                    "text": "CHAINS",
                    "box": [
                        149,
                        623,
                        188,
                        638
                    ]
                },
                {
                    "text": "HEADQUARTERED",
                    "box": [
                        190,
                        624,
                        282,
                        639
                    ]
                },
                {
                    "text": "OUTSIDE",
                    "box": [
                        284,
                        623,
                        331,
                        638
                    ]
                },
                {
                    "text": "THE",
                    "box": [
                        330,
                        626,
                        355,
                        640
                    ]
                },
                {
                    "text": "REGION",
                    "box": [
                        359,
                        623,
                        401,
                        640
                    ]
                },
                {
                    "text": "(15+",
                    "box": [
                        22,
                        641,
                        47,
                        652
                    ]
                },
                {
                    "text": "STORES)",
                    "box": [
                        45,
                        640,
                        94,
                        653
                    ]
                },
                {
                    "text": "STOCKING",
                    "box": [
                        95,
                        640,
                        151,
                        651
                    ]
                },
                {
                    "text": "NO",
                    "box": [
                        149,
                        641,
                        166,
                        651
                    ]
                },
                {
                    "text": "MAVERICK",
                    "box": [
                        168,
                        640,
                        222,
                        651
                    ]
                },
                {
                    "text": "SPECIALS",
                    "box": [
                        219,
                        638,
                        272,
                        652
                    ]
                },
                {
                    "text": "MENTHOL",
                    "box": [
                        274,
                        638,
                        326,
                        651
                    ]
                }
            ]
        },
        {
            "text": "NAME OF ACCOUNT",
            "box": [
                32,
                663,
                136,
                680
            ],
            "linking": [
                [
                    65,
                    72
                ],
                [
                    65,
                    73
                ],
                [
                    65,
                    74
                ],
                [
                    65,
                    75
                ],
                [
                    65,
                    76
                ],
                [
                    65,
                    77
                ],
                [
                    65,
                    78
                ],
                [
                    65,
                    79
                ],
                [
                    65,
                    80
                ]
            ],
            "label": "question",
            "words": [
                {
                    "text": "NAME",
                    "box": [
                        32,
                        663,
                        66,
                        677
                    ]
                },
                {
                    "text": "OF",
                    "box": [
                        66,
                        663,
                        83,
                        678
                    ]
                },
                {
                    "text": "ACCOUNT",
                    "box": [
                        82,
                        665,
                        136,
                        680
                    ]
                }
            ]
        },
        {
            "text": "IND LOR VOLUME",
            "box": [
                156,
                652,
                201,
                679
            ],
            "linking": [],
            "label": "question",
            "words": [
                {
                    "text": "IND",
                    "box": [
                        158,
                        652,
                        179,
                        666
                    ]
                },
                {
                    "text": "LOR",
                    "box": [
                        179,
                        652,
                        201,
                        666
                    ]
                },
                {
                    "text": "VOLUME",
                    "box": [
                        156,
                        666,
                        201,
                        679
                    ]
                }
            ]
        },
        {
            "text": "NO. OF STORES",
            "box": [
                225,
                652,
                269,
                679
            ],
            "linking": [
                [
                    67,
                    20
                ],
                [
                    67,
                    21
                ],
                [
                    67,
                    22
                ],
                [
                    67,
                    23
                ],
                [
                    67,
                    24
                ],
                [
                    67,
                    25
                ],
                [
                    67,
                    26
                ],
                [
                    67,
                    27
                ],
                [
                    67,
                    28
                ]
            ],
            "label": "question",
            "words": [
                {
                    "text": "NO.",
                    "box": [
                        225,
                        652,
                        245,
                        665
                    ]
                },
                {
                    "text": "OF",
                    "box": [
                        250,
                        652,
                        267,
                        665
                    ]
                },
                {
                    "text": "STORES",
                    "box": [
                        226,
                        666,
                        269,
                        679
                    ]
                }
            ]
        },
        {
            "text": "NAME OF ACCOUNT",
            "box": [
                304,
                665,
                408,
                680
            ],
            "linking": [
                [
                    68,
                    71
                ]
            ],
            "label": "question",
            "words": [
                {
                    "text": "NAME",
                    "box": [
                        304,
                        666,
                        339,
                        679
                    ]
                },
                {
                    "text": "OF",
                    "box": [
                        338,
                        666,
                        353,
                        677
                    ]
                },
                {
                    "text": "ACCOUNT",
                    "box": [
                        355,
                        665,
                        408,
                        680
                    ]
                }
            ]
        },
        {
            "text": "IND LOR VOLUME",
            "box": [
                432,
                652,
                481,
                679
            ],
            "linking": [],
            "label": "question",
            "words": [
                {
                    "text": "IND",
                    "box": [
                        434,
                        652,
                        456,
                        666
                    ]
                },
                {
                    "text": "LOR",
                    "box": [
                        454,
                        654,
                        481,
                        665
                    ]
                },
                {
                    "text": "VOLUME",
                    "box": [
                        432,
                        665,
                        481,
                        679
                    ]
                }
            ]
        },
        {
            "text": "NO. OF STORES",
            "box": [
                499,
                652,
                543,
                679
            ],
            "linking": [
                [
                    70,
                    19
                ]
            ],
            "label": "question",
            "words": [
                {
                    "text": "NO.",
                    "box": [
                        499,
                        652,
                        517,
                        666
                    ]
                },
                {
                    "text": "OF",
                    "box": [
                        522,
                        652,
                        537,
                        666
                    ]
                },
                {
                    "text": "STORES",
                    "box": [
                        500,
                        666,
                        543,
                        679
                    ]
                }
            ]
        },
        {
            "text": "_7-Eleven ",
            "box": [
                291,
                683,
                373,
                700
            ],
            "linking": [
                [
                    68,
                    71
                ]
            ],
            "label": "answer",
            "words": [
                {
                    "text": "",
                    "box": [
                        291,
                        684,
                        297,
                        697
                    ]
                },
                {
                    "text": "",
                    "box": [
                        296,
                        684,
                        304,
                        697
                    ]
                },
                {
                    "text": "_7-Eleven",
                    "box": [
                        300,
                        684,
                        331,
                        698
                    ]
                },
                {
                    "text": "",
                    "box": [
                        332,
                        683,
                        356,
                        700
                    ]
                },
                {
                    "text": "",
                    "box": [
                        356,
                        684,
                        373,
                        697
                    ]
                }
            ]
        },
        {
            "text": "Coastal Mart (210- 06)",
            "box": [
                25,
                683,
                124,
                697
            ],
            "linking": [
                [
                    65,
                    72
                ]
            ],
            "label": "answer",
            "words": [
                {
                    "text": "Coastal",
                    "box": [
                        25,
                        684,
                        61,
                        695
                    ]
                },
                {
                    "text": "Mart",
                    "box": [
                        60,
                        684,
                        85,
                        697
                    ]
                },
                {
                    "text": "(210-",
                    "box": [
                        84,
                        683,
                        109,
                        697
                    ]
                },
                {
                    "text": "06)",
                    "box": [
                        106,
                        683,
                        124,
                        697
                    ]
                }
            ]
        },
        {
            "text": "Conoco (524- 10)",
            "box": [
                25,
                701,
                102,
                718
            ],
            "linking": [
                [
                    65,
                    73
                ]
            ],
            "label": "answer",
            "words": [
                {
                    "text": "Conoco",
                    "box": [
                        25,
                        703,
                        60,
                        717
                    ]
                },
                {
                    "text": "(524-",
                    "box": [
                        61,
                        703,
                        88,
                        718
                    ]
                },
                {
                    "text": "10)",
                    "box": [
                        87,
                        701,
                        102,
                        716
                    ]
                }
            ]
        },
        {
            "text": "Dairy Mart (417- 47)",
            "box": [
                25,
                719,
                116,
                739
            ],
            "linking": [
                [
                    65,
                    74
                ]
            ],
            "label": "answer",
            "words": [
                {
                    "text": "Dairy",
                    "box": [
                        25,
                        722,
                        49,
                        736
                    ]
                },
                {
                    "text": "Mart",
                    "box": [
                        49,
                        722,
                        74,
                        739
                    ]
                },
                {
                    "text": "(417-",
                    "box": [
                        74,
                        721,
                        99,
                        736
                    ]
                },
                {
                    "text": "47)",
                    "box": [
                        96,
                        719,
                        116,
                        733
                    ]
                }
            ]
        },
        {
            "text": "Emro (411- 07)",
            "box": [
                25,
                739,
                92,
                757
            ],
            "linking": [
                [
                    65,
                    75
                ]
            ],
            "label": "answer",
            "words": [
                {
                    "text": "Emro",
                    "box": [
                        25,
                        742,
                        52,
                        756
                    ]
                },
                {
                    "text": "(411-",
                    "box": [
                        50,
                        740,
                        72,
                        757
                    ]
                },
                {
                    "text": "07)",
                    "box": [
                        71,
                        739,
                        92,
                        757
                    ]
                }
            ]
        },
        {
            "text": "EZ Serve (810 76B)",
            "box": [
                25,
                758,
                116,
                775
            ],
            "linking": [
                [
                    65,
                    76
                ]
            ],
            "label": "answer",
            "words": [
                {
                    "text": "EZ",
                    "box": [
                        25,
                        760,
                        39,
                        773
                    ]
                },
                {
                    "text": "Serve",
                    "box": [
                        39,
                        758,
                        70,
                        775
                    ]
                },
                {
                    "text": "(810",
                    "box": [
                        71,
                        760,
                        93,
                        775
                    ]
                },
                {
                    "text": "76B)",
                    "box": [
                        91,
                        760,
                        116,
                        775
                    ]
                }
            ]
        },
        {
            "text": "CVS- Revco (014- 20)",
            "box": [
                25,
                778,
                124,
                793
            ],
            "linking": [
                [
                    65,
                    77
                ]
            ],
            "label": "answer",
            "words": [
                {
                    "text": "CVS-",
                    "box": [
                        25,
                        778,
                        53,
                        793
                    ]
                },
                {
                    "text": "Revco",
                    "box": [
                        52,
                        781,
                        83,
                        792
                    ]
                },
                {
                    "text": "(014-",
                    "box": [
                        84,
                        778,
                        106,
                        792
                    ]
                },
                {
                    "text": "20)",
                    "box": [
                        106,
                        778,
                        124,
                        792
                    ]
                }
            ]
        },
        {
            "text": "Rite Aid (209- 07)",
            "box": [
                27,
                796,
                104,
                813
            ],
            "linking": [
                [
                    65,
                    78
                ]
            ],
            "label": "answer",
            "words": [
                {
                    "text": "Rite",
                    "box": [
                        27,
                        799,
                        45,
                        812
                    ]
                },
                {
                    "text": "Aid",
                    "box": [
                        43,
                        796,
                        63,
                        813
                    ]
                },
                {
                    "text": "(209-",
                    "box": [
                        63,
                        797,
                        88,
                        811
                    ]
                },
                {
                    "text": "07)",
                    "box": [
                        87,
                        797,
                        104,
                        812
                    ]
                }
            ]
        },
        {
            "text": "Walgreen (625- 60)",
            "box": [
                24,
                816,
                112,
                831
            ],
            "linking": [
                [
                    65,
                    79
                ]
            ],
            "label": "answer",
            "words": [
                {
                    "text": "Walgreen",
                    "box": [
                        24,
                        816,
                        71,
                        831
                    ]
                },
                {
                    "text": "(625-",
                    "box": [
                        70,
                        816,
                        95,
                        831
                    ]
                },
                {
                    "text": "60)",
                    "box": [
                        92,
                        816,
                        112,
                        830
                    ]
                }
            ]
        },
        {
            "text": "Walmart (527- 35)",
            "box": [
                24,
                835,
                108,
                850
            ],
            "linking": [
                [
                    65,
                    80
                ]
            ],
            "label": "answer",
            "words": [
                {
                    "text": "Walmart",
                    "box": [
                        24,
                        835,
                        67,
                        850
                    ]
                },
                {
                    "text": "(527-",
                    "box": [
                        64,
                        835,
                        92,
                        850
                    ]
                },
                {
                    "text": "35)",
                    "box": [
                        88,
                        835,
                        108,
                        846
                    ]
                }
            ]
        },
        {
            "text": "Page1 of 3 Pages",
            "box": [
                539,
                925,
                641,
                943
            ],
            "linking": [],
            "label": "other",
            "words": [
                {
                    "text": "Page1",
                    "box": [
                        539,
                        926,
                        578,
                        941
                    ]
                },
                {
                    "text": "of",
                    "box": [
                        582,
                        925,
                        595,
                        942
                    ]
                },
                {
                    "text": "3",
                    "box": [
                        596,
                        925,
                        604,
                        939
                    ]
                },
                {
                    "text": "Pages",
                    "box": [
                        606,
                        925,
                        641,
                        943
                    ]
                }
            ]
        }
    ]
}