{
    "form": [
        {
            "box": [
                138,
                137,
                177,
                150
            ],
            "text": "FROM:",
            "label": "question",
            "words": [
                {
                    "box": [
                        138,
                        137,
                        177,
                        150
                    ],
                    "text": "FROM:"
                }
            ],
            "linking": [
                [
                    0,
                    16
                ]
            ]
        },
        {
            "box": [
                137,
                173,
                162,
                187
            ],
            "text": "TO:",
            "label": "question",
            "words": [
                {
                    "box": [
                        137,
                        173,
                        162,
                        187
                    ],
                    "text": "TO:"
                }
            ],
            "linking": [
                [
                    1,
                    17
                ]
            ]
        },
        {
            "box": [
                138,
                214,
                160,
                225
            ],
            "text": "cc:",
            "label": "question",
            "words": [
                {
                    "box": [
                        138,
                        214,
                        160,
                        225
                    ],
                    "text": "cc:"
                }
            ],
            "linking": [
                [
                    2,
                    18
                ]
            ]
        },
        {
            "box": [
                423,
                258,
                454,
                271
            ],
            "text": "TRUE",
            "label": "answer",
            "words": [
                {
                    "box": [
                        423,
                        258,
                        454,
                        271
                    ],
                    "text": "TRUE"
                }
            ],
            "linking": [
                [
                    19,
                    3
                ]
            ]
        },
        {
            "box": [
                425,
                309,
                446,
                323
            ],
            "text": "N/A",
            "label": "answer",
            "words": [
                {
                    "box": [
                        425,
                        309,
                        446,
                        323
                    ],
                    "text": "N/A"
                }
            ],
            "linking": [
                [
                    21,
                    4
                ]
            ]
        },
        {
            "box": [
                425,
                335,
                446,
                349
            ],
            "text": "N/A",
            "label": "answer",
            "words": [
                {
                    "box": [
                        425,
                        335,
                        446,
                        349
                    ],
                    "text": "N/A"
                }
            ],
            "linking": [
                [
                    22,
                    5
                ]
            ]
        },
        {
            "box": [
                425,
                362,
                446,
                373
            ],
            "text": "N/A",
            "label": "answer",
            "words": [
                {
                    "box": [
                        425,
                        362,
                        446,
                        373
                    ],
                    "text": "N/A"
                }
            ],
            "linking": [
                [
                    23,
                    6
                ]
            ]
        },
        {
            "box": [
                425,
                487,
                459,
                500
            ],
            "text": "$2.00",
            "label": "answer",
            "words": [
                {
                    "box": [
                        425,
                        487,
                        459,
                        500
                    ],
                    "text": "$2.00"
                }
            ],
            "linking": [
                [
                    28,
                    7
                ]
            ]
        },
        {
            "box": [
                423,
                515,
                466,
                525
            ],
            "text": "Carton",
            "label": "answer",
            "words": [
                {
                    "box": [
                        423,
                        515,
                        466,
                        525
                    ],
                    "text": "Carton"
                }
            ],
            "linking": [
                [
                    29,
                    8
                ]
            ]
        },
        {
            "box": [
                415,
                549,
                637,
                599
            ],
            "text": "",
            "label": "answer",
            "words": [
                {
                    "box": [
                        415,
                        549,
                        637,
                        599
                    ],
                    "text": ""
                }
            ],
            "linking": [
                [
                    31,
                    9
                ]
            ]
        },
        {
            "box": [
                137,
                663,
                221,
                674
            ],
            "text": "ANALYTICAL",
            "label": "question",
            "words": [
                {
                    "box": [
                        137,
                        663,
                        221,
                        674
                    ],
                    "text": "ANALYTICAL"
                }
            ],
            "linking": [
                [
                    10,
                    40
                ]
            ]
        },
        {
            "box": [
                228,
                663,
                331,
                674
            ],
            "text": "REQUIREMENTS:",
            "label": "question",
            "words": [
                {
                    "box": [
                        228,
                        663,
                        331,
                        674
                    ],
                    "text": "REQUIREMENTS:"
                }
            ],
            "linking": [
                [
                    11,
                    40
                ]
            ]
        },
        {
            "box": [
                655,
                750,
                672,
                830
            ],
            "text": "87533049",
            "label": "other",
            "words": [
                {
                    "box": [
                        655,
                        750,
                        672,
                        830
                    ],
                    "text": "87533049"
                }
            ],
            "linking": []
        },
        {
            "box": [
                415,
                774,
                509,
                798
            ],
            "text": "530430",
            "label": "answer",
            "words": [
                {
                    "box": [
                        415,
                        774,
                        509,
                        798
                    ],
                    "text": "530430"
                }
            ],
            "linking": [
                [
                    42,
                    13
                ]
            ]
        },
        {
            "box": [
                420,
                802,
                486,
                823
            ],
            "text": "1112",
            "label": "answer",
            "words": [
                {
                    "box": [
                        420,
                        802,
                        486,
                        823
                    ],
                    "text": "1112"
                }
            ],
            "linking": [
                [
                    43,
                    14
                ]
            ]
        },
        {
            "text": "COUPON CODE REGISTRATION FORM",
            "box": [
                268,
                85,
                503,
                100
            ],
            "linking": [],
            "label": "header",
            "words": [
                {
                    "text": "COUPON",
                    "box": [
                        268,
                        87,
                        317,
                        100
                    ]
                },
                {
                    "text": "CODE",
                    "box": [
                        323,
                        87,
                        358,
                        100
                    ]
                },
                {
                    "text": "REGISTRATION",
                    "box": [
                        363,
                        87,
                        462,
                        98
                    ]
                },
                {
                    "text": "FORM",
                    "box": [
                        468,
                        85,
                        503,
                        96
                    ]
                }
            ]
        },
        {
            "text": "J. La Valle",
            "box": [
                225,
                131,
                300,
                147
            ],
            "linking": [
                [
                    0,
                    16
                ]
            ],
            "label": "answer",
            "words": [
                {
                    "text": "J.",
                    "box": [
                        225,
                        133,
                        239,
                        147
                    ]
                },
                {
                    "text": "La",
                    "box": [
                        246,
                        131,
                        261,
                        146
                    ]
                },
                {
                    "text": "Valle",
                    "box": [
                        265,
                        133,
                        300,
                        147
                    ]
                }
            ]
        },
        {
            "text": "S. A. Rapisarldi",
            "box": [
                219,
                170,
                349,
                186
            ],
            "linking": [
                [
                    1,
                    17
                ]
            ],
            "label": "answer",
            "words": [
                {
                    "text": "S.",
                    "box": [
                        219,
                        173,
                        233,
                        186
                    ]
                },
                {
                    "text": "A.",
                    "box": [
                        240,
                        173,
                        258,
                        186
                    ]
                },
                {
                    "text": "Rapisarldi",
                    "box": [
                        267,
                        170,
                        349,
                        185
                    ]
                }
            ]
        },
        {
            "text": "R. G. Ryan ",
            "box": [
                218,
                211,
                307,
                243
            ],
            "linking": [
                [
                    2,
                    18
                ]
            ],
            "label": "answer",
            "words": [
                {
                    "text": "R.",
                    "box": [
                        219,
                        212,
                        233,
                        223
                    ]
                },
                {
                    "text": "G.",
                    "box": [
                        242,
                        211,
                        259,
                        222
                    ]
                },
                {
                    "text": "Ryan",
                    "box": [
                        267,
                        211,
                        302,
                        225
                    ]
                },
                {
                    "text": "",
                    "box": [
                        218,
                        225,
                        246,
                        242
                    ]
                },
                {
                    "text": "",
                    "box": [
                        251,
                        225,
                        307,
                        243
                    ]
                }
            ]
        },
        {
            "text": "Brand (s) Applicable",
            "box": [
                186,
                261,
                344,
                276
            ],
            "linking": [
                [
                    19,
                    3
                ]
            ],
            "label": "question",
            "words": [
                {
                    "text": "Brand",
                    "box": [
                        186,
                        261,
                        228,
                        275
                    ]
                },
                {
                    "text": "(s)",
                    "box": [
                        230,
                        261,
                        251,
                        276
                    ]
                },
                {
                    "text": "Applicable",
                    "box": [
                        260,
                        261,
                        344,
                        274
                    ]
                }
            ]
        },
        {
            "text": "Media Type",
            "box": [
                187,
                286,
                269,
                300
            ],
            "linking": [
                [
                    20,
                    34
                ]
            ],
            "label": "question",
            "words": [
                {
                    "text": "Media",
                    "box": [
                        187,
                        286,
                        228,
                        300
                    ]
                },
                {
                    "text": "Type",
                    "box": [
                        235,
                        288,
                        269,
                        299
                    ]
                }
            ]
        },
        {
            "text": "Media Name",
            "box": [
                187,
                311,
                269,
                325
            ],
            "linking": [
                [
                    21,
                    4
                ]
            ],
            "label": "question",
            "words": [
                {
                    "text": "Media",
                    "box": [
                        187,
                        311,
                        228,
                        325
                    ]
                },
                {
                    "text": "Name",
                    "box": [
                        235,
                        311,
                        269,
                        324
                    ]
                }
            ]
        },
        {
            "text": "*Issue Frequency / Year",
            "box": [
                179,
                337,
                349,
                350
            ],
            "linking": [
                [
                    22,
                    5
                ]
            ],
            "label": "question",
            "words": [
                {
                    "text": "",
                    "box": [
                        179,
                        337,
                        187,
                        350
                    ]
                },
                {
                    "text": "*Issue",
                    "box": [
                        189,
                        337,
                        230,
                        350
                    ]
                },
                {
                    "text": "Frequency",
                    "box": [
                        235,
                        337,
                        309,
                        350
                    ]
                },
                {
                    "text": "/",
                    "box": [
                        309,
                        338,
                        317,
                        349
                    ]
                },
                {
                    "text": "Year",
                    "box": [
                        317,
                        337,
                        349,
                        350
                    ]
                }
            ]
        },
        {
            "text": "* Space / Color",
            "box": [
                180,
                362,
                278,
                376
            ],
            "linking": [
                [
                    23,
                    6
                ]
            ],
            "label": "question",
            "words": [
                {
                    "text": "*",
                    "box": [
                        180,
                        363,
                        187,
                        376
                    ]
                },
                {
                    "text": "Space",
                    "box": [
                        187,
                        363,
                        228,
                        374
                    ]
                },
                {
                    "text": "/",
                    "box": [
                        228,
                        362,
                        235,
                        375
                    ]
                },
                {
                    "text": "Color",
                    "box": [
                        235,
                        363,
                        278,
                        374
                    ]
                }
            ]
        },
        {
            "text": "Coupon Issue Date",
            "box": [
                189,
                387,
                326,
                400
            ],
            "linking": [
                [
                    24,
                    35
                ]
            ],
            "label": "question",
            "words": [
                {
                    "text": "Coupon",
                    "box": [
                        189,
                        387,
                        236,
                        400
                    ]
                },
                {
                    "text": "Issue",
                    "box": [
                        243,
                        387,
                        286,
                        398
                    ]
                },
                {
                    "text": "Date",
                    "box": [
                        292,
                        387,
                        326,
                        398
                    ]
                }
            ]
        },
        {
            "text": "Coupon Expiration Date",
            "box": [
                187,
                411,
                364,
                426
            ],
            "linking": [
                [
                    25,
                    36
                ]
            ],
            "label": "question",
            "words": [
                {
                    "text": "Coupon",
                    "box": [
                        187,
                        413,
                        237,
                        426
                    ]
                },
                {
                    "text": "Expiration",
                    "box": [
                        243,
                        412,
                        324,
                        425
                    ]
                },
                {
                    "text": "Date",
                    "box": [
                        332,
                        411,
                        364,
                        422
                    ]
                }
            ]
        },
        {
            "text": "Circulation (#)",
            "box": [
                187,
                436,
                306,
                450
            ],
            "linking": [
                [
                    26,
                    37
                ]
            ],
            "label": "question",
            "words": [
                {
                    "text": "Circulation",
                    "box": [
                        187,
                        436,
                        276,
                        450
                    ]
                },
                {
                    "text": "(#)",
                    "box": [
                        288,
                        437,
                        306,
                        450
                    ]
                }
            ]
        },
        {
            "text": "Geographical Area (s)",
            "box": [
                189,
                461,
                346,
                476
            ],
            "linking": [
                [
                    27,
                    38
                ]
            ],
            "label": "question",
            "words": [
                {
                    "text": "Geographical",
                    "box": [
                        189,
                        462,
                        285,
                        476
                    ]
                },
                {
                    "text": "Area",
                    "box": [
                        291,
                        461,
                        325,
                        474
                    ]
                },
                {
                    "text": "(s)",
                    "box": [
                        328,
                        461,
                        346,
                        476
                    ]
                }
            ]
        },
        {
            "text": "Coupon Value",
            "box": [
                189,
                487,
                285,
                502
            ],
            "linking": [
                [
                    28,
                    7
                ]
            ],
            "label": "question",
            "words": [
                {
                    "text": "Coupon",
                    "box": [
                        189,
                        487,
                        236,
                        502
                    ]
                },
                {
                    "text": "Value",
                    "box": [
                        244,
                        487,
                        285,
                        498
                    ]
                }
            ]
        },
        {
            "text": "Pack and / or Carton?",
            "box": [
                189,
                513,
                341,
                525
            ],
            "linking": [
                [
                    29,
                    8
                ]
            ],
            "label": "question",
            "words": [
                {
                    "text": "Pack",
                    "box": [
                        189,
                        514,
                        221,
                        525
                    ]
                },
                {
                    "text": "and",
                    "box": [
                        229,
                        514,
                        251,
                        525
                    ]
                },
                {
                    "text": "/",
                    "box": [
                        253,
                        515,
                        261,
                        525
                    ]
                },
                {
                    "text": "or",
                    "box": [
                        261,
                        514,
                        278,
                        525
                    ]
                },
                {
                    "text": "Carton?",
                    "box": [
                        285,
                        513,
                        341,
                        524
                    ]
                }
            ]
        },
        {
            "text": "* Advertising Creative Title",
            "box": [
                180,
                538,
                399,
                552
            ],
            "linking": [
                [
                    30,
                    39
                ]
            ],
            "label": "question",
            "words": [
                {
                    "text": "*",
                    "box": [
                        180,
                        538,
                        187,
                        551
                    ]
                },
                {
                    "text": "Advertising",
                    "box": [
                        190,
                        538,
                        277,
                        552
                    ]
                },
                {
                    "text": "Creative",
                    "box": [
                        284,
                        539,
                        350,
                        550
                    ]
                },
                {
                    "text": "Title",
                    "box": [
                        358,
                        538,
                        399,
                        549
                    ]
                }
            ]
        },
        {
            "text": "Signature of Initiator",
            "box": [
                179,
                587,
                359,
                602
            ],
            "linking": [
                [
                    31,
                    9
                ]
            ],
            "label": "question",
            "words": [
                {
                    "text": "Signature",
                    "box": [
                        179,
                        588,
                        253,
                        602
                    ]
                },
                {
                    "text": "of",
                    "box": [
                        261,
                        587,
                        278,
                        601
                    ]
                },
                {
                    "text": "Initiator",
                    "box": [
                        284,
                        588,
                        359,
                        599
                    ]
                }
            ]
        },
        {
            "text": "Date Initiated",
            "box": [
                179,
                612,
                293,
                626
            ],
            "linking": [
                [
                    32,
                    33
                ]
            ],
            "label": "question",
            "words": [
                {
                    "text": "Date",
                    "box": [
                        179,
                        612,
                        214,
                        626
                    ]
                },
                {
                    "text": "Initiated",
                    "box": [
                        219,
                        613,
                        293,
                        624
                    ]
                }
            ]
        },
        {
            "text": "May 3, 1990",
            "box": [
                422,
                612,
                498,
                626
            ],
            "linking": [
                [
                    32,
                    33
                ]
            ],
            "label": "answer",
            "words": [
                {
                    "text": "May",
                    "box": [
                        422,
                        613,
                        444,
                        624
                    ]
                },
                {
                    "text": "3,",
                    "box": [
                        448,
                        612,
                        463,
                        626
                    ]
                },
                {
                    "text": "1990",
                    "box": [
                        469,
                        613,
                        498,
                        624
                    ]
                }
            ]
        },
        {
            "text": "ON - Carton Instant Redeemable",
            "box": [
                423,
                285,
                611,
                298
            ],
            "linking": [
                [
                    20,
                    34
                ]
            ],
            "label": "answer",
            "words": [
                {
                    "text": "ON",
                    "box": [
                        423,
                        285,
                        438,
                        296
                    ]
                },
                {
                    "text": "-",
                    "box": [
                        439,
                        285,
                        446,
                        296
                    ]
                },
                {
                    "text": "Carton",
                    "box": [
                        446,
                        285,
                        487,
                        298
                    ]
                },
                {
                    "text": "Instant",
                    "box": [
                        492,
                        286,
                        538,
                        296
                    ]
                },
                {
                    "text": "Redeemable",
                    "box": [
                        543,
                        285,
                        611,
                        296
                    ]
                }
            ]
        },
        {
            "text": "10 / 90",
            "box": [
                425,
                383,
                458,
                397
            ],
            "linking": [
                [
                    24,
                    35
                ]
            ],
            "label": "answer",
            "words": [
                {
                    "text": "10",
                    "box": [
                        425,
                        383,
                        438,
                        396
                    ]
                },
                {
                    "text": "/",
                    "box": [
                        439,
                        383,
                        445,
                        397
                    ]
                },
                {
                    "text": "90",
                    "box": [
                        444,
                        384,
                        458,
                        397
                    ]
                }
            ]
        },
        {
            "text": "6 / 30 / 91",
            "box": [
                423,
                408,
                471,
                422
            ],
            "linking": [
                [
                    25,
                    36
                ]
            ],
            "label": "answer",
            "words": [
                {
                    "text": "6",
                    "box": [
                        423,
                        409,
                        430,
                        422
                    ]
                },
                {
                    "text": "/",
                    "box": [
                        432,
                        409,
                        438,
                        422
                    ]
                },
                {
                    "text": "30",
                    "box": [
                        437,
                        409,
                        450,
                        420
                    ]
                },
                {
                    "text": "/",
                    "box": [
                        451,
                        409,
                        458,
                        420
                    ]
                },
                {
                    "text": "91",
                    "box": [
                        458,
                        408,
                        471,
                        422
                    ]
                }
            ]
        },
        {
            "text": "1. 213, 400",
            "box": [
                425,
                436,
                485,
                447
            ],
            "linking": [
                [
                    26,
                    37
                ]
            ],
            "label": "answer",
            "words": [
                {
                    "text": "1.",
                    "box": [
                        425,
                        436,
                        436,
                        447
                    ]
                },
                {
                    "text": "213,",
                    "box": [
                        439,
                        437,
                        463,
                        447
                    ]
                },
                {
                    "text": "400",
                    "box": [
                        465,
                        436,
                        485,
                        447
                    ]
                }
            ]
        },
        {
            "text": "National",
            "box": [
                423,
                461,
                476,
                474
            ],
            "linking": [
                [
                    27,
                    38
                ]
            ],
            "label": "answer",
            "words": [
                {
                    "text": "National",
                    "box": [
                        423,
                        461,
                        476,
                        474
                    ]
                }
            ]
        },
        {
            "text": "True Filter King Carton",
            "box": [
                425,
                535,
                577,
                549
            ],
            "linking": [
                [
                    30,
                    39
                ]
            ],
            "label": "answer",
            "words": [
                {
                    "text": "True",
                    "box": [
                        425,
                        535,
                        452,
                        549
                    ]
                },
                {
                    "text": "Filter",
                    "box": [
                        457,
                        535,
                        498,
                        548
                    ]
                },
                {
                    "text": "King",
                    "box": [
                        503,
                        535,
                        532,
                        549
                    ]
                },
                {
                    "text": "Carton",
                    "box": [
                        536,
                        536,
                        577,
                        546
                    ]
                }
            ]
        },
        {
            "text": "Break - out separately byl packing as indicated",
            "box": [
                349,
                659,
                643,
                672
            ],
            "linking": [
                [
                    10,
                    40
                ],
                [
                    11,
                    40
                ]
            ],
            "label": "answer",
            "words": [
                {
                    "text": "Break",
                    "box": [
                        349,
                        659,
                        384,
                        670
                    ]
                },
                {
                    "text": "-",
                    "box": [
                        384,
                        659,
                        390,
                        669
                    ]
                },
                {
                    "text": "out",
                    "box": [
                        391,
                        661,
                        412,
                        669
                    ]
                },
                {
                    "text": "separately",
                    "box": [
                        416,
                        659,
                        483,
                        672
                    ]
                },
                {
                    "text": "byl",
                    "box": [
                        489,
                        661,
                        504,
                        672
                    ]
                },
                {
                    "text": "packing",
                    "box": [
                        510,
                        659,
                        556,
                        672
                    ]
                },
                {
                    "text": "as",
                    "box": [
                        563,
                        661,
                        577,
                        671
                    ]
                },
                {
                    "text": "indicated",
                    "box": [
                        582,
                        659,
                        643,
                        670
                    ]
                }
            ]
        },
        {
            "text": "FOR CONTROL USE ONLY :",
            "box": [
                300,
                760,
                468,
                775
            ],
            "linking": [
                [
                    41,
                    42
                ],
                [
                    41,
                    43
                ]
            ],
            "label": "header",
            "words": [
                {
                    "text": "FOR",
                    "box": [
                        300,
                        761,
                        325,
                        775
                    ]
                },
                {
                    "text": "CONTROL",
                    "box": [
                        334,
                        761,
                        391,
                        774
                    ]
                },
                {
                    "text": "USE",
                    "box": [
                        395,
                        761,
                        422,
                        774
                    ]
                },
                {
                    "text": "ONLY",
                    "box": [
                        429,
                        760,
                        463,
                        775
                    ]
                },
                {
                    "text": ":",
                    "box": [
                        464,
                        761,
                        468,
                        774
                    ]
                }
            ]
        },
        {
            "text": "Code Assigned",
            "box": [
                300,
                785,
                405,
                799
            ],
            "linking": [
                [
                    41,
                    42
                ],
                [
                    42,
                    13
                ]
            ],
            "label": "question",
            "words": [
                {
                    "text": "Code",
                    "box": [
                        300,
                        785,
                        334,
                        798
                    ]
                },
                {
                    "text": "Assigned",
                    "box": [
                        341,
                        785,
                        405,
                        799
                    ]
                }
            ]
        },
        {
            "text": "Job Number",
            "box": [
                300,
                811,
                382,
                824
            ],
            "linking": [
                [
                    41,
                    43
                ],
                [
                    43,
                    14
                ]
            ],
            "label": "question",
            "words": [
                {
                    "text": "Job",
                    "box": [
                        300,
                        811,
                        325,
                        822
                    ]
                },
                {
                    "text": "Number",
                    "box": [
                        332,
                        811,
                        382,
                        824
                    ]
                }
            ]
        },
        {
            "text": "",
            "box": [
                142,
                860,
                278,
                873
            ],
            "linking": [],
            "label": "other",
            "words": [
                {
                    "text": "",
                    "box": [
                        142,
                        862,
                        188,
                        873
                    ]
                },
                {
                    "text": "",
                    "box": [
                        194,
                        862,
                        204,
                        873
                    ]
                },
                {
                    "text": "",
                    "box": [
                        218,
                        860,
                        245,
                        873
                    ]
                },
                {
                    "text": "",
                    "box": [
                        257,
                        862,
                        278,
                        873
                    ]
                }
            ]
        }
    ]
}