{
    "form": [
        {
            "box": [
                395,
                483,
                442,
                496
            ],
            "text": "Address",
            "label": "question",
            "words": [
                {
                    "box": [
                        395,
                        483,
                        442,
                        496
                    ],
                    "text": "Address"
                }
            ],
            "linking": []
        },
        {
            "box": [
                397,
                507,
                419,
                518
            ],
            "text": "City",
            "label": "question",
            "words": [
                {
                    "box": [
                        397,
                        507,
                        419,
                        518
                    ],
                    "text": "City"
                }
            ],
            "linking": []
        },
        {
            "box": [
                395,
                529,
                426,
                540
            ],
            "text": "State",
            "label": "question",
            "words": [
                {
                    "box": [
                        395,
                        529,
                        426,
                        540
                    ],
                    "text": "State"
                }
            ],
            "linking": []
        },
        {
            "box": [
                658,
                528,
                676,
                542
            ],
            "text": "Zip",
            "label": "question",
            "words": [
                {
                    "box": [
                        658,
                        528,
                        676,
                        542
                    ],
                    "text": "Zip"
                }
            ],
            "linking": []
        },
        {
            "box": [
                619,
                584,
                682,
                598
            ],
            "text": "BRAND",
            "label": "question",
            "words": [
                {
                    "box": [
                        619,
                        584,
                        682,
                        598
                    ],
                    "text": "BRAND"
                }
            ],
            "linking": [
                [
                    4,
                    12
                ],
                [
                    4,
                    13
                ]
            ]
        },
        {
            "box": [
                708,
                409,
                732,
                422
            ],
            "text": "1982",
            "label": "other",
            "words": [
                {
                    "box": [
                        708,
                        409,
                        732,
                        422
                    ],
                    "text": "1982"
                }
            ],
            "linking": []
        },
        {
            "box": [
                701,
                747,
                719,
                832
            ],
            "text": "88057519",
            "label": "other",
            "words": [
                {
                    "box": [
                        701,
                        747,
                        719,
                        832
                    ],
                    "text": "88057519"
                }
            ],
            "linking": []
        },
        {
            "text": "New SATIN 100's",
            "box": [
                552,
                270,
                730,
                351
            ],
            "linking": [],
            "label": "header",
            "words": [
                {
                    "text": "New",
                    "box": [
                        594,
                        270,
                        683,
                        304
                    ]
                },
                {
                    "text": "SATIN",
                    "box": [
                        552,
                        306,
                        675,
                        351
                    ]
                },
                {
                    "text": "100's",
                    "box": [
                        677,
                        313,
                        730,
                        348
                    ]
                }
            ]
        },
        {
            "text": "Direct Account",
            "box": [
                397,
                434,
                476,
                447
            ],
            "linking": [],
            "label": "question",
            "words": [
                {
                    "text": "Direct",
                    "box": [
                        397,
                        436,
                        429,
                        447
                    ]
                },
                {
                    "text": "Account",
                    "box": [
                        429,
                        434,
                        476,
                        447
                    ]
                }
            ]
        },
        {
            "text": "Please Ship To",
            "box": [
                395,
                455,
                477,
                472
            ],
            "linking": [],
            "label": "question",
            "words": [
                {
                    "text": "Please",
                    "box": [
                        395,
                        458,
                        436,
                        472
                    ]
                },
                {
                    "text": "Ship",
                    "box": [
                        437,
                        455,
                        459,
                        472
                    ]
                },
                {
                    "text": "To",
                    "box": [
                        462,
                        459,
                        477,
                        470
                    ]
                }
            ]
        },
        {
            "text": "Delivery Date",
            "box": [
                394,
                554,
                469,
                568
            ],
            "linking": [],
            "label": "question",
            "words": [
                {
                    "text": "Delivery",
                    "box": [
                        394,
                        554,
                        441,
                        568
                    ]
                },
                {
                    "text": "Date",
                    "box": [
                        441,
                        556,
                        469,
                        567
                    ]
                }
            ]
        },
        {
            "text": "No. OF CARTONS",
            "box": [
                411,
                582,
                555,
                599
            ],
            "linking": [],
            "label": "question",
            "words": [
                {
                    "text": "No.",
                    "box": [
                        411,
                        584,
                        439,
                        599
                    ]
                },
                {
                    "text": "OF",
                    "box": [
                        441,
                        582,
                        468,
                        599
                    ]
                },
                {
                    "text": "CARTONS",
                    "box": [
                        468,
                        584,
                        555,
                        599
                    ]
                }
            ]
        },
        {
            "text": "Satin Filter 100's",
            "box": [
                574,
                617,
                682,
                634
            ],
            "linking": [
                [
                    4,
                    12
                ]
            ],
            "label": "answer",
            "words": [
                {
                    "text": "Satin",
                    "box": [
                        574,
                        619,
                        612,
                        634
                    ]
                },
                {
                    "text": "Filter",
                    "box": [
                        613,
                        619,
                        645,
                        634
                    ]
                },
                {
                    "text": "100's",
                    "box": [
                        647,
                        617,
                        682,
                        632
                    ]
                }
            ]
        },
        {
            "text": "Satin Menthol 100's",
            "box": [
                574,
                652,
                703,
                670
            ],
            "linking": [
                [
                    4,
                    13
                ]
            ],
            "label": "answer",
            "words": [
                {
                    "text": "Satin",
                    "box": [
                        574,
                        652,
                        612,
                        669
                    ]
                },
                {
                    "text": "Menthol",
                    "box": [
                        610,
                        652,
                        666,
                        669
                    ]
                },
                {
                    "text": "100's",
                    "box": [
                        669,
                        652,
                        703,
                        670
                    ]
                }
            ]
        },
        {
            "text": "Signature of Hetail Purchaser",
            "box": [
                395,
                796,
                474,
                816
            ],
            "linking": [],
            "label": "question",
            "words": [
                {
                    "text": "Signature",
                    "box": [
                        397,
                        796,
                        442,
                        807
                    ]
                },
                {
                    "text": "of",
                    "box": [
                        441,
                        796,
                        455,
                        806
                    ]
                },
                {
                    "text": "Hetail",
                    "box": [
                        395,
                        809,
                        424,
                        816
                    ]
                },
                {
                    "text": "Purchaser",
                    "box": [
                        427,
                        806,
                        474,
                        816
                    ]
                }
            ]
        },
        {
            "text": "Order Taken By Sales Representative",
            "box": [
                398,
                830,
                493,
                852
            ],
            "linking": [],
            "label": "other",
            "words": [
                {
                    "text": "Order",
                    "box": [
                        398,
                        830,
                        423,
                        843
                    ]
                },
                {
                    "text": "Taken",
                    "box": [
                        427,
                        830,
                        455,
                        841
                    ]
                },
                {
                    "text": "By",
                    "box": [
                        457,
                        834,
                        470,
                        842
                    ]
                },
                {
                    "text": "Sales",
                    "box": [
                        398,
                        842,
                        425,
                        852
                    ]
                },
                {
                    "text": "Representative",
                    "box": [
                        425,
                        842,
                        493,
                        852
                    ]
                }
            ]
        },
        {
            "text": "DIRECT ACCOUNT",
            "box": [
                518,
                858,
                631,
                867
            ],
            "linking": [],
            "label": "other",
            "words": [
                {
                    "text": "DIRECT",
                    "box": [
                        518,
                        859,
                        565,
                        867
                    ]
                },
                {
                    "text": "ACCOUNT",
                    "box": [
                        568,
                        858,
                        631,
                        866
                    ]
                }
            ]
        }
    ]
}