{
    "form": [
        {
            "box": [
                47,
                31,
                85,
                102
            ],
            "text": "file",
            "label": "other",
            "words": [
                {
                    "box": [
                        47,
                        31,
                        85,
                        102
                    ],
                    "text": "file"
                }
            ],
            "linking": []
        },
        {
            "box": [
                135,
                78,
                187,
                93
            ],
            "text": "PRODUCT",
            "label": "question",
            "words": [
                {
                    "box": [
                        135,
                        78,
                        187,
                        93
                    ],
                    "text": "PRODUCT"
                }
            ],
            "linking": [
                [
                    1,
                    25
                ]
            ]
        },
        {
            "box": [
                598,
                81,
                627,
                96
            ],
            "text": "JOB#",
            "label": "question",
            "words": [
                {
                    "box": [
                        598,
                        81,
                        627,
                        96
                    ],
                    "text": "JOB#"
                }
            ],
            "linking": [
                [
                    2,
                    28
                ]
            ]
        },
        {
            "box": [
                286,
                623,
                310,
                634
            ],
            "text": "yes",
            "label": "question",
            "words": [
                {
                    "box": [
                        286,
                        623,
                        310,
                        634
                    ],
                    "text": "yes"
                }
            ],
            "linking": [
                [
                    3,
                    20
                ],
                [
                    39,
                    3
                ]
            ]
        },
        {
            "box": [
                286,
                637,
                310,
                648
            ],
            "text": "yes",
            "label": "question",
            "words": [
                {
                    "box": [
                        286,
                        637,
                        310,
                        648
                    ],
                    "text": "yes"
                }
            ],
            "linking": [
                [
                    4,
                    21
                ],
                [
                    39,
                    4
                ]
            ]
        },
        {
            "box": [
                229,
                645,
                346,
                676
            ],
            "text": "",
            "label": "answer",
            "words": [
                {
                    "box": [
                        229,
                        645,
                        346,
                        676
                    ],
                    "text": ""
                }
            ],
            "linking": [
                [
                    40,
                    5
                ]
            ]
        },
        {
            "box": [
                228,
                679,
                278,
                708
            ],
            "text": "",
            "label": "answer",
            "words": [
                {
                    "box": [
                        228,
                        679,
                        278,
                        708
                    ],
                    "text": ""
                }
            ],
            "linking": [
                [
                    41,
                    6
                ]
            ]
        },
        {
            "box": [
                219,
                708,
                293,
                785
            ],
            "text": "",
            "label": "answer",
            "words": [
                {
                    "box": [
                        219,
                        708,
                        293,
                        785
                    ],
                    "text": ""
                }
            ],
            "linking": [
                [
                    41,
                    7
                ]
            ]
        },
        {
            "box": [
                264,
                750,
                324,
                763
            ],
            "text": "Director",
            "label": "question",
            "words": [
                {
                    "box": [
                        264,
                        750,
                        324,
                        763
                    ],
                    "text": "Director"
                }
            ],
            "linking": [
                [
                    41,
                    8
                ]
            ]
        },
        {
            "box": [
                226,
                852,
                278,
                866
            ],
            "text": "Manager",
            "label": "question",
            "words": [
                {
                    "box": [
                        226,
                        852,
                        278,
                        866
                    ],
                    "text": "Manager"
                }
            ],
            "linking": []
        },
        {
            "box": [
                204,
                813,
                373,
                904
            ],
            "text": "",
            "label": "answer",
            "words": [
                {
                    "box": [
                        204,
                        813,
                        373,
                        904
                    ],
                    "text": ""
                }
            ],
            "linking": [
                [
                    41,
                    10
                ]
            ]
        },
        {
            "box": [
                363,
                623,
                380,
                634
            ],
            "text": "no",
            "label": "question",
            "words": [
                {
                    "box": [
                        363,
                        623,
                        380,
                        634
                    ],
                    "text": "no"
                }
            ],
            "linking": [
                [
                    39,
                    11
                ]
            ]
        },
        {
            "box": [
                366,
                637,
                380,
                648
            ],
            "text": "no",
            "label": "question",
            "words": [
                {
                    "box": [
                        366,
                        637,
                        380,
                        648
                    ],
                    "text": "no"
                }
            ],
            "linking": [
                [
                    39,
                    12
                ]
            ]
        },
        {
            "box": [
                476,
                608,
                542,
                622
            ],
            "text": "Facility:",
            "label": "question",
            "words": [
                {
                    "box": [
                        476,
                        608,
                        542,
                        622
                    ],
                    "text": "Facility:"
                }
            ],
            "linking": [
                [
                    13,
                    47
                ]
            ]
        },
        {
            "box": [
                476,
                622,
                529,
                636
            ],
            "text": "Agency:",
            "label": "question",
            "words": [
                {
                    "box": [
                        476,
                        622,
                        529,
                        636
                    ],
                    "text": "Agency:"
                }
            ],
            "linking": [
                [
                    14,
                    48
                ]
            ]
        },
        {
            "box": [
                472,
                634,
                538,
                649
            ],
            "text": "Incidence",
            "label": "question",
            "words": [
                {
                    "box": [
                        472,
                        634,
                        538,
                        649
                    ],
                    "text": "Incidence"
                }
            ],
            "linking": []
        },
        {
            "box": [
                490,
                824,
                556,
                838
            ],
            "text": "Facility:",
            "label": "question",
            "words": [
                {
                    "box": [
                        490,
                        824,
                        556,
                        838
                    ],
                    "text": "Facility:"
                }
            ],
            "linking": [
                [
                    16,
                    54
                ]
            ]
        },
        {
            "box": [
                490,
                839,
                542,
                850
            ],
            "text": "Agency:",
            "label": "question",
            "words": [
                {
                    "box": [
                        490,
                        839,
                        542,
                        850
                    ],
                    "text": "Agency:"
                }
            ],
            "linking": [
                [
                    17,
                    53
                ]
            ]
        },
        {
            "box": [
                703,
                820,
                721,
                911
            ],
            "text": "89867723",
            "label": "other",
            "words": [
                {
                    "box": [
                        703,
                        820,
                        721,
                        911
                    ],
                    "text": "89867723"
                }
            ],
            "linking": []
        },
        {
            "box": [
                535,
                10,
                567,
                25
            ],
            "text": "DATE",
            "label": "question",
            "words": [
                {
                    "box": [
                        535,
                        10,
                        567,
                        25
                    ],
                    "text": "DATE"
                }
            ],
            "linking": [
                [
                    19,
                    23
                ]
            ]
        },
        {
            "box": [
                320,
                622,
                331,
                635
            ],
            "text": "X",
            "label": "answer",
            "words": [
                {
                    "box": [
                        320,
                        622,
                        331,
                        635
                    ],
                    "text": "X"
                }
            ],
            "linking": [
                [
                    3,
                    20
                ]
            ]
        },
        {
            "box": [
                318,
                637,
                333,
                647
            ],
            "text": "X",
            "label": "answer",
            "words": [
                {
                    "box": [
                        318,
                        637,
                        333,
                        647
                    ],
                    "text": "X"
                }
            ],
            "linking": [
                [
                    4,
                    21
                ]
            ]
        },
        {
            "text": "MARKETING RESEARCH PROJECT APPROVAL",
            "box": [
                307,
                24,
                558,
                38
            ],
            "linking": [],
            "label": "header",
            "words": [
                {
                    "text": "MARKETING",
                    "box": [
                        307,
                        25,
                        375,
                        35
                    ]
                },
                {
                    "text": "RESEARCH",
                    "box": [
                        378,
                        25,
                        437,
                        38
                    ]
                },
                {
                    "text": "PROJECT",
                    "box": [
                        441,
                        24,
                        495,
                        38
                    ]
                },
                {
                    "text": "APPROVAL",
                    "box": [
                        499,
                        24,
                        558,
                        38
                    ]
                }
            ]
        },
        {
            "text": "April 27, 1981",
            "box": [
                577,
                10,
                680,
                27
            ],
            "linking": [
                [
                    19,
                    23
                ]
            ],
            "label": "answer",
            "words": [
                {
                    "text": "April",
                    "box": [
                        577,
                        11,
                        616,
                        26
                    ]
                },
                {
                    "text": "27,",
                    "box": [
                        622,
                        10,
                        644,
                        27
                    ]
                },
                {
                    "text": "1981",
                    "box": [
                        651,
                        10,
                        680,
                        25
                    ]
                }
            ]
        },
        {
            "text": "(To be filled out by Marketing Research Department)",
            "box": [
                232,
                36,
                593,
                52
            ],
            "linking": [],
            "label": "other",
            "words": [
                {
                    "text": "(To",
                    "box": [
                        232,
                        36,
                        253,
                        50
                    ]
                },
                {
                    "text": "be",
                    "box": [
                        257,
                        36,
                        274,
                        51
                    ]
                },
                {
                    "text": "filled",
                    "box": [
                        281,
                        36,
                        324,
                        50
                    ]
                },
                {
                    "text": "out",
                    "box": [
                        330,
                        39,
                        351,
                        52
                    ]
                },
                {
                    "text": "by",
                    "box": [
                        356,
                        38,
                        373,
                        52
                    ]
                },
                {
                    "text": "Marketing",
                    "box": [
                        378,
                        39,
                        445,
                        52
                    ]
                },
                {
                    "text": "Research",
                    "box": [
                        448,
                        39,
                        507,
                        52
                    ]
                },
                {
                    "text": "Department)",
                    "box": [
                        513,
                        39,
                        593,
                        52
                    ]
                }
            ]
        },
        {
            "text": "New Products",
            "box": [
                203,
                82,
                289,
                97
            ],
            "linking": [
                [
                    1,
                    25
                ]
            ],
            "label": "answer",
            "words": [
                {
                    "text": "New",
                    "box": [
                        203,
                        84,
                        227,
                        97
                    ]
                },
                {
                    "text": "Products",
                    "box": [
                        230,
                        82,
                        289,
                        96
                    ]
                }
            ]
        },
        {
            "text": "PROJECT TITLE",
            "box": [
                370,
                70,
                424,
                95
            ],
            "linking": [
                [
                    26,
                    27
                ]
            ],
            "label": "question",
            "words": [
                {
                    "text": "PROJECT",
                    "box": [
                        372,
                        70,
                        424,
                        83
                    ]
                },
                {
                    "text": "TITLE",
                    "box": [
                        370,
                        82,
                        408,
                        95
                    ]
                }
            ]
        },
        {
            "text": "No Side Stream Smoke Focus Groups",
            "box": [
                429,
                73,
                560,
                96
            ],
            "linking": [
                [
                    26,
                    27
                ]
            ],
            "label": "answer",
            "words": [
                {
                    "text": "No",
                    "box": [
                        429,
                        74,
                        444,
                        87
                    ]
                },
                {
                    "text": "Side",
                    "box": [
                        450,
                        74,
                        481,
                        85
                    ]
                },
                {
                    "text": "Stream",
                    "box": [
                        485,
                        73,
                        531,
                        87
                    ]
                },
                {
                    "text": "Smoke",
                    "box": [
                        429,
                        85,
                        467,
                        96
                    ]
                },
                {
                    "text": "Focus",
                    "box": [
                        472,
                        84,
                        511,
                        95
                    ]
                },
                {
                    "text": "Groups",
                    "box": [
                        515,
                        82,
                        560,
                        95
                    ]
                }
            ]
        },
        {
            "text": "5546/ 1481",
            "box": [
                634,
                80,
                700,
                98
            ],
            "linking": [
                [
                    2,
                    28
                ]
            ],
            "label": "answer",
            "words": [
                {
                    "text": "5546/",
                    "box": [
                        634,
                        80,
                        672,
                        98
                    ]
                },
                {
                    "text": "1481",
                    "box": [
                        672,
                        80,
                        700,
                        98
                    ]
                }
            ]
        },
        {
            "text": "Research Design (N, Cells, Elegibility, Design, Key Bạnner Breaks, Methodology, Cities)",
            "box": [
                135,
                108,
                753,
                127
            ],
            "linking": [
                [
                    29,
                    30
                ],
                [
                    29,
                    31
                ],
                [
                    29,
                    32
                ]
            ],
            "label": "question",
            "words": [
                {
                    "text": "Research",
                    "box": [
                        135,
                        109,
                        195,
                        123
                    ]
                },
                {
                    "text": "Design",
                    "box": [
                        198,
                        109,
                        243,
                        124
                    ]
                },
                {
                    "text": "(N,",
                    "box": [
                        250,
                        109,
                        272,
                        123
                    ]
                },
                {
                    "text": "Cells,",
                    "box": [
                        278,
                        108,
                        321,
                        125
                    ]
                },
                {
                    "text": "Elegibility,",
                    "box": [
                        328,
                        109,
                        413,
                        124
                    ]
                },
                {
                    "text": "Design,",
                    "box": [
                        420,
                        110,
                        469,
                        125
                    ]
                },
                {
                    "text": "Key",
                    "box": [
                        476,
                        110,
                        500,
                        125
                    ]
                },
                {
                    "text": "Bạnner",
                    "box": [
                        504,
                        112,
                        551,
                        126
                    ]
                },
                {
                    "text": "Breaks,",
                    "box": [
                        554,
                        110,
                        604,
                        125
                    ]
                },
                {
                    "text": "Methodology,",
                    "box": [
                        610,
                        109,
                        697,
                        127
                    ]
                },
                {
                    "text": "Cities)",
                    "box": [
                        704,
                        112,
                        753,
                        127
                    ]
                }
            ]
        },
        {
            "text": "Three Groups (1 male/ 2 female) will be conducted in Ridgewood, N. J. on May 7th to explore the NSS concept/ product.",
            "box": [
                123,
                158,
                678,
                190
            ],
            "linking": [
                [
                    29,
                    30
                ]
            ],
            "label": "other",
            "words": [
                {
                    "text": "Three",
                    "box": [
                        123,
                        161,
                        161,
                        175
                    ]
                },
                {
                    "text": "Groups",
                    "box": [
                        165,
                        161,
                        211,
                        176
                    ]
                },
                {
                    "text": "(1",
                    "box": [
                        218,
                        159,
                        231,
                        176
                    ]
                },
                {
                    "text": "male/",
                    "box": [
                        235,
                        161,
                        274,
                        176
                    ]
                },
                {
                    "text": "2",
                    "box": [
                        274,
                        159,
                        282,
                        174
                    ]
                },
                {
                    "text": "female)",
                    "box": [
                        288,
                        161,
                        338,
                        175
                    ]
                },
                {
                    "text": "will",
                    "box": [
                        342,
                        159,
                        373,
                        173
                    ]
                },
                {
                    "text": "be",
                    "box": [
                        378,
                        159,
                        395,
                        174
                    ]
                },
                {
                    "text": "conducted",
                    "box": [
                        402,
                        159,
                        468,
                        173
                    ]
                },
                {
                    "text": "in",
                    "box": [
                        472,
                        161,
                        489,
                        172
                    ]
                },
                {
                    "text": "Ridgewood,",
                    "box": [
                        493,
                        159,
                        566,
                        176
                    ]
                },
                {
                    "text": "N.",
                    "box": [
                        568,
                        159,
                        586,
                        172
                    ]
                },
                {
                    "text": "J.",
                    "box": [
                        585,
                        159,
                        602,
                        173
                    ]
                },
                {
                    "text": "on",
                    "box": [
                        606,
                        161,
                        623,
                        174
                    ]
                },
                {
                    "text": "May",
                    "box": [
                        627,
                        159,
                        651,
                        174
                    ]
                },
                {
                    "text": "7th",
                    "box": [
                        656,
                        158,
                        678,
                        175
                    ]
                },
                {
                    "text": "to",
                    "box": [
                        123,
                        176,
                        137,
                        189
                    ]
                },
                {
                    "text": "explore",
                    "box": [
                        144,
                        176,
                        196,
                        189
                    ]
                },
                {
                    "text": "the",
                    "box": [
                        203,
                        175,
                        225,
                        188
                    ]
                },
                {
                    "text": "NSS",
                    "box": [
                        230,
                        176,
                        254,
                        186
                    ]
                },
                {
                    "text": "concept/",
                    "box": [
                        257,
                        175,
                        316,
                        189
                    ]
                },
                {
                    "text": "product.",
                    "box": [
                        317,
                        176,
                        370,
                        190
                    ]
                }
            ]
        },
        {
            "text": "The groups will be comprised of random Reduced Tar smokers. No group will be over represented by brand, type or size of cigarettes.",
            "box": [
                122,
                201,
                650,
                234
            ],
            "linking": [
                [
                    29,
                    31
                ]
            ],
            "label": "other",
            "words": [
                {
                    "text": "The",
                    "box": [
                        123,
                        204,
                        145,
                        218
                    ]
                },
                {
                    "text": "groups",
                    "box": [
                        149,
                        207,
                        195,
                        218
                    ]
                },
                {
                    "text": "will",
                    "box": [
                        201,
                        203,
                        232,
                        216
                    ]
                },
                {
                    "text": "be",
                    "box": [
                        237,
                        203,
                        252,
                        218
                    ]
                },
                {
                    "text": "comprised",
                    "box": [
                        258,
                        205,
                        322,
                        218
                    ]
                },
                {
                    "text": "of",
                    "box": [
                        328,
                        203,
                        346,
                        218
                    ]
                },
                {
                    "text": "random",
                    "box": [
                        351,
                        204,
                        396,
                        218
                    ]
                },
                {
                    "text": "Reduced",
                    "box": [
                        399,
                        204,
                        452,
                        218
                    ]
                },
                {
                    "text": "Tar",
                    "box": [
                        457,
                        201,
                        481,
                        216
                    ]
                },
                {
                    "text": "smokers.",
                    "box": [
                        485,
                        204,
                        544,
                        217
                    ]
                },
                {
                    "text": "No",
                    "box": [
                        554,
                        204,
                        571,
                        217
                    ]
                },
                {
                    "text": "group",
                    "box": [
                        577,
                        203,
                        618,
                        220
                    ]
                },
                {
                    "text": "will",
                    "box": [
                        622,
                        204,
                        650,
                        215
                    ]
                },
                {
                    "text": "be",
                    "box": [
                        122,
                        218,
                        139,
                        232
                    ]
                },
                {
                    "text": "over",
                    "box": [
                        142,
                        221,
                        174,
                        232
                    ]
                },
                {
                    "text": "represented",
                    "box": [
                        180,
                        219,
                        260,
                        232
                    ]
                },
                {
                    "text": "by",
                    "box": [
                        265,
                        219,
                        282,
                        234
                    ]
                },
                {
                    "text": "brand,",
                    "box": [
                        288,
                        219,
                        329,
                        233
                    ]
                },
                {
                    "text": "type",
                    "box": [
                        338,
                        219,
                        367,
                        233
                    ]
                },
                {
                    "text": "or",
                    "box": [
                        373,
                        221,
                        387,
                        231
                    ]
                },
                {
                    "text": "size",
                    "box": [
                        394,
                        219,
                        422,
                        232
                    ]
                },
                {
                    "text": "of",
                    "box": [
                        427,
                        219,
                        445,
                        232
                    ]
                },
                {
                    "text": "cigarettes.",
                    "box": [
                        451,
                        216,
                        526,
                        230
                    ]
                }
            ]
        },
        {
            "text": "All smokers will be 18 years and over and smoke 10+ cigarettes per day.",
            "box": [
                122,
                246,
                627,
                263
            ],
            "linking": [
                [
                    29,
                    32
                ]
            ],
            "label": "other",
            "words": [
                {
                    "text": "All",
                    "box": [
                        122,
                        249,
                        146,
                        262
                    ]
                },
                {
                    "text": "smokers",
                    "box": [
                        152,
                        247,
                        204,
                        261
                    ]
                },
                {
                    "text": "will",
                    "box": [
                        208,
                        247,
                        239,
                        261
                    ]
                },
                {
                    "text": "be",
                    "box": [
                        244,
                        247,
                        259,
                        261
                    ]
                },
                {
                    "text": "18",
                    "box": [
                        267,
                        247,
                        281,
                        260
                    ]
                },
                {
                    "text": "years",
                    "box": [
                        284,
                        249,
                        325,
                        263
                    ]
                },
                {
                    "text": "and",
                    "box": [
                        330,
                        249,
                        352,
                        260
                    ]
                },
                {
                    "text": "over",
                    "box": [
                        356,
                        247,
                        388,
                        260
                    ]
                },
                {
                    "text": "and",
                    "box": [
                        392,
                        249,
                        417,
                        262
                    ]
                },
                {
                    "text": "smoke",
                    "box": [
                        422,
                        247,
                        458,
                        261
                    ]
                },
                {
                    "text": "10+",
                    "box": [
                        464,
                        247,
                        486,
                        261
                    ]
                },
                {
                    "text": "cigarettes",
                    "box": [
                        492,
                        246,
                        566,
                        261
                    ]
                },
                {
                    "text": "per",
                    "box": [
                        570,
                        247,
                        594,
                        261
                    ]
                },
                {
                    "text": "day.",
                    "box": [
                        598,
                        247,
                        627,
                        260
                    ]
                }
            ]
        },
        {
            "text": "Key Criteria For Analysis",
            "box": [
                131,
                369,
                311,
                386
            ],
            "linking": [
                [
                    33,
                    34
                ]
            ],
            "label": "question",
            "words": [
                {
                    "text": "Key",
                    "box": [
                        131,
                        369,
                        156,
                        386
                    ]
                },
                {
                    "text": "Criteria",
                    "box": [
                        159,
                        370,
                        220,
                        385
                    ]
                },
                {
                    "text": "For",
                    "box": [
                        226,
                        370,
                        248,
                        385
                    ]
                },
                {
                    "text": "Analysis",
                    "box": [
                        251,
                        370,
                        311,
                        385
                    ]
                }
            ]
        },
        {
            "text": "To determine if the NSS concept/ product is viable based upon smokers reactions.",
            "box": [
                122,
                402,
                686,
                419
            ],
            "linking": [
                [
                    33,
                    34
                ]
            ],
            "label": "other",
            "words": [
                {
                    "text": "To",
                    "box": [
                        122,
                        405,
                        137,
                        418
                    ]
                },
                {
                    "text": "determine",
                    "box": [
                        142,
                        405,
                        210,
                        419
                    ]
                },
                {
                    "text": "if",
                    "box": [
                        215,
                        405,
                        232,
                        418
                    ]
                },
                {
                    "text": "the",
                    "box": [
                        237,
                        404,
                        259,
                        418
                    ]
                },
                {
                    "text": "NSS",
                    "box": [
                        264,
                        405,
                        288,
                        416
                    ]
                },
                {
                    "text": "concept/",
                    "box": [
                        293,
                        405,
                        350,
                        418
                    ]
                },
                {
                    "text": "product",
                    "box": [
                        349,
                        404,
                        399,
                        419
                    ]
                },
                {
                    "text": "is",
                    "box": [
                        408,
                        404,
                        423,
                        418
                    ]
                },
                {
                    "text": "viable",
                    "box": [
                        429,
                        404,
                        471,
                        418
                    ]
                },
                {
                    "text": "based",
                    "box": [
                        478,
                        402,
                        517,
                        417
                    ]
                },
                {
                    "text": "upon",
                    "box": [
                        521,
                        405,
                        552,
                        419
                    ]
                },
                {
                    "text": "smokers",
                    "box": [
                        557,
                        404,
                        609,
                        419
                    ]
                },
                {
                    "text": "reactions.",
                    "box": [
                        615,
                        405,
                        686,
                        418
                    ]
                }
            ]
        },
        {
            "text": "Research Limitations",
            "box": [
                131,
                471,
                275,
                487
            ],
            "linking": [
                [
                    35,
                    36
                ]
            ],
            "label": "question",
            "words": [
                {
                    "text": "Research",
                    "box": [
                        131,
                        473,
                        190,
                        487
                    ]
                },
                {
                    "text": "Limitations",
                    "box": [
                        194,
                        471,
                        275,
                        486
                    ]
                }
            ]
        },
        {
            "text": "Information from this exploratory research is directional only.",
            "box": [
                122,
                504,
                571,
                523
            ],
            "linking": [
                [
                    35,
                    36
                ]
            ],
            "label": "other",
            "words": [
                {
                    "text": "Information",
                    "box": [
                        122,
                        504,
                        204,
                        519
                    ]
                },
                {
                    "text": "from",
                    "box": [
                        208,
                        506,
                        240,
                        521
                    ]
                },
                {
                    "text": "this",
                    "box": [
                        244,
                        506,
                        273,
                        521
                    ]
                },
                {
                    "text": "exploratory",
                    "box": [
                        279,
                        507,
                        359,
                        522
                    ]
                },
                {
                    "text": "research",
                    "box": [
                        366,
                        507,
                        425,
                        521
                    ]
                },
                {
                    "text": "is",
                    "box": [
                        429,
                        506,
                        443,
                        519
                    ]
                },
                {
                    "text": "directional",
                    "box": [
                        448,
                        504,
                        529,
                        521
                    ]
                },
                {
                    "text": "only.",
                    "box": [
                        535,
                        506,
                        571,
                        523
                    ]
                }
            ]
        },
        {
            "text": "$ 6.816",
            "box": [
                251,
                591,
                296,
                606
            ],
            "linking": [
                [
                    38,
                    37
                ]
            ],
            "label": "answer",
            "words": [
                {
                    "text": "$",
                    "box": [
                        251,
                        591,
                        258,
                        606
                    ]
                },
                {
                    "text": "6.816",
                    "box": [
                        260,
                        592,
                        296,
                        606
                    ]
                }
            ]
        },
        {
            "text": "Cost Estimate",
            "box": [
                128,
                588,
                224,
                603
            ],
            "linking": [
                [
                    38,
                    37
                ]
            ],
            "label": "question",
            "words": [
                {
                    "text": "Cost",
                    "box": [
                        128,
                        588,
                        162,
                        603
                    ]
                },
                {
                    "text": "Estimate",
                    "box": [
                        165,
                        589,
                        224,
                        603
                    ]
                }
            ]
        },
        {
            "text": "+ - 10% Contingency Final Report Inc.",
            "box": [
                128,
                617,
                267,
                648
            ],
            "linking": [
                [
                    39,
                    3
                ],
                [
                    39,
                    4
                ],
                [
                    39,
                    11
                ],
                [
                    39,
                    12
                ]
            ],
            "label": "header",
            "words": [
                {
                    "text": "+",
                    "box": [
                        128,
                        619,
                        138,
                        630
                    ]
                },
                {
                    "text": "-",
                    "box": [
                        144,
                        622,
                        152,
                        629
                    ]
                },
                {
                    "text": "10%",
                    "box": [
                        158,
                        617,
                        183,
                        632
                    ]
                },
                {
                    "text": "Contingency",
                    "box": [
                        187,
                        619,
                        267,
                        634
                    ]
                },
                {
                    "text": "Final",
                    "box": [
                        130,
                        631,
                        166,
                        646
                    ]
                },
                {
                    "text": "Report",
                    "box": [
                        172,
                        633,
                        218,
                        646
                    ]
                },
                {
                    "text": "Inc.",
                    "box": [
                        222,
                        634,
                        250,
                        648
                    ]
                }
            ]
        },
        {
            "text": "Prepared by:",
            "box": [
                126,
                659,
                215,
                676
            ],
            "linking": [
                [
                    40,
                    5
                ]
            ],
            "label": "question",
            "words": [
                {
                    "text": "Prepared",
                    "box": [
                        126,
                        659,
                        187,
                        673
                    ]
                },
                {
                    "text": "by:",
                    "box": [
                        193,
                        661,
                        215,
                        676
                    ]
                }
            ]
        },
        {
            "text": "Approved by",
            "box": [
                127,
                689,
                213,
                706
            ],
            "linking": [
                [
                    41,
                    6
                ],
                [
                    41,
                    7
                ],
                [
                    41,
                    42
                ],
                [
                    41,
                    8
                ],
                [
                    41,
                    43
                ],
                [
                    41,
                    44
                ],
                [
                    41,
                    10
                ]
            ],
            "label": "question",
            "words": [
                {
                    "text": "Approved",
                    "box": [
                        127,
                        689,
                        187,
                        706
                    ]
                },
                {
                    "text": "by",
                    "box": [
                        191,
                        691,
                        213,
                        705
                    ]
                }
            ]
        },
        {
            "text": "Marketing Research",
            "box": [
                126,
                749,
                259,
                766
            ],
            "linking": [
                [
                    41,
                    42
                ]
            ],
            "label": "question",
            "words": [
                {
                    "text": "Marketing",
                    "box": [
                        126,
                        749,
                        194,
                        766
                    ]
                },
                {
                    "text": "Research",
                    "box": [
                        198,
                        749,
                        259,
                        766
                    ]
                }
            ]
        },
        {
            "text": "Product Manager",
            "box": [
                127,
                793,
                236,
                808
            ],
            "linking": [
                [
                    41,
                    43
                ]
            ],
            "label": "question",
            "words": [
                {
                    "text": "Product",
                    "box": [
                        127,
                        795,
                        177,
                        808
                    ]
                },
                {
                    "text": "Manager",
                    "box": [
                        183,
                        793,
                        236,
                        807
                    ]
                }
            ]
        },
        {
            "text": "Group Product",
            "box": [
                126,
                851,
                222,
                869
            ],
            "linking": [
                [
                    41,
                    44
                ]
            ],
            "label": "question",
            "words": [
                {
                    "text": "Group",
                    "box": [
                        126,
                        852,
                        165,
                        869
                    ]
                },
                {
                    "text": "Product",
                    "box": [
                        170,
                        851,
                        222,
                        866
                    ]
                }
            ]
        },
        {
            "text": "Research Firm",
            "box": [
                471,
                592,
                568,
                608
            ],
            "linking": [
                [
                    45,
                    46
                ]
            ],
            "label": "question",
            "words": [
                {
                    "text": "Research",
                    "box": [
                        471,
                        592,
                        530,
                        606
                    ]
                },
                {
                    "text": "Firm",
                    "box": [
                        534,
                        594,
                        568,
                        608
                    ]
                }
            ]
        },
        {
            "text": "Ruth Manko Assoc.",
            "box": [
                584,
                591,
                703,
                609
            ],
            "linking": [
                [
                    45,
                    46
                ]
            ],
            "label": "answer",
            "words": [
                {
                    "text": "Ruth",
                    "box": [
                        584,
                        591,
                        616,
                        608
                    ]
                },
                {
                    "text": "Manko",
                    "box": [
                        619,
                        591,
                        657,
                        609
                    ]
                },
                {
                    "text": "Assoc.",
                    "box": [
                        662,
                        592,
                        703,
                        607
                    ]
                }
            ]
        },
        {
            "text": "Suburban Associates",
            "box": [
                554,
                608,
                694,
                622
            ],
            "linking": [
                [
                    13,
                    47
                ]
            ],
            "label": "answer",
            "words": [
                {
                    "text": "Suburban",
                    "box": [
                        554,
                        609,
                        613,
                        620
                    ]
                },
                {
                    "text": "Associates",
                    "box": [
                        619,
                        608,
                        694,
                        622
                    ]
                }
            ]
        },
        {
            "text": "D' Arcy/ deGarmo",
            "box": [
                557,
                620,
                660,
                638
            ],
            "linking": [
                [
                    14,
                    48
                ]
            ],
            "label": "answer",
            "words": [
                {
                    "text": "D'",
                    "box": [
                        557,
                        620,
                        571,
                        635
                    ]
                },
                {
                    "text": "Arcy/",
                    "box": [
                        568,
                        620,
                        607,
                        637
                    ]
                },
                {
                    "text": "deGarmo",
                    "box": [
                        606,
                        623,
                        660,
                        638
                    ]
                }
            ]
        },
        {
            "text": "Length Int.",
            "box": [
                472,
                663,
                548,
                678
            ],
            "linking": [],
            "label": "question",
            "words": [
                {
                    "text": "Length",
                    "box": [
                        472,
                        663,
                        517,
                        677
                    ]
                },
                {
                    "text": "Int.",
                    "box": [
                        521,
                        663,
                        548,
                        678
                    ]
                }
            ]
        },
        {
            "text": "# Open Ends",
            "box": [
                472,
                690,
                549,
                707
            ],
            "linking": [],
            "label": "question",
            "words": [
                {
                    "text": "#",
                    "box": [
                        472,
                        691,
                        479,
                        706
                    ]
                },
                {
                    "text": "Open",
                    "box": [
                        485,
                        691,
                        516,
                        706
                    ]
                },
                {
                    "text": "Ends",
                    "box": [
                        518,
                        690,
                        549,
                        707
                    ]
                }
            ]
        },
        {
            "text": "# Banners",
            "box": [
                469,
                719,
                535,
                736
            ],
            "linking": [],
            "label": "question",
            "words": [
                {
                    "text": "#",
                    "box": [
                        469,
                        719,
                        479,
                        733
                    ]
                },
                {
                    "text": "Banners",
                    "box": [
                        485,
                        722,
                        535,
                        736
                    ]
                }
            ]
        },
        {
            "text": "Topline Oral presentation w/ o 5/ 18",
            "box": [
                469,
                747,
                715,
                765
            ],
            "linking": [],
            "label": "other",
            "words": [
                {
                    "text": "Topline",
                    "box": [
                        469,
                        751,
                        521,
                        765
                    ]
                },
                {
                    "text": "Oral",
                    "box": [
                        528,
                        750,
                        557,
                        763
                    ]
                },
                {
                    "text": "presentation",
                    "box": [
                        560,
                        750,
                        651,
                        765
                    ]
                },
                {
                    "text": "w/",
                    "box": [
                        655,
                        747,
                        669,
                        764
                    ]
                },
                {
                    "text": "o",
                    "box": [
                        668,
                        751,
                        679,
                        762
                    ]
                },
                {
                    "text": "5/",
                    "box": [
                        686,
                        747,
                        699,
                        764
                    ]
                },
                {
                    "text": "18",
                    "box": [
                        701,
                        749,
                        715,
                        763
                    ]
                }
            ]
        },
        {
            "text": "816. 00",
            "box": [
                641,
                837,
                685,
                851
            ],
            "linking": [
                [
                    17,
                    53
                ]
            ],
            "label": "answer",
            "words": [
                {
                    "text": "816.",
                    "box": [
                        641,
                        837,
                        668,
                        851
                    ]
                },
                {
                    "text": "00",
                    "box": [
                        670,
                        837,
                        685,
                        851
                    ]
                }
            ]
        },
        {
            "text": "1. 500. 00",
            "box": [
                624,
                823,
                685,
                836
            ],
            "linking": [
                [
                    16,
                    54
                ]
            ],
            "label": "answer",
            "words": [
                {
                    "text": "1.",
                    "box": [
                        624,
                        824,
                        641,
                        835
                    ]
                },
                {
                    "text": "500.",
                    "box": [
                        642,
                        824,
                        669,
                        835
                    ]
                },
                {
                    "text": "00",
                    "box": [
                        670,
                        823,
                        685,
                        836
                    ]
                }
            ]
        },
        {
            "text": "$ 4. 500. 00",
            "box": [
                622,
                807,
                685,
                822
            ],
            "linking": [
                [
                    56,
                    55
                ]
            ],
            "label": "answer",
            "words": [
                {
                    "text": "$",
                    "box": [
                        622,
                        807,
                        629,
                        820
                    ]
                },
                {
                    "text": "4.",
                    "box": [
                        628,
                        807,
                        639,
                        820
                    ]
                },
                {
                    "text": "500.",
                    "box": [
                        642,
                        809,
                        669,
                        822
                    ]
                },
                {
                    "text": "00",
                    "box": [
                        670,
                        807,
                        685,
                        821
                    ]
                }
            ]
        },
        {
            "text": "Moderators fee:",
            "box": [
                490,
                806,
                597,
                823
            ],
            "linking": [
                [
                    56,
                    55
                ]
            ],
            "label": "question",
            "words": [
                {
                    "text": "Moderators",
                    "box": [
                        490,
                        807,
                        567,
                        822
                    ]
                },
                {
                    "text": "fee:",
                    "box": [
                        568,
                        806,
                        597,
                        823
                    ]
                }
            ]
        },
        {
            "text": "Final Written presentation w/ o 5/ 25",
            "box": [
                468,
                791,
                737,
                811
            ],
            "linking": [],
            "label": "other",
            "words": [
                {
                    "text": "Final",
                    "box": [
                        468,
                        793,
                        509,
                        811
                    ]
                },
                {
                    "text": "Written",
                    "box": [
                        527,
                        792,
                        577,
                        807
                    ]
                },
                {
                    "text": "presentation",
                    "box": [
                        581,
                        793,
                        672,
                        810
                    ]
                },
                {
                    "text": "w/",
                    "box": [
                        677,
                        792,
                        692,
                        809
                    ]
                },
                {
                    "text": "o",
                    "box": [
                        690,
                        796,
                        700,
                        804
                    ]
                },
                {
                    "text": "5/",
                    "box": [
                        705,
                        791,
                        719,
                        809
                    ]
                },
                {
                    "text": "25",
                    "box": [
                        719,
                        791,
                        737,
                        808
                    ]
                }
            ]
        }
    ]
}