{
    "form": [
        {
            "box": [
                47,
                39,
                273,
                114
            ],
            "text": "Lorillard",
            "label": "header",
            "words": [
                {
                    "box": [
                        47,
                        39,
                        273,
                        114
                    ],
                    "text": "Lorillard"
                }
            ],
            "linking": []
        },
        {
            "box": [
                77,
                204,
                127,
                221
            ],
            "text": "DATE:",
            "label": "question",
            "words": [
                {
                    "box": [
                        77,
                        204,
                        127,
                        221
                    ],
                    "text": "DATE:"
                }
            ],
            "linking": [
                [
                    1,
                    16
                ]
            ]
        },
        {
            "box": [
                392,
                205,
                437,
                222
            ],
            "text": "TIME:",
            "label": "question",
            "words": [
                {
                    "box": [
                        392,
                        205,
                        437,
                        222
                    ],
                    "text": "TIME:"
                }
            ],
            "linking": [
                [
                    2,
                    17
                ]
            ]
        },
        {
            "box": [
                514,
                261,
                525,
                276
            ],
            "text": "3",
            "label": "answer",
            "words": [
                {
                    "box": [
                        514,
                        261,
                        525,
                        276
                    ],
                    "text": "3"
                }
            ],
            "linking": [
                [
                    18,
                    3
                ]
            ]
        },
        {
            "box": [
                78,
                342,
                131,
                362
            ],
            "text": "NAME:",
            "label": "question",
            "words": [
                {
                    "box": [
                        78,
                        342,
                        131,
                        362
                    ],
                    "text": "NAME:"
                }
            ],
            "linking": [
                [
                    20,
                    4
                ],
                [
                    4,
                    22
                ]
            ]
        },
        {
            "box": [
                77,
                377,
                143,
                395
            ],
            "text": "OFFICE:",
            "label": "question",
            "words": [
                {
                    "box": [
                        77,
                        377,
                        143,
                        395
                    ],
                    "text": "OFFICE:"
                }
            ],
            "linking": [
                [
                    20,
                    5
                ],
                [
                    5,
                    23
                ]
            ]
        },
        {
            "box": [
                75,
                515,
                128,
                532
            ],
            "text": "NAME:",
            "label": "question",
            "words": [
                {
                    "box": [
                        75,
                        515,
                        128,
                        532
                    ],
                    "text": "NAME:"
                }
            ],
            "linking": [
                [
                    25,
                    6
                ],
                [
                    6,
                    26
                ]
            ]
        },
        {
            "box": [
                73,
                554,
                141,
                571
            ],
            "text": "OFFICE:",
            "label": "question",
            "words": [
                {
                    "box": [
                        73,
                        554,
                        141,
                        571
                    ],
                    "text": "OFFICE:"
                }
            ],
            "linking": [
                [
                    25,
                    7
                ],
                [
                    7,
                    27
                ]
            ]
        },
        {
            "box": [
                74,
                654,
                173,
                675
            ],
            "text": "COMMENTS:",
            "label": "question",
            "words": [
                {
                    "box": [
                        74,
                        654,
                        173,
                        675
                    ],
                    "text": "COMMENTS:"
                }
            ],
            "linking": [
                [
                    8,
                    30
                ]
            ]
        },
        {
            "box": [
                274,
                729,
                298,
                742
            ],
            "text": "cc:",
            "label": "question",
            "words": [
                {
                    "box": [
                        274,
                        729,
                        298,
                        742
                    ],
                    "text": "cc:"
                }
            ],
            "linking": [
                [
                    9,
                    31
                ],
                [
                    9,
                    32
                ],
                [
                    9,
                    33
                ],
                [
                    9,
                    34
                ],
                [
                    9,
                    35
                ]
            ]
        },
        {
            "box": [
                689,
                797,
                703,
                870
            ],
            "text": "92657391",
            "label": "other",
            "words": [
                {
                    "box": [
                        689,
                        797,
                        703,
                        870
                    ],
                    "text": "92657391"
                }
            ],
            "linking": []
        },
        {
            "text": "12/ 29/ 94 10: 14",
            "box": [
                74,
                25,
                187,
                40
            ],
            "linking": [],
            "label": "other",
            "words": [
                {
                    "text": "12/",
                    "box": [
                        74,
                        27,
                        96,
                        40
                    ]
                },
                {
                    "text": "29/",
                    "box": [
                        96,
                        27,
                        116,
                        40
                    ]
                },
                {
                    "text": "94",
                    "box": [
                        117,
                        27,
                        132,
                        40
                    ]
                },
                {
                    "text": "10:",
                    "box": [
                        151,
                        25,
                        172,
                        39
                    ]
                },
                {
                    "text": "14",
                    "box": [
                        172,
                        25,
                        187,
                        39
                    ]
                }
            ]
        },
        {
            "text": "713 591 0204",
            "box": [
                214,
                25,
                311,
                40
            ],
            "linking": [],
            "label": "other",
            "words": [
                {
                    "text": "",
                    "box": [
                        214,
                        27,
                        229,
                        38
                    ]
                },
                {
                    "text": "713",
                    "box": [
                        228,
                        27,
                        250,
                        38
                    ]
                },
                {
                    "text": "591",
                    "box": [
                        254,
                        25,
                        275,
                        39
                    ]
                },
                {
                    "text": "0204",
                    "box": [
                        279,
                        25,
                        311,
                        40
                    ]
                }
            ]
        },
        {
            "text": "LORILLARD HOUS. NEW YORK SALES",
            "box": [
                380,
                27,
                625,
                42
            ],
            "linking": [],
            "label": "other",
            "words": [
                {
                    "text": "LORILLARD",
                    "box": [
                        380,
                        28,
                        447,
                        41
                    ]
                },
                {
                    "text": "HOUS.",
                    "box": [
                        451,
                        27,
                        485,
                        41
                    ]
                },
                {
                    "text": "",
                    "box": [
                        499,
                        32,
                        521,
                        42
                    ]
                },
                {
                    "text": "NEW",
                    "box": [
                        525,
                        28,
                        550,
                        42
                    ]
                },
                {
                    "text": "YORK",
                    "box": [
                        554,
                        27,
                        585,
                        42
                    ]
                },
                {
                    "text": "SALES",
                    "box": [
                        589,
                        29,
                        625,
                        42
                    ]
                }
            ]
        },
        {
            "text": "001/ 003",
            "box": [
                651,
                29,
                715,
                43
            ],
            "linking": [],
            "label": "other",
            "words": [
                {
                    "text": "",
                    "box": [
                        651,
                        29,
                        666,
                        43
                    ]
                },
                {
                    "text": "001/",
                    "box": [
                        665,
                        29,
                        694,
                        42
                    ]
                },
                {
                    "text": "003",
                    "box": [
                        691,
                        29,
                        715,
                        40
                    ]
                }
            ]
        },
        {
            "text": "FACSIMILE COVER PAGE",
            "box": [
                258,
                151,
                496,
                175
            ],
            "linking": [],
            "label": "header",
            "words": [
                {
                    "text": "FACSIMILE",
                    "box": [
                        258,
                        151,
                        366,
                        173
                    ]
                },
                {
                    "text": "COVER",
                    "box": [
                        366,
                        152,
                        436,
                        174
                    ]
                },
                {
                    "text": "PAGE",
                    "box": [
                        439,
                        155,
                        496,
                        175
                    ]
                }
            ]
        },
        {
            "text": "12/ 28/ 94",
            "box": [
                228,
                207,
                288,
                224
            ],
            "linking": [
                [
                    1,
                    16
                ]
            ],
            "label": "answer",
            "words": [
                {
                    "text": "12/",
                    "box": [
                        228,
                        207,
                        250,
                        224
                    ]
                },
                {
                    "text": "28/",
                    "box": [
                        250,
                        207,
                        272,
                        222
                    ]
                },
                {
                    "text": "94",
                    "box": [
                        270,
                        207,
                        288,
                        222
                    ]
                }
            ]
        },
        {
            "text": "10: 15",
            "box": [
                508,
                208,
                547,
                225
            ],
            "linking": [
                [
                    2,
                    17
                ]
            ],
            "label": "answer",
            "words": [
                {
                    "text": "10:",
                    "box": [
                        508,
                        208,
                        529,
                        225
                    ]
                },
                {
                    "text": "15",
                    "box": [
                        529,
                        208,
                        547,
                        222
                    ]
                }
            ]
        },
        {
            "text": "The following document, including cover page is",
            "box": [
                80,
                256,
                475,
                282
            ],
            "linking": [
                [
                    18,
                    3
                ]
            ],
            "label": "question",
            "words": [
                {
                    "text": "The",
                    "box": [
                        80,
                        256,
                        112,
                        277
                    ]
                },
                {
                    "text": "following",
                    "box": [
                        116,
                        257,
                        194,
                        279
                    ]
                },
                {
                    "text": "document,",
                    "box": [
                        198,
                        257,
                        286,
                        279
                    ]
                },
                {
                    "text": "including",
                    "box": [
                        289,
                        260,
                        366,
                        281
                    ]
                },
                {
                    "text": "cover",
                    "box": [
                        369,
                        261,
                        415,
                        279
                    ]
                },
                {
                    "text": "page",
                    "box": [
                        413,
                        264,
                        456,
                        282
                    ]
                },
                {
                    "text": "is",
                    "box": [
                        458,
                        260,
                        475,
                        280
                    ]
                }
            ]
        },
        {
            "text": "pages long.",
            "box": [
                577,
                260,
                672,
                284
            ],
            "linking": [],
            "label": "question",
            "words": [
                {
                    "text": "pages",
                    "box": [
                        577,
                        264,
                        627,
                        282
                    ]
                },
                {
                    "text": "long.",
                    "box": [
                        630,
                        260,
                        672,
                        284
                    ]
                }
            ]
        },
        {
            "text": "PLEASE TRANSMIT THIS DOCUMENT TO:",
            "box": [
                218,
                309,
                535,
                331
            ],
            "linking": [
                [
                    20,
                    4
                ],
                [
                    20,
                    5
                ],
                [
                    20,
                    21
                ]
            ],
            "label": "header",
            "words": [
                {
                    "text": "PLEASE",
                    "box": [
                        218,
                        310,
                        285,
                        328
                    ]
                },
                {
                    "text": "TRANSMIT",
                    "box": [
                        285,
                        310,
                        367,
                        331
                    ]
                },
                {
                    "text": "THIS",
                    "box": [
                        369,
                        311,
                        405,
                        328
                    ]
                },
                {
                    "text": "DOCUMENT",
                    "box": [
                        408,
                        309,
                        500,
                        331
                    ]
                },
                {
                    "text": "TO:",
                    "box": [
                        503,
                        313,
                        535,
                        330
                    ]
                }
            ]
        },
        {
            "text": "FAX PHONE NUMBER:",
            "box": [
                77,
                411,
                247,
                431
            ],
            "linking": [
                [
                    20,
                    21
                ],
                [
                    21,
                    24
                ]
            ],
            "label": "question",
            "words": [
                {
                    "text": "FAX",
                    "box": [
                        77,
                        411,
                        109,
                        428
                    ]
                },
                {
                    "text": "PHONE",
                    "box": [
                        112,
                        411,
                        169,
                        429
                    ]
                },
                {
                    "text": "NUMBER:",
                    "box": [
                        173,
                        411,
                        247,
                        431
                    ]
                }
            ]
        },
        {
            "text": "R. H. Orcutt",
            "box": [
                278,
                348,
                364,
                363
            ],
            "linking": [
                [
                    4,
                    22
                ]
            ],
            "label": "answer",
            "words": [
                {
                    "text": "R.",
                    "box": [
                        278,
                        348,
                        292,
                        362
                    ]
                },
                {
                    "text": "H.",
                    "box": [
                        297,
                        349,
                        312,
                        360
                    ]
                },
                {
                    "text": "Orcutt",
                    "box": [
                        321,
                        348,
                        364,
                        363
                    ]
                }
            ]
        },
        {
            "text": "Lorillard- New York",
            "box": [
                277,
                381,
                423,
                399
            ],
            "linking": [
                [
                    5,
                    23
                ]
            ],
            "label": "answer",
            "words": [
                {
                    "text": "Lorillard-",
                    "box": [
                        277,
                        383,
                        358,
                        396
                    ]
                },
                {
                    "text": "New",
                    "box": [
                        362,
                        383,
                        387,
                        397
                    ]
                },
                {
                    "text": "York",
                    "box": [
                        391,
                        381,
                        423,
                        399
                    ]
                }
            ]
        },
        {
            "text": "(212) 545- 3299",
            "box": [
                278,
                415,
                382,
                430
            ],
            "linking": [
                [
                    21,
                    24
                ]
            ],
            "label": "answer",
            "words": [
                {
                    "text": "(212)",
                    "box": [
                        278,
                        415,
                        314,
                        430
                    ]
                },
                {
                    "text": "545-",
                    "box": [
                        321,
                        415,
                        349,
                        430
                    ]
                },
                {
                    "text": "3299",
                    "box": [
                        348,
                        416,
                        382,
                        429
                    ]
                }
            ]
        },
        {
            "text": "THIS DOCUMENT IS FROM:",
            "box": [
                271,
                483,
                479,
                502
            ],
            "linking": [
                [
                    25,
                    6
                ],
                [
                    25,
                    7
                ],
                [
                    25,
                    29
                ]
            ],
            "label": "header",
            "words": [
                {
                    "text": "THIS",
                    "box": [
                        271,
                        483,
                        310,
                        501
                    ]
                },
                {
                    "text": "DOCUMENT",
                    "box": [
                        310,
                        485,
                        402,
                        502
                    ]
                },
                {
                    "text": "IS",
                    "box": [
                        405,
                        486,
                        422,
                        501
                    ]
                },
                {
                    "text": "FROM:",
                    "box": [
                        425,
                        485,
                        479,
                        500
                    ]
                }
            ]
        },
        {
            "text": "J. L. McGinnis - Region 9",
            "box": [
                274,
                521,
                458,
                539
            ],
            "linking": [
                [
                    6,
                    26
                ]
            ],
            "label": "answer",
            "words": [
                {
                    "text": "J.",
                    "box": [
                        274,
                        521,
                        291,
                        536
                    ]
                },
                {
                    "text": "L.",
                    "box": [
                        296,
                        521,
                        311,
                        536
                    ]
                },
                {
                    "text": "McGinnis",
                    "box": [
                        317,
                        521,
                        378,
                        539
                    ]
                },
                {
                    "text": "-",
                    "box": [
                        383,
                        525,
                        396,
                        533
                    ]
                },
                {
                    "text": "Region",
                    "box": [
                        397,
                        522,
                        443,
                        539
                    ]
                },
                {
                    "text": "9",
                    "box": [
                        448,
                        521,
                        458,
                        536
                    ]
                }
            ]
        },
        {
            "text": "Lorillard Tobacco Company Houston N., Texas",
            "box": [
                263,
                553,
                662,
                577
            ],
            "linking": [
                [
                    7,
                    27
                ]
            ],
            "label": "answer",
            "words": [
                {
                    "text": "Lorillard",
                    "box": [
                        263,
                        553,
                        338,
                        574
                    ]
                },
                {
                    "text": "Tobacco",
                    "box": [
                        339,
                        554,
                        407,
                        574
                    ]
                },
                {
                    "text": "Company",
                    "box": [
                        412,
                        554,
                        501,
                        575
                    ]
                },
                {
                    "text": "Houston",
                    "box": [
                        504,
                        554,
                        577,
                        576
                    ]
                },
                {
                    "text": "N.,",
                    "box": [
                        578,
                        556,
                        609,
                        577
                    ]
                },
                {
                    "text": "Texas",
                    "box": [
                        613,
                        556,
                        662,
                        576
                    ]
                }
            ]
        },
        {
            "text": "(713) 591 0204",
            "box": [
                261,
                587,
                373,
                609
            ],
            "linking": [
                [
                    29,
                    28
                ]
            ],
            "label": "answer",
            "words": [
                {
                    "text": "(713)",
                    "box": [
                        261,
                        587,
                        297,
                        609
                    ]
                },
                {
                    "text": "591",
                    "box": [
                        302,
                        588,
                        334,
                        609
                    ]
                },
                {
                    "text": "0204",
                    "box": [
                        334,
                        589,
                        373,
                        609
                    ]
                }
            ]
        },
        {
            "text": "FAX PHONE NUMBER:",
            "box": [
                74,
                587,
                247,
                608
            ],
            "linking": [
                [
                    25,
                    29
                ],
                [
                    29,
                    28
                ]
            ],
            "label": "question",
            "words": [
                {
                    "text": "FAX",
                    "box": [
                        74,
                        588,
                        108,
                        606
                    ]
                },
                {
                    "text": "PHONE",
                    "box": [
                        108,
                        587,
                        169,
                        607
                    ]
                },
                {
                    "text": "NUMBER:",
                    "box": [
                        170,
                        588,
                        247,
                        608
                    ]
                }
            ]
        },
        {
            "text": "Harley Davidson 100's Progress Report.",
            "box": [
                275,
                658,
                549,
                677
            ],
            "linking": [
                [
                    8,
                    30
                ]
            ],
            "label": "answer",
            "words": [
                {
                    "text": "Harley",
                    "box": [
                        275,
                        659,
                        325,
                        676
                    ]
                },
                {
                    "text": "Davidson",
                    "box": [
                        324,
                        659,
                        384,
                        676
                    ]
                },
                {
                    "text": "100's",
                    "box": [
                        391,
                        658,
                        426,
                        676
                    ]
                },
                {
                    "text": "Progress",
                    "box": [
                        430,
                        659,
                        493,
                        677
                    ]
                },
                {
                    "text": "Report.",
                    "box": [
                        497,
                        659,
                        549,
                        676
                    ]
                }
            ]
        },
        {
            "text": "R. B. Spell",
            "box": [
                309,
                726,
                390,
                743
            ],
            "linking": [
                [
                    9,
                    31
                ]
            ],
            "label": "answer",
            "words": [
                {
                    "text": "R.",
                    "box": [
                        309,
                        730,
                        326,
                        743
                    ]
                },
                {
                    "text": "B.",
                    "box": [
                        331,
                        728,
                        345,
                        743
                    ]
                },
                {
                    "text": "Spell",
                    "box": [
                        352,
                        726,
                        390,
                        743
                    ]
                }
            ]
        },
        {
            "text": "A. J. Giacoio",
            "box": [
                309,
                746,
                405,
                761
            ],
            "linking": [
                [
                    9,
                    32
                ]
            ],
            "label": "answer",
            "words": [
                {
                    "text": "A.",
                    "box": [
                        309,
                        746,
                        324,
                        761
                    ]
                },
                {
                    "text": "J.",
                    "box": [
                        330,
                        746,
                        347,
                        760
                    ]
                },
                {
                    "text": "Giacoio",
                    "box": [
                        352,
                        747,
                        405,
                        761
                    ]
                }
            ]
        },
        {
            "text": "P. J. McCann",
            "box": [
                306,
                763,
                398,
                777
            ],
            "linking": [
                [
                    9,
                    33
                ]
            ],
            "label": "answer",
            "words": [
                {
                    "text": "P.",
                    "box": [
                        306,
                        763,
                        326,
                        777
                    ]
                },
                {
                    "text": "J.",
                    "box": [
                        331,
                        763,
                        346,
                        777
                    ]
                },
                {
                    "text": "McCann",
                    "box": [
                        352,
                        763,
                        398,
                        777
                    ]
                }
            ]
        },
        {
            "text": "S. L. Enloe",
            "box": [
                309,
                779,
                392,
                794
            ],
            "linking": [
                [
                    9,
                    34
                ]
            ],
            "label": "answer",
            "words": [
                {
                    "text": "S.",
                    "box": [
                        309,
                        781,
                        324,
                        794
                    ]
                },
                {
                    "text": "L.",
                    "box": [
                        330,
                        779,
                        344,
                        793
                    ]
                },
                {
                    "text": "Enloe",
                    "box": [
                        351,
                        779,
                        392,
                        794
                    ]
                }
            ]
        },
        {
            "text": "T. L. Achey",
            "box": [
                307,
                796,
                391,
                811
            ],
            "linking": [
                [
                    9,
                    35
                ]
            ],
            "label": "answer",
            "words": [
                {
                    "text": "T.",
                    "box": [
                        307,
                        796,
                        325,
                        806
                    ]
                },
                {
                    "text": "L.",
                    "box": [
                        330,
                        796,
                        345,
                        809
                    ]
                },
                {
                    "text": "Achey",
                    "box": [
                        352,
                        796,
                        391,
                        811
                    ]
                }
            ]
        },
        {
            "text": "In the event that any of these pages are not legible, or you do not receive all pages, please call this office soon as possible at (713) 591- 6733",
            "box": [
                70,
                865,
                669,
                912
            ],
            "linking": [],
            "label": "other",
            "words": [
                {
                    "text": "In",
                    "box": [
                        70,
                        865,
                        90,
                        882
                    ]
                },
                {
                    "text": "the",
                    "box": [
                        92,
                        865,
                        120,
                        883
                    ]
                },
                {
                    "text": "event",
                    "box": [
                        122,
                        869,
                        168,
                        883
                    ]
                },
                {
                    "text": "that",
                    "box": [
                        170,
                        866,
                        204,
                        883
                    ]
                },
                {
                    "text": "any",
                    "box": [
                        207,
                        870,
                        238,
                        887
                    ]
                },
                {
                    "text": "of",
                    "box": [
                        239,
                        866,
                        259,
                        886
                    ]
                },
                {
                    "text": "these",
                    "box": [
                        258,
                        869,
                        301,
                        886
                    ]
                },
                {
                    "text": "pages",
                    "box": [
                        304,
                        872,
                        350,
                        887
                    ]
                },
                {
                    "text": "are",
                    "box": [
                        352,
                        870,
                        379,
                        884
                    ]
                },
                {
                    "text": "not",
                    "box": [
                        380,
                        872,
                        409,
                        885
                    ]
                },
                {
                    "text": "legible,",
                    "box": [
                        411,
                        869,
                        471,
                        887
                    ]
                },
                {
                    "text": "or",
                    "box": [
                        473,
                        872,
                        493,
                        886
                    ]
                },
                {
                    "text": "you",
                    "box": [
                        493,
                        873,
                        527,
                        890
                    ]
                },
                {
                    "text": "do",
                    "box": [
                        527,
                        869,
                        551,
                        887
                    ]
                },
                {
                    "text": "not",
                    "box": [
                        552,
                        872,
                        583,
                        887
                    ]
                },
                {
                    "text": "receive",
                    "box": [
                        584,
                        869,
                        644,
                        890
                    ]
                },
                {
                    "text": "all",
                    "box": [
                        645,
                        869,
                        669,
                        887
                    ]
                },
                {
                    "text": "pages,",
                    "box": [
                        70,
                        888,
                        123,
                        905
                    ]
                },
                {
                    "text": "please",
                    "box": [
                        127,
                        887,
                        180,
                        908
                    ]
                },
                {
                    "text": "call",
                    "box": [
                        184,
                        887,
                        216,
                        905
                    ]
                },
                {
                    "text": "this",
                    "box": [
                        219,
                        887,
                        251,
                        905
                    ]
                },
                {
                    "text": "office",
                    "box": [
                        254,
                        888,
                        301,
                        905
                    ]
                },
                {
                    "text": "",
                    "box": [
                        303,
                        891,
                        325,
                        904
                    ]
                },
                {
                    "text": "soon",
                    "box": [
                        328,
                        891,
                        366,
                        905
                    ]
                },
                {
                    "text": "as",
                    "box": [
                        369,
                        892,
                        389,
                        905
                    ]
                },
                {
                    "text": "possible",
                    "box": [
                        390,
                        890,
                        457,
                        912
                    ]
                },
                {
                    "text": "at",
                    "box": [
                        459,
                        890,
                        479,
                        907
                    ]
                },
                {
                    "text": "(713)",
                    "box": [
                        483,
                        888,
                        526,
                        912
                    ]
                },
                {
                    "text": "591-",
                    "box": [
                        531,
                        890,
                        569,
                        910
                    ]
                },
                {
                    "text": "6733",
                    "box": [
                        567,
                        888,
                        612,
                        908
                    ]
                }
            ]
        }
    ]
}