{
    "form": [
        {
            "box": [
                404,
                144,
                460,
                162
            ],
            "text": "Division",
            "label": "question",
            "words": [
                {
                    "box": [
                        404,
                        144,
                        460,
                        162
                    ],
                    "text": "Division"
                }
            ],
            "linking": [
                [
                    0,
                    35
                ]
            ]
        },
        {
            "box": [
                75,
                151,
                135,
                171
            ],
            "text": "Location",
            "label": "question",
            "words": [
                {
                    "box": [
                        75,
                        151,
                        135,
                        171
                    ],
                    "text": "Location"
                }
            ],
            "linking": [
                [
                    1,
                    39
                ]
            ]
        },
        {
            "box": [
                81,
                279,
                119,
                294
            ],
            "text": "Mugs",
            "label": "question",
            "words": [
                {
                    "box": [
                        81,
                        279,
                        119,
                        294
                    ],
                    "text": "Mugs"
                }
            ],
            "linking": [
                [
                    44,
                    2
                ],
                [
                    2,
                    22
                ]
            ]
        },
        {
            "box": [
                413,
                244,
                490,
                261
            ],
            "text": "Invitations:",
            "label": "header",
            "words": [
                {
                    "box": [
                        413,
                        244,
                        490,
                        261
                    ],
                    "text": "Invitations:"
                }
            ],
            "linking": [
                [
                    3,
                    48
                ],
                [
                    3,
                    50
                ],
                [
                    3,
                    49
                ]
            ]
        },
        {
            "box": [
                81,
                324,
                131,
                341
            ],
            "text": "Posters",
            "label": "question",
            "words": [
                {
                    "box": [
                        81,
                        324,
                        131,
                        341
                    ],
                    "text": "Posters"
                }
            ],
            "linking": [
                [
                    44,
                    4
                ],
                [
                    4,
                    25
                ]
            ]
        },
        {
            "box": [
                82,
                416,
                135,
                434
            ],
            "text": "Counter",
            "label": "question",
            "words": [
                {
                    "box": [
                        82,
                        416,
                        135,
                        434
                    ],
                    "text": "Counter"
                }
            ],
            "linking": [
                [
                    53,
                    5
                ],
                [
                    5,
                    19
                ]
            ]
        },
        {
            "box": [
                82,
                432,
                118,
                449
            ],
            "text": "Floor",
            "label": "question",
            "words": [
                {
                    "box": [
                        82,
                        432,
                        118,
                        449
                    ],
                    "text": "Floor"
                }
            ],
            "linking": [
                [
                    53,
                    6
                ],
                [
                    6,
                    20
                ]
            ]
        },
        {
            "box": [
                82,
                450,
                134,
                467
            ],
            "text": "Posters",
            "label": "question",
            "words": [
                {
                    "box": [
                        82,
                        450,
                        134,
                        467
                    ],
                    "text": "Posters"
                }
            ],
            "linking": [
                [
                    53,
                    7
                ],
                [
                    7,
                    21
                ]
            ]
        },
        {
            "box": [
                321,
                719,
                356,
                732
            ],
            "text": "Fair",
            "label": "question",
            "words": [
                {
                    "box": [
                        321,
                        719,
                        356,
                        732
                    ],
                    "text": "Fair"
                }
            ],
            "linking": []
        },
        {
            "box": [
                454,
                714,
                507,
                731
            ],
            "text": "Average",
            "label": "question",
            "words": [
                {
                    "box": [
                        454,
                        714,
                        507,
                        731
                    ],
                    "text": "Average"
                }
            ],
            "linking": []
        },
        {
            "box": [
                594,
                709,
                655,
                726
            ],
            "text": "Excellent",
            "label": "question",
            "words": [
                {
                    "box": [
                        594,
                        709,
                        655,
                        726
                    ],
                    "text": "Excellent"
                }
            ],
            "linking": []
        },
        {
            "box": [
                161,
                677,
                197,
                692
            ],
            "text": "Food",
            "label": "question",
            "words": [
                {
                    "box": [
                        161,
                        677,
                        197,
                        692
                    ],
                    "text": "Food"
                }
            ],
            "linking": [
                [
                    63,
                    11
                ],
                [
                    11,
                    27
                ]
            ]
        },
        {
            "box": [
                161,
                693,
                238,
                707
            ],
            "text": "Cleanliness",
            "label": "question",
            "words": [
                {
                    "box": [
                        161,
                        693,
                        238,
                        707
                    ],
                    "text": "Cleanliness"
                }
            ],
            "linking": [
                [
                    63,
                    12
                ],
                [
                    12,
                    28
                ]
            ]
        },
        {
            "box": [
                161,
                705,
                211,
                723
            ],
            "text": "Service",
            "label": "question",
            "words": [
                {
                    "box": [
                        161,
                        705,
                        211,
                        723
                    ],
                    "text": "Service"
                }
            ],
            "linking": [
                [
                    63,
                    13
                ],
                [
                    13,
                    29
                ]
            ]
        },
        {
            "box": [
                363,
                384,
                437,
                404
            ],
            "text": "Attendees:",
            "label": "header",
            "words": [
                {
                    "box": [
                        363,
                        384,
                        437,
                        404
                    ],
                    "text": "Attendees:"
                }
            ],
            "linking": [
                [
                    14,
                    54
                ],
                [
                    14,
                    55
                ],
                [
                    14,
                    56
                ]
            ]
        },
        {
            "box": [
                535,
                264,
                557,
                285
            ],
            "text": "10",
            "label": "answer",
            "words": [
                {
                    "box": [
                        535,
                        264,
                        557,
                        285
                    ],
                    "text": "10"
                }
            ],
            "linking": [
                [
                    48,
                    15
                ]
            ]
        },
        {
            "box": [
                541,
                408,
                558,
                423
            ],
            "text": "8",
            "label": "answer",
            "words": [
                {
                    "box": [
                        541,
                        408,
                        558,
                        423
                    ],
                    "text": "8"
                }
            ],
            "linking": [
                [
                    54,
                    16
                ]
            ]
        },
        {
            "box": [
                539,
                418,
                554,
                435
            ],
            "text": "8",
            "label": "answer",
            "words": [
                {
                    "box": [
                        539,
                        418,
                        554,
                        435
                    ],
                    "text": "8"
                }
            ],
            "linking": [
                [
                    55,
                    17
                ]
            ]
        },
        {
            "box": [
                541,
                437,
                561,
                448
            ],
            "text": "2",
            "label": "answer",
            "words": [
                {
                    "box": [
                        541,
                        437,
                        561,
                        448
                    ],
                    "text": "2"
                }
            ],
            "linking": [
                [
                    56,
                    18
                ]
            ]
        },
        {
            "box": [
                186,
                415,
                203,
                432
            ],
            "text": "0",
            "label": "answer",
            "words": [
                {
                    "box": [
                        186,
                        415,
                        203,
                        432
                    ],
                    "text": "0"
                }
            ],
            "linking": [
                [
                    5,
                    19
                ]
            ]
        },
        {
            "box": [
                189,
                429,
                203,
                444
            ],
            "text": "0",
            "label": "answer",
            "words": [
                {
                    "box": [
                        189,
                        429,
                        203,
                        444
                    ],
                    "text": "0"
                }
            ],
            "linking": [
                [
                    6,
                    20
                ]
            ]
        },
        {
            "box": [
                189,
                446,
                203,
                459
            ],
            "text": "0",
            "label": "answer",
            "words": [
                {
                    "box": [
                        189,
                        446,
                        203,
                        459
                    ],
                    "text": "0"
                }
            ],
            "linking": [
                [
                    7,
                    21
                ]
            ]
        },
        {
            "box": [
                186,
                275,
                199,
                295
            ],
            "text": "0",
            "label": "answer",
            "words": [
                {
                    "box": [
                        186,
                        275,
                        199,
                        295
                    ],
                    "text": "0"
                }
            ],
            "linking": [
                [
                    2,
                    22
                ]
            ]
        },
        {
            "box": [
                186,
                292,
                199,
                305
            ],
            "text": "0",
            "label": "answer",
            "words": [
                {
                    "box": [
                        186,
                        292,
                        199,
                        305
                    ],
                    "text": "0"
                }
            ],
            "linking": [
                [
                    45,
                    23
                ]
            ]
        },
        {
            "box": [
                187,
                306,
                201,
                320
            ],
            "text": "0",
            "label": "answer",
            "words": [
                {
                    "box": [
                        187,
                        306,
                        201,
                        320
                    ],
                    "text": "0"
                }
            ],
            "linking": [
                [
                    46,
                    24
                ]
            ]
        },
        {
            "box": [
                187,
                320,
                200,
                335
            ],
            "text": "0",
            "label": "answer",
            "words": [
                {
                    "box": [
                        187,
                        320,
                        200,
                        335
                    ],
                    "text": "0"
                }
            ],
            "linking": [
                [
                    4,
                    25
                ]
            ]
        },
        {
            "box": [
                351,
                624,
                371,
                642
            ],
            "text": "10",
            "label": "answer",
            "words": [
                {
                    "box": [
                        351,
                        624,
                        371,
                        642
                    ],
                    "text": "10"
                }
            ],
            "linking": [
                [
                    61,
                    26
                ]
            ]
        },
        {
            "box": [
                464,
                670,
                479,
                687
            ],
            "text": "X",
            "label": "answer",
            "words": [
                {
                    "box": [
                        464,
                        670,
                        479,
                        687
                    ],
                    "text": "X"
                }
            ],
            "linking": [
                [
                    11,
                    27
                ]
            ]
        },
        {
            "box": [
                615,
                680,
                626,
                694
            ],
            "text": "X",
            "label": "answer",
            "words": [
                {
                    "box": [
                        615,
                        680,
                        626,
                        694
                    ],
                    "text": "X"
                }
            ],
            "linking": [
                [
                    12,
                    28
                ]
            ]
        },
        {
            "box": [
                610,
                694,
                625,
                705
            ],
            "text": "X",
            "label": "answer",
            "words": [
                {
                    "box": [
                        610,
                        694,
                        625,
                        705
                    ],
                    "text": "X"
                }
            ],
            "linking": [
                [
                    13,
                    29
                ]
            ]
        },
        {
            "box": [
                605,
                617,
                625,
                638
            ],
            "text": "10",
            "label": "answer",
            "words": [
                {
                    "box": [
                        605,
                        617,
                        625,
                        638
                    ],
                    "text": "10"
                }
            ],
            "linking": [
                [
                    62,
                    30
                ]
            ]
        },
        {
            "box": [
                683,
                785,
                698,
                853
            ],
            "text": "93213298",
            "label": "other",
            "words": [
                {
                    "box": [
                        683,
                        785,
                        698,
                        853
                    ],
                    "text": "93213298"
                }
            ],
            "linking": []
        },
        {
            "box": [
                291,
                253,
                371,
                300
            ],
            "text": "",
            "label": "other",
            "words": [
                {
                    "box": [
                        291,
                        253,
                        371,
                        300
                    ],
                    "text": ""
                }
            ],
            "linking": []
        },
        {
            "box": [
                338,
                331,
                367,
                360
            ],
            "text": "",
            "label": "other",
            "words": [
                {
                    "box": [
                        338,
                        331,
                        367,
                        360
                    ],
                    "text": ""
                }
            ],
            "linking": []
        },
        {
            "text": "NEWPORT RACING EVENT SURVEY",
            "box": [
                219,
                113,
                502,
                136
            ],
            "linking": [],
            "label": "header",
            "words": [
                {
                    "text": "NEWPORT",
                    "box": [
                        219,
                        119,
                        304,
                        136
                    ]
                },
                {
                    "text": "RACING",
                    "box": [
                        310,
                        116,
                        370,
                        134
                    ]
                },
                {
                    "text": "EVENT",
                    "box": [
                        376,
                        115,
                        429,
                        133
                    ]
                },
                {
                    "text": "SURVEY",
                    "box": [
                        434,
                        113,
                        502,
                        130
                    ]
                }
            ]
        },
        {
            "text": "Detroit - MCA",
            "box": [
                504,
                137,
                613,
                160
            ],
            "linking": [
                [
                    0,
                    35
                ]
            ],
            "label": "answer",
            "words": [
                {
                    "text": "Detroit",
                    "box": [
                        504,
                        138,
                        563,
                        160
                    ]
                },
                {
                    "text": "-",
                    "box": [
                        570,
                        137,
                        584,
                        157
                    ]
                },
                {
                    "text": "MCA",
                    "box": [
                        588,
                        138,
                        613,
                        156
                    ]
                }
            ]
        },
        {
            "text": "R. L. Lavoie",
            "box": [
                504,
                169,
                607,
                190
            ],
            "linking": [
                [
                    37,
                    36
                ]
            ],
            "label": "answer",
            "words": [
                {
                    "text": "R.",
                    "box": [
                        504,
                        169,
                        524,
                        189
                    ]
                },
                {
                    "text": "L.",
                    "box": [
                        529,
                        172,
                        549,
                        190
                    ]
                },
                {
                    "text": "Lavoie",
                    "box": [
                        554,
                        172,
                        607,
                        189
                    ]
                }
            ]
        },
        {
            "text": "Division Mgr",
            "box": [
                406,
                172,
                485,
                192
            ],
            "linking": [
                [
                    37,
                    36
                ]
            ],
            "label": "question",
            "words": [
                {
                    "text": "Division",
                    "box": [
                        406,
                        173,
                        456,
                        190
                    ]
                },
                {
                    "text": "Mgr",
                    "box": [
                        461,
                        172,
                        485,
                        192
                    ]
                }
            ]
        },
        {
            "text": "Date (s)",
            "box": [
                80,
                183,
                131,
                203
            ],
            "linking": [
                [
                    38,
                    40
                ]
            ],
            "label": "question",
            "words": [
                {
                    "text": "Date",
                    "box": [
                        80,
                        183,
                        108,
                        201
                    ]
                },
                {
                    "text": "(s)",
                    "box": [
                        113,
                        183,
                        131,
                        203
                    ]
                }
            ]
        },
        {
            "text": "DETROIT GRAND PRIX",
            "box": [
                159,
                147,
                311,
                167
            ],
            "linking": [
                [
                    1,
                    39
                ]
            ],
            "label": "answer",
            "words": [
                {
                    "text": "DETROIT",
                    "box": [
                        159,
                        148,
                        219,
                        166
                    ]
                },
                {
                    "text": "GRAND",
                    "box": [
                        225,
                        147,
                        271,
                        167
                    ]
                },
                {
                    "text": "PRIX",
                    "box": [
                        275,
                        147,
                        311,
                        164
                    ]
                }
            ]
        },
        {
            "text": "June 11, 1995",
            "box": [
                161,
                175,
                273,
                197
            ],
            "linking": [
                [
                    38,
                    40
                ]
            ],
            "label": "answer",
            "words": [
                {
                    "text": "June",
                    "box": [
                        161,
                        177,
                        197,
                        197
                    ]
                },
                {
                    "text": "11,",
                    "box": [
                        204,
                        175,
                        228,
                        195
                    ]
                },
                {
                    "text": "1995",
                    "box": [
                        239,
                        177,
                        273,
                        190
                    ]
                }
            ]
        },
        {
            "text": "Date Submitted",
            "box": [
                264,
                205,
                364,
                223
            ],
            "linking": [
                [
                    41,
                    42
                ]
            ],
            "label": "question",
            "words": [
                {
                    "text": "Date",
                    "box": [
                        264,
                        208,
                        299,
                        223
                    ]
                },
                {
                    "text": "Submitted",
                    "box": [
                        300,
                        205,
                        364,
                        223
                    ]
                }
            ]
        },
        {
            "text": "July 6, 1995",
            "box": [
                377,
                200,
                476,
                223
            ],
            "linking": [
                [
                    41,
                    42
                ]
            ],
            "label": "answer",
            "words": [
                {
                    "text": "July",
                    "box": [
                        377,
                        203,
                        409,
                        223
                    ]
                },
                {
                    "text": "6,",
                    "box": [
                        415,
                        200,
                        435,
                        222
                    ]
                },
                {
                    "text": "1995",
                    "box": [
                        441,
                        204,
                        476,
                        221
                    ]
                }
            ]
        },
        {
            "text": "(submit by 30 days after event)",
            "box": [
                295,
                223,
                455,
                240
            ],
            "linking": [],
            "label": "other",
            "words": [
                {
                    "text": "(submit",
                    "box": [
                        295,
                        225,
                        336,
                        240
                    ]
                },
                {
                    "text": "by",
                    "box": [
                        337,
                        226,
                        350,
                        240
                    ]
                },
                {
                    "text": "30",
                    "box": [
                        351,
                        223,
                        365,
                        238
                    ]
                },
                {
                    "text": "days",
                    "box": [
                        367,
                        225,
                        391,
                        239
                    ]
                },
                {
                    "text": "after",
                    "box": [
                        394,
                        225,
                        419,
                        236
                    ]
                },
                {
                    "text": "event)",
                    "box": [
                        420,
                        223,
                        455,
                        237
                    ]
                }
            ]
        },
        {
            "text": "Promotion Quantity:",
            "box": [
                80,
                251,
                211,
                269
            ],
            "linking": [
                [
                    44,
                    2
                ],
                [
                    44,
                    46
                ],
                [
                    44,
                    45
                ],
                [
                    44,
                    4
                ]
            ],
            "label": "header",
            "words": [
                {
                    "text": "Promotion",
                    "box": [
                        80,
                        251,
                        148,
                        268
                    ]
                },
                {
                    "text": "Quantity:",
                    "box": [
                        152,
                        251,
                        211,
                        269
                    ]
                }
            ]
        },
        {
            "text": "Displays (8)",
            "box": [
                81,
                295,
                161,
                313
            ],
            "linking": [
                [
                    44,
                    45
                ],
                [
                    45,
                    23
                ]
            ],
            "label": "question",
            "words": [
                {
                    "text": "Displays",
                    "box": [
                        81,
                        296,
                        135,
                        311
                    ]
                },
                {
                    "text": "(8)",
                    "box": [
                        140,
                        295,
                        161,
                        313
                    ]
                }
            ]
        },
        {
            "text": "Floor (40)",
            "box": [
                80,
                306,
                149,
                327
            ],
            "linking": [
                [
                    44,
                    46
                ],
                [
                    46,
                    24
                ]
            ],
            "label": "question",
            "words": [
                {
                    "text": "Floor",
                    "box": [
                        80,
                        309,
                        116,
                        326
                    ]
                },
                {
                    "text": "(40)",
                    "box": [
                        120,
                        306,
                        149,
                        327
                    ]
                }
            ]
        },
        {
            "text": "Date Rec'd",
            "box": [
                82,
                351,
                156,
                370
            ],
            "linking": [],
            "label": "question",
            "words": [
                {
                    "text": "Date",
                    "box": [
                        82,
                        356,
                        116,
                        370
                    ]
                },
                {
                    "text": "Rec'd",
                    "box": [
                        117,
                        351,
                        156,
                        369
                    ]
                }
            ]
        },
        {
            "text": "# Requested",
            "box": [
                412,
                264,
                503,
                285
            ],
            "linking": [
                [
                    3,
                    48
                ],
                [
                    48,
                    15
                ]
            ],
            "label": "question",
            "words": [
                {
                    "text": "#",
                    "box": [
                        412,
                        270,
                        429,
                        284
                    ]
                },
                {
                    "text": "Requested",
                    "box": [
                        432,
                        264,
                        503,
                        285
                    ]
                }
            ]
        },
        {
            "text": "Date Notified",
            "box": [
                411,
                282,
                500,
                300
            ],
            "linking": [
                [
                    3,
                    49
                ]
            ],
            "label": "question",
            "words": [
                {
                    "text": "Date",
                    "box": [
                        411,
                        286,
                        446,
                        300
                    ]
                },
                {
                    "text": "Notified",
                    "box": [
                        447,
                        282,
                        500,
                        300
                    ]
                }
            ]
        },
        {
            "text": "Date Ordered",
            "box": [
                415,
                297,
                504,
                317
            ],
            "linking": [
                [
                    3,
                    50
                ]
            ],
            "label": "question",
            "words": [
                {
                    "text": "Date",
                    "box": [
                        415,
                        300,
                        447,
                        317
                    ]
                },
                {
                    "text": "Ordered",
                    "box": [
                        448,
                        297,
                        504,
                        317
                    ]
                }
            ]
        },
        {
            "text": "Date Rec'd",
            "box": [
                415,
                345,
                491,
                365
            ],
            "linking": [
                [
                    51,
                    52
                ]
            ],
            "label": "question",
            "words": [
                {
                    "text": "Date",
                    "box": [
                        415,
                        348,
                        447,
                        365
                    ]
                },
                {
                    "text": "Rec'd",
                    "box": [
                        450,
                        345,
                        491,
                        359
                    ]
                }
            ]
        },
        {
            "text": "05/ 01/ 95",
            "box": [
                508,
                341,
                577,
                361
            ],
            "linking": [
                [
                    51,
                    52
                ]
            ],
            "label": "answer",
            "words": [
                {
                    "text": "05/",
                    "box": [
                        508,
                        341,
                        525,
                        361
                    ]
                },
                {
                    "text": "01/",
                    "box": [
                        527,
                        341,
                        552,
                        361
                    ]
                },
                {
                    "text": "95",
                    "box": [
                        550,
                        342,
                        577,
                        360
                    ]
                }
            ]
        },
        {
            "text": "# Displays Placed:",
            "box": [
                80,
                390,
                208,
                409
            ],
            "linking": [
                [
                    53,
                    5
                ],
                [
                    53,
                    6
                ],
                [
                    53,
                    7
                ]
            ],
            "label": "header",
            "words": [
                {
                    "text": "#",
                    "box": [
                        80,
                        392,
                        97,
                        407
                    ]
                },
                {
                    "text": "Displays",
                    "box": [
                        99,
                        391,
                        155,
                        409
                    ]
                },
                {
                    "text": "Placed:",
                    "box": [
                        158,
                        390,
                        208,
                        405
                    ]
                }
            ]
        },
        {
            "text": "# Customers Invited",
            "box": [
                369,
                406,
                504,
                426
            ],
            "linking": [
                [
                    14,
                    54
                ],
                [
                    54,
                    16
                ]
            ],
            "label": "question",
            "words": [
                {
                    "text": "#",
                    "box": [
                        369,
                        406,
                        380,
                        424
                    ]
                },
                {
                    "text": "Customers",
                    "box": [
                        380,
                        406,
                        454,
                        426
                    ]
                },
                {
                    "text": "Invited",
                    "box": [
                        454,
                        408,
                        504,
                        425
                    ]
                }
            ]
        },
        {
            "text": "# Customers Attended",
            "box": [
                367,
                423,
                516,
                441
            ],
            "linking": [
                [
                    14,
                    55
                ],
                [
                    55,
                    17
                ]
            ],
            "label": "question",
            "words": [
                {
                    "text": "#",
                    "box": [
                        367,
                        426,
                        381,
                        440
                    ]
                },
                {
                    "text": "Customers",
                    "box": [
                        384,
                        426,
                        454,
                        441
                    ]
                },
                {
                    "text": "Attended",
                    "box": [
                        453,
                        423,
                        516,
                        438
                    ]
                }
            ]
        },
        {
            "text": "# Lorillard Personnel",
            "box": [
                367,
                437,
                510,
                458
            ],
            "linking": [
                [
                    14,
                    56
                ],
                [
                    56,
                    18
                ]
            ],
            "label": "question",
            "words": [
                {
                    "text": "#",
                    "box": [
                        367,
                        440,
                        380,
                        455
                    ]
                },
                {
                    "text": "Lorillard",
                    "box": [
                        383,
                        441,
                        437,
                        458
                    ]
                },
                {
                    "text": "Personnel",
                    "box": [
                        439,
                        437,
                        510,
                        457
                    ]
                }
            ]
        },
        {
            "text": "Invitees Comments:",
            "box": [
                82,
                479,
                216,
                498
            ],
            "linking": [
                [
                    57,
                    58
                ],
                [
                    57,
                    59
                ]
            ],
            "label": "question",
            "words": [
                {
                    "text": "Invitees",
                    "box": [
                        82,
                        480,
                        138,
                        498
                    ]
                },
                {
                    "text": "Comments:",
                    "box": [
                        141,
                        479,
                        216,
                        496
                    ]
                }
            ]
        },
        {
            "text": "Invitees stated the Newport hospitality tent was very",
            "box": [
                233,
                469,
                669,
                493
            ],
            "linking": [
                [
                    57,
                    58
                ]
            ],
            "label": "answer",
            "words": [
                {
                    "text": "Invitees",
                    "box": [
                        233,
                        478,
                        299,
                        493
                    ]
                },
                {
                    "text": "stated",
                    "box": [
                        307,
                        475,
                        357,
                        493
                    ]
                },
                {
                    "text": "the",
                    "box": [
                        365,
                        476,
                        389,
                        489
                    ]
                },
                {
                    "text": "Newport",
                    "box": [
                        397,
                        473,
                        454,
                        488
                    ]
                },
                {
                    "text": "hospitality",
                    "box": [
                        461,
                        471,
                        553,
                        488
                    ]
                },
                {
                    "text": "tent",
                    "box": [
                        563,
                        471,
                        594,
                        486
                    ]
                },
                {
                    "text": "was",
                    "box": [
                        602,
                        471,
                        627,
                        485
                    ]
                },
                {
                    "text": "very",
                    "box": [
                        635,
                        469,
                        669,
                        484
                    ]
                }
            ]
        },
        {
            "text": "difficult to locate. Also, the Indy Lights Paddock area was not clearly identified Most Invitees were looking for the hospitality tent in a separate identified area away from the Paddock Brea and the Newport car transporter.",
            "box": [
                84,
                490,
                653,
                560
            ],
            "linking": [
                [
                    57,
                    59
                ]
            ],
            "label": "answer",
            "words": [
                {
                    "text": "difficult",
                    "box": [
                        84,
                        500,
                        159,
                        514
                    ]
                },
                {
                    "text": "to",
                    "box": [
                        165,
                        499,
                        183,
                        512
                    ]
                },
                {
                    "text": "locate.",
                    "box": [
                        191,
                        499,
                        247,
                        513
                    ]
                },
                {
                    "text": "Also,",
                    "box": [
                        265,
                        497,
                        306,
                        511
                    ]
                },
                {
                    "text": "the",
                    "box": [
                        316,
                        496,
                        341,
                        510
                    ]
                },
                {
                    "text": "Indy",
                    "box": [
                        348,
                        494,
                        379,
                        509
                    ]
                },
                {
                    "text": "Lights",
                    "box": [
                        388,
                        493,
                        437,
                        507
                    ]
                },
                {
                    "text": "Paddock",
                    "box": [
                        447,
                        492,
                        504,
                        507
                    ]
                },
                {
                    "text": "area",
                    "box": [
                        513,
                        493,
                        547,
                        506
                    ]
                },
                {
                    "text": "was",
                    "box": [
                        553,
                        492,
                        578,
                        505
                    ]
                },
                {
                    "text": "not",
                    "box": [
                        587,
                        490,
                        609,
                        501
                    ]
                },
                {
                    "text": "clearly",
                    "box": [
                        85,
                        515,
                        141,
                        530
                    ]
                },
                {
                    "text": "identified",
                    "box": [
                        149,
                        513,
                        238,
                        527
                    ]
                },
                {
                    "text": "Most",
                    "box": [
                        257,
                        513,
                        291,
                        527
                    ]
                },
                {
                    "text": "Invitees",
                    "box": [
                        299,
                        510,
                        365,
                        524
                    ]
                },
                {
                    "text": "were",
                    "box": [
                        373,
                        511,
                        405,
                        521
                    ]
                },
                {
                    "text": "looking",
                    "box": [
                        415,
                        508,
                        472,
                        521
                    ]
                },
                {
                    "text": "for",
                    "box": [
                        480,
                        506,
                        505,
                        519
                    ]
                },
                {
                    "text": "the",
                    "box": [
                        511,
                        506,
                        538,
                        517
                    ]
                },
                {
                    "text": "hospitality",
                    "box": [
                        546,
                        503,
                        638,
                        518
                    ]
                },
                {
                    "text": "tent",
                    "box": [
                        84,
                        531,
                        116,
                        544
                    ]
                },
                {
                    "text": "in",
                    "box": [
                        124,
                        529,
                        144,
                        542
                    ]
                },
                {
                    "text": "a",
                    "box": [
                        149,
                        531,
                        159,
                        541
                    ]
                },
                {
                    "text": "separate",
                    "box": [
                        166,
                        529,
                        233,
                        542
                    ]
                },
                {
                    "text": "identified",
                    "box": [
                        242,
                        527,
                        324,
                        542
                    ]
                },
                {
                    "text": "area",
                    "box": [
                        331,
                        527,
                        366,
                        540
                    ]
                },
                {
                    "text": "away",
                    "box": [
                        372,
                        525,
                        406,
                        539
                    ]
                },
                {
                    "text": "from",
                    "box": [
                        413,
                        524,
                        447,
                        538
                    ]
                },
                {
                    "text": "the",
                    "box": [
                        454,
                        524,
                        481,
                        537
                    ]
                },
                {
                    "text": "Paddock",
                    "box": [
                        487,
                        522,
                        546,
                        533
                    ]
                },
                {
                    "text": "Brea",
                    "box": [
                        556,
                        521,
                        587,
                        532
                    ]
                },
                {
                    "text": "and",
                    "box": [
                        596,
                        521,
                        623,
                        531
                    ]
                },
                {
                    "text": "the",
                    "box": [
                        628,
                        520,
                        653,
                        533
                    ]
                },
                {
                    "text": "Newport",
                    "box": [
                        84,
                        543,
                        144,
                        560
                    ]
                },
                {
                    "text": "car",
                    "box": [
                        152,
                        545,
                        174,
                        556
                    ]
                },
                {
                    "text": "transporter.",
                    "box": [
                        184,
                        543,
                        280,
                        556
                    ]
                }
            ]
        },
        {
            "text": "Race Day Info:",
            "box": [
                84,
                630,
                186,
                650
            ],
            "linking": [
                [
                    60,
                    61
                ],
                [
                    60,
                    62
                ]
            ],
            "label": "header",
            "words": [
                {
                    "text": "Race",
                    "box": [
                        84,
                        630,
                        119,
                        650
                    ]
                },
                {
                    "text": "Day",
                    "box": [
                        124,
                        633,
                        151,
                        650
                    ]
                },
                {
                    "text": "Info:",
                    "box": [
                        154,
                        633,
                        186,
                        650
                    ]
                }
            ]
        },
        {
            "text": "Event Attendance",
            "box": [
                214,
                630,
                331,
                648
            ],
            "linking": [
                [
                    60,
                    61
                ],
                [
                    61,
                    26
                ]
            ],
            "label": "question",
            "words": [
                {
                    "text": "Event",
                    "box": [
                        214,
                        633,
                        255,
                        648
                    ]
                },
                {
                    "text": "Attendance",
                    "box": [
                        256,
                        630,
                        331,
                        647
                    ]
                }
            ]
        },
        {
            "text": "Hospitality Tent Attendance",
            "box": [
                406,
                623,
                585,
                644
            ],
            "linking": [
                [
                    60,
                    62
                ],
                [
                    62,
                    30
                ]
            ],
            "label": "question",
            "words": [
                {
                    "text": "Hospitality",
                    "box": [
                        406,
                        627,
                        474,
                        644
                    ]
                },
                {
                    "text": "Tent",
                    "box": [
                        476,
                        627,
                        510,
                        641
                    ]
                },
                {
                    "text": "Attendance",
                    "box": [
                        510,
                        623,
                        585,
                        641
                    ]
                }
            ]
        },
        {
            "text": "Quality of Hospitality Tent:",
            "box": [
                88,
                661,
                261,
                683
            ],
            "linking": [
                [
                    63,
                    11
                ],
                [
                    63,
                    12
                ],
                [
                    63,
                    13
                ]
            ],
            "label": "header",
            "words": [
                {
                    "text": "Quality",
                    "box": [
                        88,
                        663,
                        134,
                        683
                    ]
                },
                {
                    "text": "of",
                    "box": [
                        138,
                        663,
                        153,
                        680
                    ]
                },
                {
                    "text": "Hospitality",
                    "box": [
                        152,
                        663,
                        225,
                        677
                    ]
                },
                {
                    "text": "Tent:",
                    "box": [
                        226,
                        661,
                        261,
                        678
                    ]
                }
            ]
        },
        {
            "text": "Suggestions/ Recommendations:",
            "box": [
                89,
                747,
                313,
                765
            ],
            "linking": [
                [
                    64,
                    65
                ],
                [
                    64,
                    66
                ]
            ],
            "label": "question",
            "words": [
                {
                    "text": "Suggestions/",
                    "box": [
                        89,
                        750,
                        173,
                        765
                    ]
                },
                {
                    "text": "Recommendations:",
                    "box": [
                        175,
                        747,
                        313,
                        764
                    ]
                }
            ]
        },
        {
            "text": "In the future, please specify where the",
            "box": [
                321,
                742,
                646,
                763
            ],
            "linking": [
                [
                    64,
                    65
                ]
            ],
            "label": "answer",
            "words": [
                {
                    "text": "In",
                    "box": [
                        321,
                        749,
                        341,
                        763
                    ]
                },
                {
                    "text": "the",
                    "box": [
                        348,
                        749,
                        373,
                        763
                    ]
                },
                {
                    "text": "future,",
                    "box": [
                        383,
                        747,
                        440,
                        761
                    ]
                },
                {
                    "text": "please",
                    "box": [
                        446,
                        747,
                        498,
                        758
                    ]
                },
                {
                    "text": "specify",
                    "box": [
                        506,
                        744,
                        565,
                        757
                    ]
                },
                {
                    "text": "where",
                    "box": [
                        568,
                        742,
                        610,
                        756
                    ]
                },
                {
                    "text": "the",
                    "box": [
                        619,
                        742,
                        646,
                        757
                    ]
                }
            ]
        },
        {
            "text": "Newport hospitality area will be located - at the Newport car trans- porter site or in a separate area . Specific directions will be needed.",
            "box": [
                92,
                756,
                652,
                812
            ],
            "linking": [
                [
                    64,
                    66
                ]
            ],
            "label": "answer",
            "words": [
                {
                    "text": "Newport",
                    "box": [
                        92,
                        770,
                        149,
                        783
                    ]
                },
                {
                    "text": "hospitality",
                    "box": [
                        159,
                        767,
                        248,
                        782
                    ]
                },
                {
                    "text": "area",
                    "box": [
                        258,
                        767,
                        290,
                        780
                    ]
                },
                {
                    "text": "will",
                    "box": [
                        299,
                        765,
                        331,
                        778
                    ]
                },
                {
                    "text": "be",
                    "box": [
                        339,
                        764,
                        357,
                        778
                    ]
                },
                {
                    "text": "located",
                    "box": [
                        366,
                        764,
                        423,
                        777
                    ]
                },
                {
                    "text": "-",
                    "box": [
                        429,
                        765,
                        439,
                        773
                    ]
                },
                {
                    "text": "at",
                    "box": [
                        444,
                        763,
                        465,
                        776
                    ]
                },
                {
                    "text": "the",
                    "box": [
                        471,
                        761,
                        496,
                        774
                    ]
                },
                {
                    "text": "Newport",
                    "box": [
                        504,
                        760,
                        561,
                        773
                    ]
                },
                {
                    "text": "car",
                    "box": [
                        568,
                        757,
                        595,
                        770
                    ]
                },
                {
                    "text": "trans-",
                    "box": [
                        603,
                        756,
                        652,
                        770
                    ]
                },
                {
                    "text": "porter",
                    "box": [
                        94,
                        785,
                        143,
                        796
                    ]
                },
                {
                    "text": "site",
                    "box": [
                        151,
                        784,
                        183,
                        795
                    ]
                },
                {
                    "text": "or",
                    "box": [
                        191,
                        784,
                        208,
                        795
                    ]
                },
                {
                    "text": "in",
                    "box": [
                        216,
                        781,
                        233,
                        795
                    ]
                },
                {
                    "text": "a",
                    "box": [
                        242,
                        784,
                        250,
                        795
                    ]
                },
                {
                    "text": "separate",
                    "box": [
                        258,
                        782,
                        325,
                        792
                    ]
                },
                {
                    "text": "area",
                    "box": [
                        334,
                        781,
                        365,
                        792
                    ]
                },
                {
                    "text": ".",
                    "box": [
                        372,
                        781,
                        383,
                        791
                    ]
                },
                {
                    "text": "Specific",
                    "box": [
                        398,
                        778,
                        464,
                        789
                    ]
                },
                {
                    "text": "directions",
                    "box": [
                        472,
                        777,
                        556,
                        788
                    ]
                },
                {
                    "text": "will",
                    "box": [
                        561,
                        774,
                        595,
                        787
                    ]
                },
                {
                    "text": "be",
                    "box": [
                        602,
                        774,
                        620,
                        785
                    ]
                },
                {
                    "text": "needed.",
                    "box": [
                        94,
                        797,
                        150,
                        812
                    ]
                }
            ]
        }
    ]
}